{"type":"FeatureCollection","features":[{"type":"Feature","geometry":{"type":"Polygon","coordinates":[[[84.62047663073038,27.809045452195633],[84.6209582145332,27.80945572960361],[84.62118119525945,27.809919449497322],[84.62175190060515,27.810748825230135],[84.62175637294494,27.810757738013397],[84.62207294983321,27.81101196510603],[84.6226838967944,27.81140880043762],[84.62287117270633,27.811605033587433],[84.62307625710233,27.811917170097306],[84.62331264631283,27.812612807107406],[84.6233081740935,27.812764405889578],[84.62336615319582,27.81292048116665],[84.62337948997833,27.813299448644422],[84.62341518781818,27.813455549799038],[84.62344194121837,27.814066439752718],[84.62349544798161,27.814360735625776],[84.62349544798161,27.814374111460047],[84.62363815906143,27.814681769682092],[84.6238699939364,27.815127716771766],[84.62499816917675,27.81608643141031],[84.62552882797347,27.816536754021005],[84.62584985621038,27.816652746502147],[84.62695124101626,27.81675970763953],[84.62713403116932,27.816777592781683],[84.62828897366072,27.817107499965275],[84.62873934945466,27.817205677736904],[84.63008598406455,27.817655988817023],[84.63085295445578,27.81787005911348],[84.63136575292113,27.817990445930164],[84.63200790240822,27.818070726812756],[84.63239580770242,27.81816878862057],[84.63256524596108,27.81826247960338],[84.63335006918359,27.819033834639438],[84.63371121682806,27.81920780980322],[84.63399219659625,27.81934603943944],[84.63501773319616,27.819716083690324],[84.6352942353127,27.819769603169544],[84.63636438103283,27.819988082016],[84.63683257851545,27.820184299105424],[84.63803211762307,27.820536630880163],[84.6391200965495,27.820964706605828],[84.64149238952066,27.821682551004233],[84.64149686033137,27.8216870042835],[84.64232618972494,27.82197690263101],[84.64303072713177,27.822150770389165],[84.64373533576507,27.82224893168577],[84.64418567085478,27.82221321372443],[84.64502398249125,27.82203039393821],[84.64510868314149,27.821999162033034],[84.64541195994427,27.821896578776137],[84.6462502537536,27.821789634394378],[84.64733823732514,27.821892173704907],[84.64785551925326,27.821874280627828],[84.6480472636284,27.82183862574349],[84.648497644869,27.821856486761526],[84.64876514188079,27.8218921541402],[84.64913976333253,27.82193677787263],[84.64978187464364,27.821963473887187],[84.65010292761697,27.822021450869855],[84.65061571463413,27.822061602468526],[84.65100365445844,27.822025946806047],[84.65171263567889,27.822030428595887],[84.65216298828135,27.821954557419925],[84.65235471832835,27.821923354376786],[84.65293445438624,27.821923370949545],[84.65350516503464,27.822025940416975],[84.65383066712229,27.822079443844398],[84.6540269412787,27.82208390426459],[84.65460211090193,27.822239966128738],[84.65515955541613,27.822378220200317],[84.6554761087059,27.822511985320794],[84.65566782772967,27.822685871756036],[84.65619852373192,27.823394855179597],[84.65632782476956,27.823475108068717],[84.65664437164061,27.823568743008995],[84.65690305123904,27.823573201347553],[84.65748274153613,27.82349740242022],[84.65819172285426,27.82325217197348],[84.65902999041919,27.823051518611774],[84.65986832559534,27.82299799552241],[84.6603186942621,27.822980149141074],[84.6619061698359,27.822779488507333],[84.66210680588415,27.822708131144093],[84.66222715525467,27.822668008309993],[84.66241893161649,27.82264571008157],[84.6629361579791,27.822498636630012],[84.66332409465363,27.822440652598072],[84.66377004701737,27.822485223168425],[84.66402869461356,27.822561004439063],[84.66517914759712,27.82316303757723],[84.66556260021554,27.823412697037377],[84.66591931659137,27.82381398727754],[84.66607094033223,27.823987919995837],[84.6661958301136,27.82409046557073],[84.66639198233507,27.82425550243442],[84.66666849358694,27.824411508349574],[84.66754246789229,27.824893094667626],[84.6678635016883,27.825071501290687],[84.66716788630045,27.82571357267122],[84.6666952269276,27.82605248839391],[84.66666849358694,27.826070362388045],[84.66570081809817,27.82671691679263],[84.66544217801379,27.827002279561825],[84.6645369684701,27.827742538455972],[84.6642961993285,27.827876283848717],[84.6634579286087,27.82850051591182],[84.66338211334737,27.828585245704485],[84.66332409465363,27.828652114499604],[84.66326615570718,27.828772577045886],[84.66320374757568,27.828897414745118],[84.66317254348456,27.828955330501984],[84.66312793197967,27.82926302673378],[84.66312346284668,27.829798135149638],[84.66325721746232,27.830734569752885],[84.66326168658492,27.830774689510008],[84.66360062064034,27.831385544135436],[84.66381018894509,27.831996490114413],[84.6639439419655,27.83257169670624],[84.66395288010376,27.83261181008581],[84.6642427304067,27.83329851908193],[84.6642694648738,27.833334236038397],[84.6645860479031,27.83376231893524],[84.66494277032973,27.8343732241048],[84.66513006866973,27.835064353310393],[84.66529949054612,27.835447791650225],[84.66544217801379,27.83590714864857],[84.66562947472904,27.83675431193863],[84.66576322352304,27.83813216830806],[84.66590590984137,27.838899136862757],[84.66604420670166,27.839340661620923],[84.66607540923644,27.839438697134273],[84.66615568984919,27.839898045764105],[84.66615122095124,27.840174460427775],[84.66615122095122,27.84035733571498],[84.66571422489592,27.84140518960265],[84.66569188023128,27.841503299322124],[84.6648402228339,27.84317988731571],[84.66473320614737,27.843278029229985],[84.6645815788833,27.843545552768795],[84.66440321682731,27.844098521958802],[84.66418471258015,27.844553289394646],[84.66394394196551,27.844954590951282],[84.66374778140323,27.845413961800134],[84.6635694167643,27.846100575442467],[84.66344005217712,27.84640827149741],[84.66330629798618,27.846863090611826],[84.66319034019332,27.847554245296653],[84.6631324011123,27.847759396130563],[84.66294956542062,27.84839259838068],[84.66288268779432,27.848776078862326],[84.66255268786863,27.849293308103434],[84.66236985033626,27.849507367107865],[84.66216474599712,27.849748205478235],[84.6619061698359,27.849997856782913],[84.66142899800134,27.850412572517218],[84.66129076986397,27.850532950571374],[84.66088949138238,27.85087186534235],[84.66011358261773,27.851206300275624],[84.65979250560812,27.851397986128596],[84.65876246124112,27.851661080023504],[84.65796425597237,27.851995530318543],[84.65759863100739,27.852071367390657],[84.65749160086344,27.852120370794832],[84.65742918647442,27.852147114246826],[84.65700114326067,27.852200656320257],[84.65605581336088,27.85217394028773],[84.65545383988535,27.852249732855455],[84.65485632989527,27.85224527555519],[84.65416957685659,27.852236296306835],[84.65395558344802,27.852236316303454],[84.65326881967417,27.85224971049476],[84.65258212753638,27.852361176382672],[84.65181073653672,27.85239242115377],[84.65129796015123,27.852468256095985],[84.65078070911306,27.85261533021384],[84.65029466451693,27.8527491658787],[84.65017868053168,27.852784799727406],[84.64968377033264,27.853007802709698],[84.64946968044282,27.853159377025044],[84.64914415372505,27.853524981986062],[84.64894802259106,27.853904061616504],[84.6488811287102,27.854211734474386],[84.64887665847196,27.854363303980023],[84.64896135346257,27.854671046371443],[84.6490461281542,27.854898462600076],[84.64919324627323,27.855130341282262],[84.64959452639617,27.855536098072072],[84.64967930015665,27.85571002018365],[84.65070040706959,27.85678906430865],[84.65135591113578,27.857408899681086],[84.65156991419782,27.857676436755472],[84.6517171056972,27.857774582245938],[84.6519177772334,27.85797964088182],[84.6520381478912,27.858100017823716],[84.65210056812008,27.858331913701537],[84.65200693775142,27.858867047885894],[84.65187762701775,27.859094469712662],[84.65165915507583,27.859246050137354],[84.65114629751918,27.85950909607994],[84.65053988247038,27.85975434476512],[84.65019656107869,27.85984804599241],[84.64942513815106,27.860146815265676],[84.64873840021805,27.860338485825054],[84.64847976379501,27.86039204208414],[84.64779309442731,27.860463354373156],[84.64710641688096,27.860400934463964],[84.64682989155082,27.860302860261765],[84.6465311724552,27.860244847150366],[84.6460585034021,27.86010663688903],[84.64543870314989,27.860004094351748],[84.64525589113863,27.85993273635584],[84.64484116916522,27.85977224909185],[84.64406975441189,27.859593844262164],[84.64360153583017,27.859549229746015],[84.64329832933969,27.859567082855442],[84.64287026101182,27.859486844752134],[84.6425491677637,27.85952254690696],[84.64237975882044,27.859482372853797],[84.64186689855273,27.859500212408246],[84.64092163978546,27.859455646899413],[84.64032405900062,27.859491326242168],[84.64023488041545,27.85952700735524],[84.63963737235491,27.859602804766066],[84.63903538710468,27.85963402826688],[84.63851818574186,27.859727644033523],[84.63830413423815,27.85983907500144],[84.63813024175683,27.859856938027157],[84.63765758369561,27.86014234830064],[84.63722500236719,27.860521314540026],[84.63716256603463,27.86061945550525],[84.6369441181808,27.860748721410204],[84.63693517585337,27.86076210383202],[84.63655616361244,27.86110997968767],[84.63633763361992,27.86147112177884],[84.6360522738818,27.86223806767482],[84.63589617975144,27.863076440854073],[84.63588731710529,27.863767541458802],[84.63579366041003,27.864703986328873],[84.63581146557351,27.86512314198011],[84.63576691273258,27.865314866145997],[84.63578471790431,27.865488772769375],[84.63574016504273,27.86567603909222],[84.6357356937859,27.86609967709539],[84.63577577539722,27.866634784022086],[84.63604333141618,27.867709411307615],[84.63607902142698,27.868248978951062],[84.63601211261904,27.868592363174752],[84.63597203117187,27.868668098533675],[84.63551716068635,27.868971377709048],[84.63538789281849,27.869105163165234],[84.6349999277878,27.86936824535141],[84.63483496800325,27.869408378023508],[84.63439797400079,27.86951533160687],[84.6342820378906,27.869551036848463],[84.63396544808388,27.869649111825293],[84.63330096314984,27.869760603035925],[84.6332430738694,27.86977395631589],[84.63315388434025,27.869796257110824],[84.63255191129994,27.869943422684205],[84.6324448346578,27.869943455118072],[84.63190529631089,27.870148579575446],[84.6314727517151,27.870358123951696],[84.63106256197777,27.8706435061905],[84.63065676112564,27.87083081867466],[84.63013501298161,27.871401585721824],[84.6297872581182,27.87185635530965],[84.62954642367178,27.872297804108655],[84.62922541598438,27.872694684070794],[84.62894002108402,27.873229782158365],[84.62889538308592,27.873381375530556],[84.62891327023063,27.873537448555325],[84.62899799453274,27.873689076098486],[84.62904255259838,27.873742600024546],[84.62965789756562,27.874478320995618],[84.62976050765734,27.87478601948047],[84.62966684102055,27.875000068535435],[84.62965789756562,27.875017906302222],[84.62965342583765,27.875026825184584],[84.62959545304702,27.87622630979396],[84.6295821176999,27.876458186589385],[84.62959545304702,27.8766098013761],[84.62953756005064,27.87698881418669],[84.62934128239777,27.877519428296957],[84.62899799453274,27.877947519667],[84.62799471027387,27.878768031424705],[84.62701816032684,27.87942350014359],[84.62664802689146,27.87956171968399],[84.62655882717375,27.87963749787331],[84.62625561098864,27.879717791176553],[84.62605940203733,27.87973119940108],[84.6256090852,27.879753445888603],[84.62514974083989,27.87988721112724],[84.62499816917675,27.879963058308498],[84.62469494479807,27.880114659700375],[84.6239190281311,27.880252865756525],[84.62306292024981,27.880306384100752],[84.62280872084922,27.880279646787873],[84.62246539415278,27.8803108586373],[84.62203733102673,27.88030195752015],[84.62182777060858,27.880275172614958],[84.62135505893207,27.880208284635312],[84.62084672384735,27.880025463745163],[84.62044987595696,27.87977130061669],[84.62011548017684,27.87949478625066],[84.61991030540489,27.87920502733041],[84.6194599406318,27.878433545567532],[84.6189382510696,27.877943018395545],[84.6180107469587,27.877506038705235],[84.6177566051991,27.8774213531875],[84.61712787508827,27.876930839315328],[84.61682013668083,27.876525028354227],[84.61663731389233,27.87611926769012],[84.61639211160357,27.875713483251186],[84.61631184157295,27.87548161921611],[84.6162984232883,27.875200745601006],[84.61621815312755,27.875044651591445],[84.61627166658043,27.875000025537688],[84.61636088218204,27.874928710273608],[84.61626280092226,27.87464329028585],[84.61619139638253,27.87343940400547],[84.61611559884955,27.873131672568803],[84.61591048974765,27.87285964233729],[84.615741082499,27.8727392973451],[84.61523717087395,27.872462847349063],[84.61472438896185,27.872337949752932],[84.61455497823704,27.872257717488903],[84.61369881149146,27.872164098367676],[84.61319048893613,27.87205701929621],[84.61276235710659,27.87193220413637],[84.61199985924709,27.87164682340586],[84.61174569105931,27.871588868182616],[84.61131762840877,27.87153982300475],[84.61072453394233,27.871392614296962],[84.61029646373218,27.871343565724167],[84.60952506666325,27.87134807466364],[84.60849053011682,27.871437253578392],[84.60803576273273,27.8715442264916],[84.60788861959547,27.87156210976442],[84.6076477737503,27.871633389012604],[84.6073624320348,27.87183406076725],[84.60712605747041,27.87196336681025],[84.60705919500708,27.872021375179113],[84.60678719099927,27.8724717181352],[84.60669356700376,27.87269912178188],[84.60644384901866,27.873073758636075],[84.6062967018317,27.87368015339541],[84.6062788875703,27.874295514819217],[84.60618078920749,27.874750318196764],[84.60590430750311,27.87500008795152],[84.60581068207865,27.875089229858187],[84.60556982758132,27.875231904355175],[84.60540039003557,27.875267633372488],[84.60496788666678,27.875445970624263],[84.60462453388806,27.875535169179287],[84.60384419361036,27.87587847217902],[84.60350083416279,27.875967667152704],[84.60264466353834,27.8760613505583],[84.6021318498543,27.87604792079536],[84.60195800825944,27.87600779322894],[84.6012757388651,27.875954314685725],[84.6010216034432,27.875985481572243],[84.59967493072462,27.875931980755844],[84.59913980017691,27.875923105450173],[84.59879649271002,27.875990005182818],[84.59854234640133,27.875985511055518],[84.59819895549502,27.876070233854367],[84.59787345930252,27.876270912467803],[84.59761036052701,27.876382393579572],[84.59689687984563,27.876841650057496],[84.5967230225263,27.876895200638096],[84.59657137633154,27.877006668255778],[84.59639751803466,27.877077956930464],[84.59611212083809,27.877296509559155],[84.59555027095806,27.877608632761987],[84.59519799341572,27.877925204502674],[84.594912590306,27.878259632497464],[84.59403863440771,27.878982053990875],[84.59388258658814,27.87919157417612],[84.59331624053348,27.879517145075933],[84.59288820133138,27.879606294399107],[84.59212120661486,27.87950818354916],[84.59169755333936,27.87936547632043],[84.59136315112102,27.879169301856834],[84.59119367198349,27.879106869246137],[84.59092167331167,27.87889281247482],[84.5904579781538,27.878576231389],[84.58995408601356,27.878335446552125],[84.58980689690176,27.87821505384281],[84.58955279104026,27.878099121891264],[84.58913359383993,27.877858351309584],[84.58843798828467,27.877425807071447],[84.58760412960667,27.876641008449646],[84.58729199887247,27.876444803797565],[84.58722958850602,27.87636454192979],[84.58706009727402,27.876266448247154],[84.58655625548823,27.87585619980551],[84.58605232940837,27.87559757057267],[84.58588291464513,27.875552961462347],[84.58562879157147,27.875414736476305],[84.58495096476484,27.875169525316934],[84.58443367896359,27.87500004019034],[84.58434009872785,27.874968829710493],[84.58401012929528,27.87493762708077],[84.58402347515282,27.874919787450622],[84.5837916403881,27.874759256305296],[84.58349731039338,27.87454519913102],[84.58333228355441,27.874478295891873],[84.58309597069605,27.87438025258319],[84.58269023277659,27.87416173825049],[84.58227106584091,27.87382735036062],[84.58166904251507,27.87320304335542],[84.58019756345745,27.872213133977223],[84.57952870425747,27.871455069206192],[84.57930572283524,27.871102779480978],[84.57910064310695,27.870696993640284],[84.57902479699095,27.870353681339317],[84.57906052220233,27.869894403924274],[84.57894903069801,27.869314716930777],[84.57896237772094,27.86885990782211],[84.57915858659554,27.868057217750017],[84.57917640920176,27.86748642904672],[84.57927902894441,27.86679532334707],[84.57944398740239,27.866340479847953],[84.57951975304844,27.865943646202215],[84.57953317986147,27.86485110217551],[84.5794528587015,27.86456126828186],[84.57931467407731,27.864271482941355],[84.57914971525138,27.864021742478524],[84.57887766003824,27.863745248896787],[84.57869040155133,27.863549099823857],[84.57848084396147,27.86337070699629],[84.5783336257051,27.863272580965244],[84.57824890710363,27.863214613557307],[84.57750873300019,27.862777663062552],[84.57681754364067,27.862269353186214],[84.57645636035426,27.862086524613723],[84.5762467946898,27.86190812742204],[84.57574741472187,27.861346271327935],[84.57558236581957,27.86120358324913],[84.57524347459122,27.861025191460104],[84.57490458138243,27.8608691740273],[84.57422686895242,27.860641737845235],[84.57337514128662,27.86027606935444],[84.57320568947094,27.86019587416774],[84.57312543947607,27.860120071377413],[84.57269733105356,27.85997730598897],[84.57160042867999,27.85941551123371],[84.57057928289167,27.85904985964378],[84.57030279108841,27.858987387328234],[84.56958042105767,27.858702013311724],[84.56847458677025,27.858470125514078],[84.5682159908484,27.858461215172458],[84.56752924721256,27.858354183296537],[84.56685144861481,27.85816691235824],[84.56642337383288,27.858117909793478],[84.56599089918467,27.858126855611896],[84.56530860591775,27.858037638532554],[84.56445251037773,27.857979650889405],[84.56410915727868,27.85799307479835],[84.56316822347546,27.85789492709308],[84.56162096577563,27.857881594506537],[84.56145595663075,27.857779006348704],[84.56138904145143,27.85774330168874],[84.56121963457738,27.857698751811288],[84.56114384502771,27.857707626946606],[84.56104575017888,27.857716605248463],[84.56093870108788,27.857729955925752],[84.56082277765246,27.857520362878585],[84.56069342281475,27.857288489827017],[84.5605329680513,27.856940663304286],[84.56014050358476,27.85635656662311],[84.55982390778573,27.85548706611366],[84.55956975046458,27.85461752181127],[84.55947165295622,27.85438562638802],[84.55940921264659,27.854287515818374],[84.55936907812274,27.85421167790086],[84.55932894357115,27.854131471775066],[84.55913274757508,27.85345809557217],[84.55910156722126,27.853052320817902],[84.55901234334704,27.852530598949723],[84.55902129772053,27.852245234596893],[84.55905247811747,27.85184396116157],[84.5592041425273,27.851018982963662],[84.55923084565599,27.850871869732533],[84.55958318189535,27.84995769833455],[84.55958757908928,27.849841800050456],[84.559645542069,27.849592057316848],[84.55965897348226,27.849538561623127],[84.55970798212452,27.84936468832956],[84.5598195106097,27.849141746122076],[84.56008701820353,27.848111631069827],[84.56036795581413,27.847309012742283],[84.5603813071124,27.846907739357487],[84.56028321097517,27.845868758017907],[84.56029656229292,27.845409444408173],[84.56022524863201,27.8448342022097],[84.55992200469895,27.84350542224041],[84.55976594498405,27.843041668723163],[84.55971693639073,27.842577934313407],[84.55950291306041,27.841824382553124],[84.55944047278439,27.84170843568357],[84.5594226441145,27.841534511236034],[84.5593467722698,27.841324960607146],[84.55919518818202,27.840629312774656],[84.55915057633396,27.84057130257202],[84.5590659096679,27.83988015624086],[84.55907926126555,27.839416459774704],[84.5590436036985,27.83913101405057],[84.55903025209265,27.83893934343473],[84.5589008932614,27.838225838694267],[84.5587403535942,27.83776207423961],[84.55855758727742,27.837472266151437],[84.55849954326118,27.83729836076337],[84.55815175765113,27.83665622966474],[84.55780396995817,27.836188037209656],[84.55767908568524,27.835951678068138],[84.55732681784465,27.835581555919852],[84.5570102067048,27.835363061932295],[84.55635922958996,27.8349840370776],[84.55618972808766,27.83492164532586],[84.55551195699553,27.834560462862672],[84.55515527848112,27.8343598233012],[84.55424114486445,27.833936195096598],[84.55348307387983,27.833476890516867],[84.5532021829207,27.83333423828074],[84.55297918027834,27.833218293287523],[84.55251550155275,27.832861512027616],[84.55209627650865,27.83262523525429],[84.55158349532005,27.832495915613926],[84.55141405984246,27.8324914719754],[84.55132938189854,27.832433484521584],[84.5508209917993,27.832228374032645],[84.55030819935575,27.83208567588727],[84.54946099843292,27.83176013794717],[84.5486048291808,27.831639746590184],[84.54826594036061,27.83155952639603],[84.54783788849083,27.83152830478858],[84.54706198146457,27.83160408985531],[84.54663392072771,27.831612984361698],[84.54637530750144,27.831666537249777],[84.54602744930631,27.83180920453261],[84.54524711983312,27.8320410943589],[84.54464071391243,27.832277429854123],[84.54396288807092,27.8326430736311],[84.54347690542954,27.833030989715684],[84.54325834386849,27.833160292193938],[84.54304433987541,27.833231644981286],[84.54278123224235,27.833303021883424],[84.54264304027916,27.833334213417537],[84.54254491418922,27.833352007283622],[84.54222382399249,27.833405582825492],[84.54192064604224,27.833454604102315],[84.54166649037268,27.833463566958777],[84.54159955239822,27.833463511493438],[84.54131868397612,27.833476947353798],[84.54114921857433,27.833378788254038],[84.54103325565049,27.833334182238396],[84.54085491221974,27.833258406876066],[84.54064089938088,27.83315581467958],[84.54036442497728,27.833133581924034],[84.54008794925929,27.83310680168415],[84.53987393359792,27.833062247873546],[84.53944581993575,27.832995335524867],[84.53829094502225,27.832981933562053],[84.53781827146032,27.832977448331285],[84.53756409786213,27.832937368044547],[84.53653403558802,27.832968552888197],[84.53584731727207,27.832915042826226],[84.53567791590991,27.832932869593332],[84.53439371277022,27.83280805504386],[84.5338808554147,27.832870439155236],[84.5329311135592,27.833062216021574],[84.53284192949127,27.83311575021753],[84.53213741054276,27.83333423951794],[84.5319768769325,27.833383259132827],[84.53120539757533,27.83342337478725],[84.53086208797296,27.833472478420283],[84.53027344967109,27.833481391499905],[84.530260091456,27.833481398285436],[84.53025561205385,27.833481399492793],[84.5300059648282,27.833436759286606],[84.52957337908359,27.833427857060368],[84.52914534960274,27.83333417051344],[84.52898032823899,27.83329858075761],[84.52795027399044,27.833276208460862],[84.52778084963883,27.833231616980708],[84.527183300893,27.833182571467788],[84.52599274472685,27.83283029831801],[84.52539965740412,27.83262522525132],[84.52489136060196,27.83240228672371],[84.52465944971183,27.832299676050834],[84.52410650770577,27.83209458147464],[84.52330836441958,27.83162194650897],[84.52328156479096,27.831599577929026],[84.52299620798054,27.831345427181994],[84.52291148865831,27.83122501452821],[84.52287132893652,27.83079254416153],[84.5228624489943,27.830707763817347],[84.52278220945502,27.83046253408365],[84.52249237019826,27.829610869713893],[84.52247893019774,27.82932103110971],[84.52243885017775,27.829205058961204],[84.52247005019568,27.829044567485173],[84.52248789019843,27.8289375747699],[84.52247893019774,27.82855849003364],[84.52241653015464,27.82833999704253],[84.52234517002343,27.828094759136164],[84.52234077001246,27.827519532975],[84.52230508991137,27.827287653391696],[84.52231396993857,27.82693093643875],[84.52232292996466,27.826658920076195],[84.52242101015996,27.82631562937377],[84.5224343701738,27.826114932873573],[84.52245669019005,27.825856282624393],[84.52258149012332,27.825285539670706],[84.52263501001275,27.824826272245726],[84.52260381008318,27.823791706796946],[84.52267964988292,27.82275718199556],[84.52264836997749,27.821664737998443],[84.52258597011594,27.821548769544545],[84.52251461019233,27.821147495709152],[84.52233629000098,27.82068376668132],[84.52191268735739,27.81969828649088],[84.52147124132411,27.818766303389925],[84.52104315227788,27.81806621405944],[84.52082018632014,27.81760249245191],[84.52036977168136,27.816964817726582],[84.52027168803177,27.81669282879989],[84.52016912403884,27.816536749190476],[84.51953597539146,27.816099756875495],[84.51924163973088,27.815921460032474],[84.51886265737647,27.81579660575433],[84.51868872629173,27.815792124869805],[84.51818037091725,27.815689517405357],[84.51758288367026,27.815613781305192],[84.51741342915518,27.815555801381375],[84.516494861897,27.815413042499507],[84.51638781078572,27.81539524872261],[84.5148494693977,27.815261446572197],[84.51356072618347,27.815283745202308],[84.5129587908469,27.81546209861322],[84.51287853766652,27.815497790849935],[84.51286517546126,27.815502254072886],[84.51017626937154,27.816661603851585],[84.50956541711504,27.817009434081605],[84.50921757894473,27.817290394631975],[84.50897680361969,27.817415204544922],[84.50855766493902,27.817771971552943],[84.50790214456562,27.818177754602953],[84.50779067656194,27.818222279022738],[84.50651538101332,27.818757432216447],[84.50581974622898,27.819082882643663],[84.50538273962037,27.819359396545263],[84.50524453889982,27.819417389617733],[84.5051197018354,27.819470831147456],[84.5048610641952,27.819519940393103],[84.50473622630992,27.819524344831105],[84.50451767934304,27.81952886173543],[84.50405393453129,27.819658179351325],[84.50400047760155,27.81967156974589],[84.50396478627088,27.819675947516018],[84.5032290278311,27.81972946322651],[84.50193146471705,27.819983637701313],[84.50073190940715,27.820090661822576],[84.50062042769906,27.820108520877053],[84.5000006719506,27.82041172002433],[84.49975537682519,27.820500934578288],[84.49967958722554,27.82052770051226],[84.49929167418512,27.820639151429223],[84.49903301070394,27.820656953728314],[84.4989438547705,27.820661433707624],[84.49859603328254,27.820670341546123],[84.49858266780434,27.820670345145377],[84.49858266780434,27.820665887328058],[84.49858706960887,27.820478655581553],[84.49863612969878,27.819872201355206],[84.4985558568059,27.819408425956325],[84.49837306149124,27.818797565593805],[84.4981590525887,27.81848984578843],[84.49788253655802,27.818240178102297],[84.49784243962397,27.818164315777828],[84.49769525722863,27.818048443725388],[84.49737423985181,27.8178744833316],[84.49714237953117,27.8176426376455],[84.4968034312191,27.817103039937663],[84.49649129289776,27.816260298607165],[84.4964333470359,27.815957084963546],[84.4964333470359,27.81580551560931],[84.49652250680501,27.815653836081683],[84.4966518442531,27.815520069992548],[84.49686585868304,27.815390829666402],[84.49794056101464,27.81538184577832],[84.49845781648285,27.81521241023871],[84.49858706960887,27.81510092804014],[84.49869855520215,27.814851255987303],[84.49874313337331,27.814623799485055],[84.498792193332,27.813861296096004],[84.49901516352172,27.813254866206275],[84.49901964532583,27.812871388518353],[84.49895722016596,27.812643956241406],[84.49861828239516,27.81237200925522],[84.49838642701745,27.812233778551285],[84.49799850537993,27.8120776637482],[84.49761946495312,27.811787803492354],[84.49749461157077,27.811444475557316],[84.49749909349168,27.81098520805073],[84.4975481544963,27.810606173329216],[84.49746339818344,27.810396574262885],[84.49720920854101,27.810142434899422],[84.49714678144436,27.80991499902579],[84.49723602015817,27.80968761845779],[84.49736527599048,27.80955384310278],[84.49842212176107,27.809219410706202],[84.49859603328254,27.8090499603894],[84.498792193332,27.808653049601084],[84.49902852890085,27.808501503915117],[84.49948335012779,27.808296315084615],[84.49965285676247,27.80827853087688],[84.49991143746477,27.808358797894954],[84.5000006719506,27.808443481261627],[84.50038409857827,27.80845238477388],[84.50081666097235,27.808960765266235],[84.50102625850708,27.809139124212592],[84.50128043152137,27.809201559442513],[84.50145433452316,27.809148015497865],[84.50167281293929,27.808983094928703],[84.501851196358,27.808791348258023],[84.50196707726371,27.808394451999902],[84.50206967328783,27.807859359554783],[84.50221236309002,27.80740004146049],[84.50227030321292,27.80694529167125],[84.50235953409076,27.806793601909092],[84.5024932601104,27.80667773944142],[84.50260025671083,27.806646501454797],[84.50281432934996,27.806628699308245],[84.50296590030612,27.806691069575365],[84.50327808401758,27.80690961200532],[84.50387115644318,27.807136987876763],[84.50429921158221,27.80718608128326],[84.50480752798097,27.807315396756778],[84.50506616585858,27.807342069664863],[84.50584207260944,27.80711028016903],[84.50653322590091,27.806989876095585],[84.50679185612515,27.806980879909652],[84.50739385514089,27.806860499884134],[84.50825887275317,27.806633122293647],[84.5088608566229,27.80657069129838],[84.5091194765229,27.806459240349767],[84.50953421018657,27.806205075924016],[84.50971256956032,27.805995479898947],[84.51006480571567,27.80571903960638],[84.51032342027493,27.805607496076494],[84.51036806957836,27.805589650365775],[84.51050185725059,27.80551836295199],[84.51273139321327,27.80533997192211],[84.51316386402519,27.805255286419747],[84.51351167864776,27.805152710446666],[84.51377035792632,27.805023418068256],[84.51394422368146,27.804987687030675],[84.5153132083533,27.805023384041597],[84.51583046975979,27.804902994159384],[84.51652606509869,27.804590825803555],[84.51676688924704,27.80442586641045],[84.51701659323481,27.80406464645325],[84.51729749894098,27.803155037646057],[84.51752487875716,27.802851779792856],[84.51779242093723,27.802397011253465],[84.51797083504555,27.802174024395786],[84.51819373190375,27.802004604492506],[84.51838998604096,27.80179944295638],[84.51863968307232,27.801420468790518],[84.51883145542618,27.800733710357857],[84.51893394176946,27.80019865643817],[84.51890273985734,27.799739362772318],[84.51872440860811,27.799275581051766],[84.51859952040512,27.799115037337845],[84.51858615951168,27.79896345629228],[84.5182829384117,27.798263423301023],[84.51824725582492,27.7981117603966],[84.51827405776994,27.797955705103206],[84.51851927499311,27.797576723181738],[84.51871992831848,27.797411677340897],[84.51904546846744,27.79721100225372],[84.51939324798315,27.797099573684207],[84.51965190115125,27.797032679188668],[84.51999527685832,27.796983582734807],[84.52053033729933,27.796979165725716],[84.52068194219756,27.7969033960475],[84.52083802682824,27.796733907168914],[84.52090938880609,27.796448532496534],[84.52090042856256,27.796065012404902],[84.52059721950887,27.795521022133258],[84.52051249669697,27.795463097025607],[84.5203742518441,27.795150967756694],[84.52027616820207,27.79476302667638],[84.52019144492319,27.794071806592957],[84.52020032527265,27.79383995538143],[84.52041441328772,27.793157702693293],[84.52055265804526,27.79285000084898],[84.52068642233628,27.79262264349691],[84.52108323325837,27.792190074286868],[84.52154700259737,27.79180215177103],[84.52168076460484,27.79166833390468],[84.52238981011575,27.790941531824938],[84.52325036520779,27.790138941527477],[84.52411098758108,27.78939421740192],[84.5243562602285,27.789113296368146],[84.52471296769153,27.788587091237243],[84.52518118791845,27.78810550929841],[84.52552005125953,27.78749913782254],[84.5256627636534,27.78704427751976],[84.52571628071091,27.786736597146366],[84.52600610392123,27.785826955160026],[84.52601058365039,27.785599554813064],[84.52592138897806,27.785135790979364],[84.52562260582907,27.784440176628106],[84.52540413717995,27.783820323969163],[84.52533278070977,27.78336109545929],[84.52512767036912,27.782513829529837],[84.52506527316427,27.782455894791653],[84.52473080700716,27.781528334707296],[84.52464161037433,27.780993307469487],[84.52424474369953,27.780061311452236],[84.52393259227989,27.779691186925245],[84.52378547574364,27.77959316022593],[84.5235134811687,27.779472717371682],[84.52287580890686,27.77930330374277],[84.52223372964359,27.779227439946016],[84.52204196849087,27.779165011931465],[84.52159604336903,27.779098150483975],[84.52121259623472,27.778977754383448],[84.52083802682824,27.778696829636576],[84.52069530261029,27.778482773096968],[84.52057049863532,27.778308931408485],[84.52001311761911,27.77777829440476],[84.51986591117837,27.777680170514312],[84.5197856675108,27.777524142687902],[84.51965638136923,27.776832969807376],[84.51966526180027,27.776605555971948],[84.51945125103599,27.775834065578447],[84.5191480344388,27.775285650457043],[84.51874224975812,27.774683680141788],[84.51835878383748,27.77390779565159],[84.51801091814,27.77336821964977],[84.51783258416084,27.772975810735577],[84.51775673805001,27.772672624748765],[84.51761408628927,27.772360462860828],[84.51741790954532,27.77174064526858],[84.51721277133004,27.770893412916628],[84.51723509334714,27.770130893946046],[84.5173375824987,27.769520033760884],[84.51745799302019,27.769136495101968],[84.5177835402207,27.768382933953067],[84.51814028793937,27.767852314032556],[84.51827405776994,27.767745323667334],[84.51871104774334,27.76754464509876],[84.51897410420611,27.767303819013172],[84.5191480344388,27.767210188185317],[84.51963406027984,27.766799988749757],[84.5198079885421,27.766710815807738],[84.5203832121686,27.766171254161883],[84.52094946987862,27.765801141923454],[84.52138651978353,27.765564779343055],[84.52181012625404,27.76513675878228],[84.52205092855878,27.76494944555542],[84.52259933009192,27.7645035221],[84.52336636357361,27.764066503068683],[84.52365171857026,27.763843576964195],[84.52389251326035,27.763714229343744],[84.52424474369953,27.763415548947826],[84.52428938233577,27.763339720381897],[84.5245078551675,27.763192543588776],[84.52486904151884,27.762666341344794],[84.52534614005558,27.761761209230162],[84.52554684985793,27.76145796227742],[84.5257118009591,27.76107891917555],[84.52599722445704,27.760169325545657],[84.52603730202789,27.75948255121909],[84.52616217428228,27.759023255309675],[84.52616665399944,27.75887172175741],[84.52592138897806,27.7577925661205],[84.52561820606574,27.75709695238009],[84.5253774185119,27.75594206251403],[84.52525694436535,27.75570567642465],[84.52521686625737,27.755554074957097],[84.52523470541863,27.75493873958695],[84.52531046179588,27.75463553946776],[84.52568948219051,27.75410938679161],[84.52632720363492,27.753627786081346],[84.52698267672591,27.753297793927832],[84.52729033216346,27.753003477845628],[84.52742856059825,27.752793893318707],[84.52745087870018,27.752642345119455],[84.5274240809782,27.75225883078217],[84.52737056549051,27.75187533116015],[84.52733048883749,27.75179508110426],[84.5273348884714,27.751643449020754],[84.52770949608163,27.75057775517756],[84.52784324393333,27.750354789522024],[84.52806618300076,27.750091728535967],[84.52808402128896,27.750033743379113],[84.52804394512708,27.750002549198392],[84.52792355649088,27.74919987044224],[84.52784772352113,27.748968005450916],[84.52783436474935,27.748776246179315],[84.52773621367943,27.748486415412273],[84.52765598085632,27.74834820821899],[84.52709858766276,27.747835367799112],[84.52679093121189,27.747483123108395],[84.5264029585907,27.746899010893006],[84.5260685801129,27.746198918136425],[84.5256627636534,27.745592511041636],[84.52520350688191,27.745195652049397],[84.52483336296682,27.744838880577117],[84.52446329669604,27.744406383577115],[84.52431610150308,27.744308252467867],[84.52386571390056,27.743719698813923],[84.52329052466817,27.7430730516293],[84.5232726849113,27.742957194454586],[84.52311212685349,27.74266283681513],[84.52274652962437,27.7421946513922],[84.52252357018754,27.741784368675503],[84.52238981011575,27.74137859005273],[84.52230060989713,27.740914898014875],[84.52231844995178,27.740455612042428],[84.52237197008296,27.740228221167403],[84.52253693017784,27.739831296738764],[84.52261717005507,27.739487932746826],[84.52264396998943,27.73880127384862],[84.52261717005507,27.73839552210249],[84.52254141017389,27.738163645978087],[84.5224745301969,27.737646327514373],[84.52235853005463,27.737356487148464],[84.52205532859163,27.736888345595695],[84.52173876537981,27.736246181852618],[84.52143108060918,27.735813628781404],[84.52085586733091,27.735126988541875],[84.52073546383254,27.734890668172465],[84.52052585714858,27.73431543022053],[84.52045897485709,27.73385162177796],[84.52046793516854,27.73356626661009],[84.52040993312805,27.733387892756305],[84.5203832121686,27.733044573709346],[84.52012904242935,27.732402452542125],[84.52011120170408,27.732286499726875],[84.51995063493074,27.732014513765662],[84.52031184954609,27.732139396366044],[84.52082018632014,27.732348944666526],[84.52184132660881,27.73258972060743],[84.52311212685349,27.73302669047862],[84.52472632717954,27.73347711818121],[84.5249805568522,27.73352167626599],[84.52592586871374,27.733548468434016],[84.52618449286967,27.733517198417832],[84.52670173773507,27.73353502704174],[84.52729929142382,27.733606421737356],[84.52806618300076,27.733802598223686],[84.52908287671298,27.734159375767746],[84.52925237726572,27.734199513087756],[84.52938164210302,27.734244039431786],[84.52961353418267,27.73432436968174],[84.5303804752597,27.734502695342815],[84.53140160786216,27.73468551059627],[84.53285080791133,27.735051198866575],[84.53344837845769,27.735126939236267],[84.5340413837723,27.73527858573329],[84.53506701115008,27.735443533122048],[84.53669903553151,27.735505966519657],[84.53782275028028,27.73538556716038],[84.53816609879145,27.735394541550612],[84.53936112455615,27.73554614836888],[84.53961976898299,27.735537243835726],[84.54073455008852,27.735621900066675],[84.54098870983135,27.735670975917653],[84.54130972687426,27.735720007038452],[84.54166649037268,27.735751266093292],[84.54190729050136,27.735773499934133],[84.54250924647408,27.7357557125118],[84.54378903198628,27.735813654942127],[84.5441323452722,27.73578247232527],[84.54472987989021,27.735800271164415],[84.54511333202073,27.735773519533264],[84.54537195086156,27.735782443569974],[84.54609886036538,27.735746808675135],[84.54618802410656,27.735711155614126],[84.54625487683087,27.735639746961844],[84.54630397674926,27.73552384173947],[84.5463218094455,27.735024385039694],[84.54623256594218,27.73456513901392],[84.54597395093022,27.73402108906999],[84.54579114444843,27.733325518824305],[84.54559050447662,27.732933071921778],[84.54526047460682,27.732656584241553],[84.54509110066284,27.73255402842583],[84.5447745028125,27.73245147955583],[84.54439992510433,27.732228543515454],[84.5439896781757,27.7317960014497],[84.54378903198628,27.73140363882096],[84.54378007526499,27.731100438560773],[84.54355711643666,27.730346810745825],[84.54355263805832,27.72980730337002],[84.5436329289319,27.729504043531147],[84.54364628407642,27.72912054139488],[84.54355711643666,27.728656823835525],[84.54340549114961,27.728193056545535],[84.54337878074689,27.72773375643698],[84.54342780312331,27.727582161897878],[84.54356159481466,27.727452813672258],[84.54384253237313,27.72738598860987],[84.54410115686733,27.727372611655667],[84.54460944581069,27.72750188196863],[84.54509110066284,27.72778728380539],[84.54538986381226,27.728072717035587],[84.54601409470881,27.728674693204933],[84.54624600045683,27.72883519404856],[84.54691932155802,27.729089320867104],[84.54750347327287,27.72939257012089],[84.54812768147069,27.72992763006446],[84.54847552709629,27.730342369212135],[84.54897498179504,27.731180633225684],[84.54922910551285,27.731818353342632],[84.54931826445195,27.732282062373763],[84.54943421084977,27.733606390452824],[84.54967945670973,27.73441796745598],[84.54971512002541,27.73464986997892],[84.54972855373505,27.735341006894455],[84.54988456045713,27.73574676618285],[84.55006743402609,27.736041096193745],[84.55035729584986,27.736201634108347],[84.5507808513409,27.73634878173972],[84.55112420329034,27.73637993565166],[84.55146315540215,27.736469165016175],[84.55248871537776,27.736460216608673],[84.55334042973668,27.736580644740297],[84.5538531954182,27.736558323451742],[84.5544507100477,27.73661631014986],[84.55470041225298,27.736678745120415],[84.55530239564105,27.736696584080043],[84.55606492029735,27.736852653801318],[84.55691658222142,27.736950757590154],[84.55717075115507,27.73703102568298],[84.55759881421822,27.737080028686297],[84.55819189301636,27.737213826154285],[84.55920853974995,27.73750812469124],[84.55946277860133,27.73753040966342],[84.56005583836215,27.737659738451516],[84.56089409057944,27.738159150176322],[84.56131325212291,27.738324112998566],[84.5636007991003,27.738917184558947],[84.56410915727868,27.739122298184398],[84.56542012364332,27.73949686448309],[84.56602207583825,27.73947460512423],[84.56671323396503,27.739323015871484],[84.56682027240676,27.739327477518202],[84.56678901624292,27.73955487893768],[84.56675784000134,27.7397822831876],[84.56678901624292,27.740125595556545],[84.56686487836079,27.740357460800215],[84.56706104822477,27.74076325580098],[84.56707439798359,27.741048689627835],[84.56711452718022,27.74168180964342],[84.56722604143555,27.74202523360039],[84.56727952023896,27.742372983894132],[84.56718143575914,27.7432291272967],[84.56705217503008,27.74373750121356],[84.56704769846289,27.744424168436172],[84.56722604143555,27.7448299703792],[84.56765411029635,27.745356164052648],[84.56789488265451,27.745744072156718],[84.56793948778251,27.745766424911],[84.56810000200953,27.745980459624885],[84.5683898537667,27.746328186714067],[84.56894725077348,27.746841065255538],[84.56934413208424,27.74709967982417],[84.57000855248359,27.747612463670734],[84.57103858090451,27.748633543629364],[84.57135071922937,27.748829783320115],[84.5722826479632,27.749636857837405],[84.57251452875366,27.749792934923544],[84.57254130568974,27.7500025284525],[84.57253682954605,27.75009172964901],[84.5725100526079,27.75028343813109],[84.57254578183307,27.750510864388502],[84.57253235340204,27.750912174402778],[84.57247887944045,27.751197564522762],[84.57231390116758,27.751647974046413],[84.57230494884477,27.752053738176453],[84.57225147467354,27.752334666456097],[84.57218009577025,27.752504110754845],[84.5721756195987,27.752731476457875],[84.57199281565458,27.75307486120036],[84.5716093011791,27.75357869851934],[84.57151122401886,27.75391763856276],[84.57147109786312,27.754488348301685],[84.57151570024169,27.755179577355676],[84.57147109786312,27.755790424083145],[84.571444320433,27.755959916471316],[84.57143097167963,27.75636121713807],[84.57165390345139,27.756878447555994],[84.57174758409803,27.757284205588817],[84.57190361159688,27.758376701915655],[84.57200176802556,27.7587245668959],[84.57212214530823,27.758956368516408],[84.57222022143554,27.759874978024836],[84.5721756195987,27.760561713035056],[84.57222022143554,27.761248371278043],[84.57227377556708,27.761533744241284],[84.5725234810441,27.76234536239328],[84.57255017804493,27.762862562103784],[84.5725234810441,27.763032051388684],[84.57258143110515,27.76331741547354],[84.57265720571831,27.763607223235095],[84.57287573659052,27.76407101448185],[84.5729515108192,27.764360821051874],[84.57296046304221,27.764762174892073],[84.57303623716021,27.765163468996843],[84.57315221613013,27.765511306082633],[84.57318338893569,27.76591263580084],[84.57328146326859,27.76620242096783],[84.57356241693904,27.76678209999217],[84.57393257032302,27.76730827747944],[84.57424469307458,27.767562470965167],[84.57445874197006,27.767589224945127],[84.57463258617872,27.76755357704297],[84.5748912334254,27.76744650782613],[84.57515435546055,27.767223576940612],[84.57560914133927,27.76647443284691],[84.5757697142712,27.766251498521353],[84.5758544364951,27.766175702657144],[84.57610860242418,27.765725337380925],[84.57627804575797,27.765118869994417],[84.57645636035426,27.764209228446],[84.57659463171665,27.76390603632348],[84.57672842692912,27.76375438377289],[84.57721445102618,27.76336641936836],[84.5774596594668,27.763089974549608],[84.57796358033715,27.762737758302524],[84.5786547560346,27.76252816961643],[84.57926112644788,27.76241221246318],[84.57960894539096,27.76228738914742],[84.58003700278813,27.76226060404984],[84.58046513694464,27.76232747321688],[84.58089318801937,27.76234082204756],[84.58141042550375,27.762296291759746],[84.58183854951605,27.76230964048803],[84.58236025394994,27.76217144991888],[84.58253415438435,27.76210011442577],[84.58288195368776,27.761877079290716],[84.58333228355441,27.761712101395617],[84.58340364872939,27.7616809078199],[84.58366225684662,27.76165417775145],[84.58409036422483,27.761663058871434],[84.5843489692776,27.7616095692485],[84.58443815418885,27.761614035329174],[84.58468788719301,27.761752232406533],[84.58525415778746,27.76222496355642],[84.58567777827584,27.762425609075283],[84.58593198104732,27.762528122576505],[84.5861013956671,27.762532600054218],[84.58644030333255,27.762617282688343],[84.58677920901559,27.76281800504423],[84.58692632590912,27.762875929380357],[84.58716270305786,27.76294286978704],[84.58724740863032,27.76294287792715],[84.58851821708272,27.763451137125745],[84.58962406864599,27.763705344581844],[84.58996303561091,27.763830247215523],[84.59089937959185,27.764066499963747],[84.5911535594512,27.764186930887455],[84.59140773819502,27.764249385745924],[84.59250913989291,27.76473538821958],[84.59284801006963,27.764837981800227],[84.59386468860345,27.765248153807388],[84.59556361415693,27.765765467619527],[84.59666949098553,27.766037459536104],[84.59734726055568,27.766282674538598],[84.59743642545368,27.76628713180405],[84.59828364492596,27.76661271063226],[84.59904168970998,27.766956036641545],[84.59955005672019,27.767236915695264],[84.59977751415815,27.76741533470151],[84.59990230777844,27.767549080880876],[84.60006289328312,27.7678791068755],[84.60072280714691,27.768811012651614],[84.60115534224823,27.76933715049017],[84.60132031830534,27.76951553959115],[84.60146747814925,27.769613675393593],[84.6017172176142,27.769867789676635],[84.60183761306206,27.7700417653503],[84.60225671828786,27.770451960823433],[84.60296573899328,27.771062888736598],[84.60319757689285,27.771223364914945],[84.60344730889082,27.77134377728906],[84.60396011091632,27.77150877263149],[84.60446396104233,27.771767424720856],[84.60480292100951,27.771985940522537],[84.60521761102339,27.772342617018587],[84.60534247279745,27.772574468526162],[84.60540039003557,27.772690441397835],[84.60591317474963,27.772739481029856],[84.60616736857162,27.77280190973443],[84.60676042988975,27.773047168765544],[84.60701461998858,27.77322554339126],[84.60769234828085,27.77349309131836],[84.60931993417921,27.773497557621358],[84.61000218858683,27.773609008954505],[84.61043473419132,27.77346636184306],[84.61056853111461,27.77333697738348],[84.61213365254886,27.77261911918376],[84.6123343019829,27.77244960887811],[84.61275788407075,27.77191005841931],[84.61286939036121,27.771816461194057],[84.61319488206347,27.77159793029225],[84.6133956076893,27.771415130419676],[84.61356949478507,27.771339298252126],[84.61368091963581,27.77119218150856],[84.61392174035372,27.771067308290824],[84.61429634836536,27.770710561304266],[84.61438548714236,27.77058130751059],[84.61450585622256,27.770202279381444],[84.614737727739,27.769676044912114],[84.6150900460617,27.76928364058951],[84.61518365646332,27.76913654175386],[84.6152773465855,27.768757543056044],[84.61546017367563,27.7684765522188],[84.61596847627315,27.76803517055543],[84.61618700348292,27.767905856121452],[84.61638316609324,27.767718498974933],[84.61647238152274,27.767682897887596],[84.616815743829,27.7676159618331],[84.61698514792785,27.767620401711156],[84.61732403450533,27.767763164290695],[84.6177521325497,27.76785230675109],[84.6180107469587,27.76781668349759],[84.61822926644668,27.767691824708155],[84.61836743806494,27.767370739397535],[84.61859042878905,27.767071945490866],[84.61907202831236,27.76670184662859],[84.61927712619419,27.766425367663786],[84.619428712868,27.76631396180136],[84.61951792359605,27.76616677497696],[84.61975871999445,27.766015126395384],[84.62015557263186,27.765685168577996],[84.6204721582915,27.7652348007772],[84.62086453362035,27.764904843492598],[84.62113655126461,27.76454809235998],[84.62162260191705,27.76402642687079],[84.62169399974601,27.763879258509682],[84.6222201367311,27.763415516240666],[84.62246092186787,27.763286158196166],[84.62263925396074,27.763121195204246],[84.62286222819897,27.762746656013213],[84.62310301065949,27.762599456556792],[84.62347316681308,27.76249696808181],[84.62371394672712,27.762331927610635],[84.62385218508992,27.7620109164227],[84.62418216695013,27.761658629882263],[84.62440952750768,27.761377733740463],[84.62456565269717,27.76109674985326],[84.62485546145703,27.76076234649559],[84.62494466380554,27.760610690016065],[84.62499816917675,27.760383346725654],[84.62499816917675,27.76028968834464],[84.6251899096597,27.76008456369538],[84.62542621036219,27.7599329907908],[84.62596580925431,27.759821453145932],[84.62656329914141,27.75984372584123],[84.62673722647139,27.759883918092086],[84.62690668133685,27.759848206913112],[84.62705824799127,27.75975016561883],[84.62718761436795,27.759522727703136],[84.62745065844015,27.758836010010263],[84.62780289924804,27.75807353647968],[84.62804374096672,27.757311022713225],[84.62828450182671,27.756873994587668],[84.62843614471878,27.756798163413308],[84.62867243213867,27.756798221231332],[84.62884188132537,27.756762506170855],[84.6291852499715,27.756820500238383],[84.62941714243222,27.756994416771974],[84.62959106116656,27.757034516048755],[84.62976050765734,27.757034569216266],[84.62986750942643,27.75694086162605],[84.62987198113784,27.756731324173213],[84.62968464807403,27.756191805429754],[84.62966236929327,27.75596437182454],[84.62937250480297,27.754813862894476],[84.6292744456322,27.75404694297192],[84.62918972173574,27.753815035879565],[84.62904255259838,27.753511845079103],[84.62853420531322,27.752949977571767],[84.62827555815765,27.75271810913332],[84.62825775066962,27.752526347370402],[84.62830238916065,27.75222318250336],[84.62834694776309,27.75207156956492],[84.62847623139885,27.751839656214838],[84.62843614471878,27.751536418575025],[84.62826669434142,27.75124663305426],[84.62816408159502,27.75090323874584],[84.62812399469824,27.75071150390963],[84.62810618716348,27.750403864761726],[84.62838703450507,27.75002483751486],[84.62839150633114,27.750002531430415],[84.62840492180726,27.749904391826586],[84.62844948033057,27.749730565055042],[84.62883740953417,27.749257826985794],[84.6291852499715,27.748972468112115],[84.629336890498,27.74876291375227],[84.62946617191724,27.74864696042459],[84.62989425983773,27.74836604489113],[84.63024209390812,27.74806284004717],[84.63069692611481,27.747474217411174],[84.63101792562068,27.747184420586184],[84.63140591741704,27.746903460737983],[84.63172691298067,27.746711697838393],[84.63217734180549,27.74654671110171],[84.63232889462446,27.746448653539918],[84.63252508227178,27.746412983664065],[84.63271687760968,27.74631933799527],[84.63387625967097,27.746038432709074],[84.63406797067296,27.746020517593447],[84.63445594196855,27.74590903719926],[84.63488399288681,27.745717304081584],[84.6350356184439,27.745663848723954],[84.63518716375799,27.745565697567475],[84.63613251648015,27.74469619767421],[84.63677908411127,27.74421906048945],[84.636997612432,27.743991648283917],[84.6371046007856,27.743822188341525],[84.63732312787354,27.74336292383048],[84.63747474702188,27.742618280233117],[84.63773782406163,27.742163410692257],[84.63788944212025,27.741820111395608],[84.63804105978049,27.74158823296203],[84.63829966317999,27.74102194255743],[84.63867419293952,27.7398179121433],[84.6388080043042,27.73901528980772],[84.63889718509505,27.738787861605967],[84.63924049392529,27.738217161973406],[84.6393743039765,27.737967459793776],[84.63948128792308,27.73781583329984],[84.63976223959632,27.737606252920738],[84.64008326852048,27.737476904622714],[84.64087701105365,27.737347624261623],[84.64106877863347,27.737347630101134],[84.64138980028672,27.737289646950998],[84.64216125088598,27.737294117145193],[84.64261159826671,27.737240592028243],[84.64338303252447,27.73730304207906],[84.6438333703652,27.737307499940947],[84.64434621314675,27.737231671106127],[84.64447554077447,27.73719598494374],[84.64479654346619,27.736986422194253],[84.64531384819708,27.736527150689344],[84.6455323441871,27.736264025287262],[84.6458132663863,27.736036585241415],[84.64613426163133,27.735885005050264],[84.64639290857646,27.73584931278761],[84.64767710540885,27.735853826723012],[84.6492779407987,27.73624621928119],[84.64979520532232,27.7362863370058],[84.65030799507703,27.736402289277127],[84.65062904511997,27.73652270937775],[84.65101251478194,27.736504848108037],[84.65144060248362,27.73652715709789],[84.65165468505302,27.736620789599208],[84.65229676834811,27.736910599993646],[84.652702576627,27.737142498279255],[84.6530860324929,27.73745016686885],[84.65336252781216,27.73762408522195],[84.65366129132673,27.73776228442728],[84.65387528582819,27.73779801127276],[84.65490086798962,27.73780685387133],[84.6554181618646,27.73786488401683],[84.65560988108118,27.737922855770083],[84.6560602830423,27.737985264311625],[84.65676481223991,27.738194849787966],[84.6571482410728,27.73818143115766],[84.65843251751859,27.738283984466953],[84.65946256778584,27.738176989297],[84.66036330794327,27.738007554377557],[84.66062189103191,27.737931776708184],[84.66120162371257,27.737592872233247],[84.66158957207229,27.737401099330917],[84.6619775178186,27.737155886091994],[84.66242786999146,27.736776843990544],[84.66307438216695,27.73637555046294],[84.66331076710499,27.73613029785029],[84.66363182449948,27.735862697873344],[84.66376110885072,27.73582707981974],[84.66440768586097,27.73550598287744],[84.66524602255606,27.73520278523293],[84.66563394366753,27.734957555826455],[84.66636077997187,27.73467655790171],[84.66666849358694,27.734422440902783],[84.66677103782614,27.734337704191407],[84.66707420062139,27.73399437369689],[84.66737744162005,27.733575211442734],[84.66756920082707,27.73342360169663],[84.66821573506837,27.7330624199289],[84.66879547108763,27.7328171454225],[84.66995484581115,27.732478251266134],[84.67021346561903,27.73232661824807],[84.6708154444041,27.731871814923704],[84.67249207852434,27.730926463220893],[84.67313863725332,27.730721381244745],[84.67352211663585,27.730663395153677],[84.67410179919806,27.73064559513041],[84.67481073545176,27.73055638444585],[84.67551527458691,27.73056085831843],[84.67635360906255,27.730507297348595],[84.67680400832982,27.730431528330516],[84.67665241286745,27.730699074413437],[84.67654533835801,27.730926485379506],[84.67633134831642,27.731666718833385],[84.67617081536885,27.732224053505316],[84.67597461668986,27.732683395271202],[84.67569368199534,27.73321397857831],[84.67547514082266,27.73349937925726],[84.67474387160647,27.734261938718653],[84.67422667155249,27.734640964136542],[84.67390112516615,27.734810373975833],[84.67347751315197,27.735207263135372],[84.6731920979115,27.735474742582365],[84.67295575355152,27.735858300948365],[84.67282202147145,27.73616149127689],[84.67275962370003,27.736183807065782],[84.67269267767823,27.736277409202934],[84.67251880916001,27.73658066255176],[84.67243406901255,27.736812487872122],[84.67230033571994,27.737343172304254],[84.67231812960675,27.73780241666398],[84.67236273398942,27.73795400971389],[84.67261687457977,27.738417781901294],[84.67291122942096,27.73885481673975],[84.67344631463017,27.739443391958392],[84.67395466490674,27.740005243778356],[84.67433813885012,27.740370845985023],[84.67450753362124,27.740602703191634],[84.6749133449725,27.74102634630925],[84.67510507906852,27.741333998697485],[84.67535920754516,27.741583738538687],[84.675506418033,27.74179333069408],[84.67582301904162,27.742096586686955],[84.67625108189864,27.742364064568914],[84.67644281153585,27.74242209773126],[84.67669693410258,27.742631599404522],[84.67684414116691,27.742939322581538],[84.67709826196052,27.743318325776794],[84.67714286263704,27.74347437432399],[84.67743719432029,27.743987220474146],[84.67747732671558,27.744143275356407],[84.67757985169368,27.744598085225327],[84.67757985169368,27.744825484760458],[84.67753971936995,27.744959277687627],[84.67733905733117,27.74566383561578],[84.67737472176854,27.746350520704947],[84.67773152449732,27.747059522030675],[84.6780079812614,27.747385045169832],[84.67841368813248,27.747630243418612],[84.67911826291993,27.74784435675625],[84.6793947130179,27.747960233080466],[84.67952404174166,27.74807171241974],[84.67981836123856,27.748455189191805],[84.68017953683318,27.749066127138878],[84.68045598182916,27.749315814963417],[84.68068790738498,27.749449606155814],[84.68075476432024,27.749498649189967],[84.68109367513041,27.749757244222955],[84.68126312978639,27.749984715991594],[84.68129432406835,27.750002505553105],[84.68136564801516,27.750038159797988],[84.68144590729473,27.750350347905787],[84.68146377813297,27.750698145178653],[84.68154850497801,27.750925576939107],[84.6816554903921,27.751139588879024],[84.68165102269795,27.75132238424434],[84.68165102269795,27.751482959495004],[84.68171349060421,27.751714799739048],[84.68164655500347,27.752111706505712],[84.68165995808589,27.75280286874237],[84.68178481403108,27.753320067317475],[84.68203899277235,27.75395328844215],[84.68224857370778,27.754354642367804],[84.68248041225378,27.75470243279637],[84.68280152225385,27.755050256569422],[84.68290850533631,27.75522412045039],[84.6829887624621,27.755567522185615],[84.68313595342052,27.755968798472242],[84.68319387236099,27.756543991911393],[84.68330532227925,27.75700330650735],[84.6834034490864,27.757409120792175],[84.68365315313291,27.758037873821625],[84.68351936614766,27.75884049660127],[84.68340791664437,27.759241747910973],[84.68297535968945,27.759870552559807],[84.68275692596606,27.760075639889788],[84.68240908968986,27.76045916625816],[84.6821058481366,27.76076233388347],[84.68163323169819,27.761083354080203],[84.68072803751177,27.76149365635176],[84.67982282907509,27.762006444850435],[84.67956417268068,27.762117921989134],[84.67801683743015,27.7625816931571],[84.67769139227941,27.762599525580658],[84.67724993603416,27.762666334515973],[84.67724099996094,27.762670808288295],[84.67711166610309,27.76264853615259],[84.67640267841874,27.762719875444358],[84.67576054473663,27.762947296321634],[84.675243274034,27.763205914421413],[84.67511401547355,27.76324608482703],[84.67490440853628,27.763384323249845],[84.67465913473623,27.763549289399474],[84.67388325197788,27.76398180878648],[84.67317430429496,27.76426275457334],[84.67265701033803,27.7645347388464],[84.6720729245743,27.76484688015153],[84.67123460751411,27.765239247038533],[84.6709090441983,27.76544883891894],[84.67075743320204,27.765676268711506],[84.67075296466136,27.76603744782957],[84.67094024409586,27.76667065620066],[84.67106959182834,27.76690255466861],[84.67125687023238,27.767192340960037],[84.67143074256381,27.767366275941356],[84.67165815624747,27.767673927885653],[84.67168496706464,27.767709657361017],[84.67240286992495,27.76898042912224],[84.67261240618349,27.769265804124046],[84.67301376253734,27.770014982235068],[84.67352211663585,27.770710558209515],[84.67386992687408,27.771455262840796],[84.67392338685272,27.77157568335842],[84.67447186740613,27.772387234472145],[84.6745788659851,27.77255216990238],[84.6747082055379,27.772770679445234],[84.67491781319006,27.773131867224926],[84.67513180849016,27.773591161253425],[84.67514968129053,27.77381858708528],[84.6752344174382,27.774108433203576],[84.6753993413903,27.774509734321953],[84.67559115365518,27.774857568627358],[84.67607714434655,27.775548694528077],[84.67622874132506,27.775838520097444],[84.67637594958764,27.77603924803948],[84.67639821031649,27.776065970189364],[84.6767326787252,27.776815132874443],[84.67692440675711,27.777104981611917],[84.67711166610309,27.77768017270118],[84.67708493760144,27.778081505757676],[84.67695560339264,27.778366866986897],[84.67658547137559,27.778821722223928],[84.67643387533725,27.778995624827587],[84.6757873536421,27.77956187345793],[84.67520314007996,27.779865158861437],[84.67481520367731,27.780110338450946],[84.67468594415502,27.780146042569204],[84.67449420866201,27.780181753299757],[84.6739903314425,27.780204037503804],[84.67339724275219,27.780230739015547],[84.67307616003313,27.78032444538942],[84.6726258113713,27.780395787598916],[84.67210859227656,27.780565166928536],[84.67184990119186,27.780600885400546],[84.6714620219729,27.78059640329795],[84.67062369601273,27.780703477720106],[84.66966047584664,27.780694517714814],[84.6693394520736,27.780770288982893],[84.66869285065671,27.7808015107971],[84.6680463217747,27.780930844512334],[84.66753353031133,27.78096649689788],[84.66736411500972,27.780988785275564],[84.66716788630045,27.781020030904696],[84.66693598603621,27.781011104241244],[84.66666402472877,27.780997780823984],[84.66663282251305,27.78099327951837],[84.66596839484593,27.7810111365644],[84.66577216137888,27.7809710258463],[84.66551799056248,27.780970961322137],[84.66538871015626,27.781006655193288],[84.66506766255851,27.781006690452994],[84.66467965782762,27.780944209020717],[84.66410003996634,27.781055675024596],[84.663707639432,27.78106910272484],[84.66365409015843,27.781073551154613],[84.66364076268617,27.781069113337818],[84.6633330328881,27.780997768433505],[84.66307438216695,27.7809754070896],[84.6626240350503,27.780988829265848],[84.66153155157247,27.780944238916643],[84.66107672309822,27.7809664917258],[84.66037216682756,27.780997759361423],[84.65934660225332,27.78089070986494],[84.65870451770533,27.780756963779172],[84.65812483970291,27.780676728099984],[84.65742024732366,27.780458152552722],[84.65716611945737,27.780306626201618],[84.65652401060461,27.780034532283537],[84.6560602830423,27.77988740652272],[84.65523977142941,27.7796243013586],[84.65511493770468,27.779548577631243],[84.65479383283383,27.779450475644104],[84.65434350079086,27.77937013087738],[84.65376824876735,27.779330006353728],[84.65299240372528,27.779321114887672],[84.65254644773752,27.779321116998037],[84.65215851829761,27.779240854815704],[84.65183747677413,27.77923640032507],[84.65170816566025,27.779294378140552],[84.65147181293008,27.779526250610193],[84.65132023057781,27.779753635294615],[84.65103486514151,27.780534014759596],[84.65082078026987,27.781577401191445],[84.65076282874728,27.781853884736886],[84.65074055810531,27.782139237566568],[84.65067366630463,27.78230870317444],[84.65058897382988,27.782424680488134],[84.65045518979906,27.78276798102255],[84.65027678400037,27.783454722709767],[84.65021436179632,27.783628640414925],[84.65012519850528,27.78374007347445],[84.64999588354983,27.7838560206324],[84.64975952379821,27.783985314496537],[84.64907286967417,27.78403888512486],[84.6475299834207,27.784029939204864],[84.64707959462065,27.78397195518612],[84.64624578331137,27.783677694944547],[84.6457329574233,27.783561728656068],[84.64361486793784,27.783142532978605],[84.64354804770252,27.783120238463706],[84.64336075903176,27.783048958640823],[84.64310209848644,27.78300881065338],[84.64233513121677,27.78279033658835],[84.64021260570703,27.782701097269715],[84.64003871897799,27.782776958687258],[84.63999856048993,27.782834894068174],[84.63999408956309,27.783311971590003],[84.64007440651747,27.783771279980137],[84.64030625522963,27.784346508799064],[84.64042665012995,27.784529365378596],[84.64057826112244,27.78475231554435],[84.64099740476276,27.78584476351843],[84.64096618864612,27.787106718258535],[84.64083246212411,27.78761954288143],[84.6406362228816,27.788136725257704],[84.64050241575738,27.78882345661596],[84.64027950964406,27.78945215554253],[84.63997628569027,27.790138924836214],[84.63975329770567,27.790999496170738],[84.63973102281132,27.791316133077324],[84.63972655186375,27.7913428939212],[84.63973102281132,27.791374103335716],[84.63977565242972,27.791668357138168],[84.63978898542172,27.791744145152066],[84.63978898542172,27.791828870717385],[84.63978451447863,27.791971571655058],[84.63973996470543,27.79248881260812],[84.63960615550232,27.793059586080243],[84.63956160559137,27.793117615198323],[84.63946795485995,27.79374630488923],[84.63940104998174,27.793938046723056],[84.63931186996975,27.794281430029116],[84.6393564999124,27.794339343154835],[84.63946348389199,27.794397350986536],[84.63961062645923,27.794379501791227],[84.64002530620576,27.793942498323936],[84.6403285299019,27.793732968101295],[84.64067191005144,27.793585814266454],[84.64135858438243,27.793376224996134],[84.64204533037423,27.793309329420858],[84.64211662311324,27.793291485891874],[84.64247340482466,27.793211198361814],[84.64290586696555,27.793180034696096],[84.64435954508227,27.793130928479986],[84.64522020680506,27.79315323744783],[84.64590243634638,27.793273613697316],[84.64684330274062,27.79364371207418],[84.6469502728333,27.79377752104223],[84.64705285217606,27.793893501622154],[84.64711527780351,27.793982601739696],[84.64718217373333,27.794085163057563],[84.64726687121332,27.794276972410813],[84.64732929660904,27.794334946954333],[84.64747202858979,27.794910172078524],[84.64749877083993,27.795204442633814],[84.6475299834207,27.795654778712922],[84.64773066953377,27.79703265950139],[84.64773066953377,27.797318045117756],[84.64739619229053,27.79840607726038],[84.64737392034792,27.798749460040465],[84.64745861754623,27.798981307674122],[84.64771278822191,27.799266704309606],[84.64787779100983,27.799556501900803],[84.64774847101287,27.799841879538032],[84.64766377424037,27.799953382715238],[84.64755225530303,27.800033616442466],[84.6473828610571,27.800029209152896],[84.64719111447225,27.79997123130315],[84.64706179293503,27.799971226453906],[84.64686557488822,27.800087157703192],[84.64589349540763,27.800880834132435],[84.64534059144822,27.80122866360109],[84.64498829801418,27.80144717742309],[84.64434174255689,27.80196001938299],[84.64382450893832,27.802281038134776],[84.64278547723984,27.803021255577825],[84.64226822966394,27.80332442897445],[84.64207654590686,27.80347610790079],[84.6418178796022,27.803605396512626],[84.64136305520353,27.803966539056308],[84.64130062334912,27.803984366497087],[84.64064963551176,27.80453731719225],[84.64019480190166,27.804983261450833],[84.64008773944042,27.805085774349052],[84.64000303141643,27.805125925016046],[84.63948128792308,27.80558077854897],[84.63916025564906,27.805808148642342],[84.63891946031136,27.806035592364253],[84.6385761495708,27.806147058317904],[84.63825503241979,27.806356675519076],[84.63722053122542,27.80682929032381],[84.63683257851545,27.80694080526673],[84.63664087669714,27.806936322035888],[84.6362573913068,27.80666882693552],[84.63617267765912,27.806628625645313],[84.63604333141618,27.806628697626024],[84.6358516269759,27.806762437910088],[84.63574016504273,27.807007636907144],[84.63563309431537,27.807101315587552],[84.63554390847956,27.807123632123822],[84.63513813913195,27.80711914568515],[84.63481708269335,27.80704338895356],[84.63456293503438,27.80690512528283],[84.63446927618982,27.806807057228973],[84.63443358518347,27.806771340906693],[84.63392528536889,27.806423558822935],[84.63379593408891,27.80640124505502],[84.63359975076102,27.806459186309713],[84.63327868576465,27.80647706165672],[84.63302005986428,27.806552824743555],[84.63269899164341,27.80670000506578],[84.63228881061936,27.80700763636693],[84.63215498413781,27.80727078026401],[84.63204798660837,27.807386663373457],[84.6318963532027,27.807462469764566],[84.63157535858126,27.807533849167708],[84.63080839778729,27.80730194483003],[84.63035795828124,27.80723953068876],[84.63003695510588,27.807163765222583],[84.6296490339616,27.80714149527854],[84.62939486354823,27.807177115868942],[84.62906930339189,27.80727078471268],[84.62836028339548,27.8077256307029],[84.62740609914611,27.80852373583595],[84.62720989410357,27.808804693084173],[84.62679959422474,27.80913022109359],[84.62670600264127,27.80914362103912],[84.62609509822094,27.809237263229114],[84.62547524323578,27.80915247273663],[84.62538612156492,27.8091391144498],[84.62499369708792,27.80913912804077],[84.62436049372938,27.809081191067012],[84.62385218508992,27.808898351890562],[84.62367824907189,27.808929585814138],[84.62299152411265,27.808951872551837],[84.6227329319959,27.808947357589314],[84.62213540248571,27.808853788630383],[84.62136400367278,27.808853783796767],[84.62101619599395,27.808884947140616],[84.62067285864504,27.808969698837565],[84.62047663073038,27.809045452195633]]]},"id":"0000000000000000018c","properties":{"DISTRICT":"CHITAWAN","GaPa_NaPa":"Ichchhyakamana","Province":"Bagmati","STATE_CODE":3,"Type_GN":"Gaunpalika"}},{"type":"Feature","geometry":{"type":"Polygon","coordinates":[[[84.16270086154117,27.56391981759553],[84.16272315687029,27.56384400421181],[84.16291938760433,27.563656703419188],[84.16399848418955,27.56319291211722],[84.16434184000592,27.56309932400403],[84.16503297243916,27.56284066797534],[84.16572409690554,27.562546399275373],[84.16615661909918,27.562301170404073],[84.16658921865567,27.562176243176857],[84.16666503392157,27.56214059947351],[84.16693255963513,27.562024638364257],[84.1677931569689,27.56177047851635],[84.1681186242079,27.561583226731045],[84.16820787789717,27.561525209247737],[84.16838171698258,27.561320091293968],[84.168560142964,27.561034755875408],[84.16889453934708,27.560276709979806],[84.16905059035405,27.559817388875626],[84.16918434803664,27.559594435228572],[84.16944743613338,27.559344769855134],[84.16953218099786,27.559309051435385],[84.16959905933909,27.559197618633164],[84.16970609672147,27.559139629958608],[84.17003606038149,27.55884091181532],[84.17029471842915,27.558707077078232],[84.17066483732171,27.558426191427134],[84.1708342430103,27.558354838102797],[84.1711597742125,27.558149727189235],[84.17150759570849,27.55796241587843],[84.1716815056994,27.557904458173756],[84.17191778426752,27.557735054673717],[84.17312620259446,27.557257925635064],[84.17355875184622,27.55716866594],[84.17424543245836,27.557101820300193],[84.17450407233598,27.557048296547993],[84.17467354764278,27.55704833773221],[84.17493218567213,27.55699481303571],[84.1762164268535,27.556936805561453],[84.17655971267683,27.556976958232955],[84.17750064050193,27.557204358284107],[84.17792865195393,27.55722663189702],[84.17894978367339,27.557436225032365],[84.18271333653846,27.557904480385826],[84.18297193984876,27.557966871365576],[84.18322611668717,27.558087266162843],[84.18373446712646,27.55824335857183],[84.18381919178,27.55830133917233],[84.1848403035051,27.55869821928185],[84.18501417478497,27.55873832516924],[84.18543778779728,27.55893897607553],[84.18756481886714,27.559750525942373],[84.18773425721078,27.559790621927004],[84.18799283882952,27.55991101345232],[84.18901404025767,27.560249945765722],[84.18960705799968,27.560521913294014],[84.19045872127894,27.560972278267673],[84.19147545587802,27.561444965583853],[84.19181430993835,27.561659017042647],[84.19266151714044,27.56229668887638],[84.19314758388354,27.56278274296108],[84.19344186070396,27.562996715207568],[84.19388335366672,27.56338469923415],[84.19401263132819,27.563536276482374],[84.1943694104813,27.563808275120152],[84.19557777790827,27.56458861065791],[84.19600139657895,27.564802704835618],[84.19670149507002,27.565288743573177],[84.19697347183207,27.565520608295504],[84.1973747981932,27.565792581273357],[84.19792332950632,27.566274168246817],[84.19856098379435,27.566666563264285],[84.19904700259166,27.567032198251304],[84.19913170556269,27.567130328031286],[84.19949287832796,27.56734439633038],[84.19983176740402,27.5675004183828],[84.20025543637632,27.567696651980846],[84.20093762800747,27.56793301744929],[84.2024671214518,27.568659823641173],[84.20323406543547,27.568896138544282],[84.20434436732225,27.56912354428105],[84.20494189810053,27.569284076980324],[84.20605224868886,27.5696764844499],[84.2082683840393,27.570278489353473],[84.20833529952831,27.570296267061735],[84.20869199320818,27.570416686244442],[84.20954370636863,27.570791253478983],[84.2100074385701,27.571098894907013],[84.2106986068001,27.57192834547499],[84.2113541395829,27.572565951543297],[84.21180893082706,27.57326160134911],[84.21187133869223,27.57348900093058],[84.21216568418748,27.57368517335],[84.21242432099908,27.573725380074446],[84.21276321716572,27.5739215298652],[84.21301292466738,27.574171264024436],[84.21316001436249,27.574385316854205],[84.21335181749396,27.574559195245286],[84.21373083797124,27.57481341231788],[84.2140697267238,27.57492932893489],[84.21432835528945,27.574951594143638],[84.21492586662882,27.57494270094139],[84.21526917158347,27.57488914748907],[84.21561697793999,27.574795531604803],[84.21587559980411,27.574688480360145],[84.21664703579344,27.57452349318696],[84.21716434989314,27.574358561519553],[84.21897029019947,27.573961673982897],[84.21940274922846,27.57377437711269],[84.21981301148035,27.573511280759874],[84.2200538442406,27.573248196130645],[84.22031686949391,27.572869211236625],[84.22038377148289,27.572717596650275],[84.22057997399885,27.572512450060774],[84.2209144013089,27.571749996470864],[84.22116857767686,27.57083588024331],[84.22128002575242,27.570537072700436],[84.22134250412799,27.5704791582642],[84.22207824841792,27.570220458919827],[84.22251076533578,27.57003323755146],[84.2227649349047,27.569979709583684],[84.22319744684552,27.569832556876822],[84.22363003605801,27.569743415847736],[84.22440587454216,27.569449060621167],[84.22483395231366,27.569319745587997],[84.22613159454457,27.568762331885942],[84.22662655492373,27.568463626886114],[84.22701891825814,27.568178245636883],[84.22736231446034,27.568013279328273],[84.2277100503467,27.567732291409023],[84.22792858020863,27.567598557630333],[84.22838340598172,27.56720616408587],[84.22884273066437,27.566885085157644],[84.22959631135313,27.566510516140564],[84.22974786249145,27.56642130297465],[84.2299886551526,27.56624743286683],[84.23014028569176,27.566024438528995],[84.23047023755824,27.56549387560026],[84.23060401869157,27.565114846188933],[84.23072887545209,27.56412488973698],[84.23104547822287,27.56305915769115],[84.23107225029477,27.56275146117889],[84.23103213238075,27.562599857932543],[84.23076014989914,27.56227433514036],[84.22999315744352,27.562033610323546],[84.22967212716968,27.561859652422577],[84.22944467943093,27.56160996142307],[84.22936444138611,27.561204203428705],[84.2291592630491,27.560669117110677],[84.22859743098076,27.559746083646804],[84.22845472093336,27.55943840774583],[84.22837448155674,27.559135195523755],[84.22832101537914,27.558519818426845],[84.22839675241659,27.557837590666264],[84.22850826739118,27.557703783178386],[84.22887392570097,27.55742289064062],[84.22969881945967,27.556936827716214],[84.23028299170599,27.556620270093212],[84.2318347267201,27.555951350981058],[84.23261061928216,27.55569270519175],[84.23329734531856,27.555509886353242],[84.23441215286667,27.555371656858902],[84.23535297408326,27.55538062421021],[84.23680666359624,27.555625829139633],[84.23740419101055,27.555808720283004],[84.2375736487914,27.5559023105859],[84.23772075833381,27.5560405846489],[84.23799278944914,27.556388331200644],[84.23805074863684,27.556673754364898],[84.23805074863684,27.55684315829299],[84.23795709749415,27.557186568915697],[84.23769398924738,27.557699330094028],[84.23760483926023,27.55781523977671],[84.23739076620372,27.55796239393609],[84.23727934822905,27.558096213891506],[84.23723473274791,27.558207718668807],[84.23725257894438,27.558381608414084],[84.23735957562285,27.558497514362188],[84.2375691470729,27.558631321608814],[84.23818901443258,27.55879183849138],[84.23912535482162,27.559224371533094],[84.2403561280899,27.559982356891876],[84.24085997333603,27.560562100860526],[84.24133262582029,27.561881968498188],[84.24145746011074,27.56211383217004],[84.24168936342673,27.56230558786068],[84.24198814359546,27.562385867142233],[84.24267034064053,27.56245272911584],[84.24335711153564,27.562573149508665],[84.24420873181697,27.562791598080313],[84.24549301165706,27.56300124130847],[84.24625996542015,27.563331223225802],[84.24694219391972,27.56353185447917],[84.2472810547465,27.56368794732813],[84.24787413692776,27.564156125661576],[84.24810601526382,27.564272095000504],[84.24836015609799,27.56432998856103],[84.24922078689492,27.564343411680913],[84.2494794237903,27.564307685532402],[84.2500011146192,27.564330039191844],[84.25030877423784,27.564285447692818],[84.25056740640728,27.56423195811528],[84.25067445954332,27.564254230016967],[84.2510935884002,27.5645128770435],[84.25134779685229,27.56461093135457],[84.25245366733753,27.564825014642548],[84.25305119854565,27.564816037275733],[84.25339002460616,27.564896339498667],[84.25355951727946,27.564900748247002],[84.25407233214403,27.564798214052733],[84.25433094796293,27.564784880155024],[84.25467426716484,27.56467338374139],[84.2549328803683,27.564659959292175],[84.25514247035639,27.564642190611984],[84.2556597719341,27.564517343598443],[84.2558336781192,27.564445977938313],[84.25600308347077,27.5644326187904],[84.25634647338947,27.56432112053447],[84.25677448248226,27.56423194475963],[84.25763957219746,27.563906428320948],[84.25815235190595,27.56379941313506],[84.25875432601877,27.56362101276814],[84.2602125069205,27.563357958888645],[84.2604666764244,27.563362369361887],[84.26089023628016,27.56342927851423],[84.26114890282496,27.563375769225512],[84.26192473500087,27.563081440180955],[84.26244205796887,27.56282732608446],[84.26295479628449,27.56276045358795],[84.26373068525838,27.56258205549334],[84.26417664006087,27.5625508054603],[84.26443521196252,27.56249728534627],[84.26546081050788,27.562479468794493],[84.2658844151497,27.562541901934797],[84.26682088245597,27.562599929512526],[84.2671642099323,27.562568638039906],[84.2676769878821,27.56257761519192],[84.26886756055767,27.562733650807576],[84.26903700913728,27.562813904638684],[84.26928672195321,27.56306811688782],[84.26937148587847,27.563103737841807],[84.26971479862587,27.563130544203204],[84.27031231716033,27.562992249193968],[84.27065570481729,27.562862950012796],[84.27134239383774,27.562889692380885],[84.27219851449232,27.562751497962232],[84.27322413979819,27.562711400220582],[84.2734827526909,27.56265786426438],[84.27374136445819,27.562568714946615],[84.27400005543869,27.56242155243668],[84.27425866495476,27.562368014658098],[84.27468670581862,27.5622030027012],[84.27537342860077,27.56213618626126],[84.27554285863276,27.562140564912678],[84.27573012284287,27.562314548020936],[84.27589963219383,27.56237694555905],[84.27624290723219,27.562359106335048],[84.2769296120283,27.56220302584239],[84.27701436505312,27.562220880167438],[84.27727296144988,27.562185186990714],[84.27761189053072,27.56224758493635],[84.27786606598906,27.562350144461202],[84.27812024035988,27.562394776570734],[84.27896742685355,27.562805003913727],[84.27926176228759,27.562889753598537],[84.27938659734508,27.563005649604527],[84.28006442945433,27.563304392578164],[84.28108108278508,27.563607680075602],[84.28184805973218,27.56371469655243],[84.28189264177001,27.563736967290332],[84.28227612624119,27.563701307475924],[84.28278893445001,27.563710230263812],[84.2833017382304,27.56366113481957],[84.28373421216178,27.563438171182398],[84.28414893113997,27.56302793172545],[84.28423367386353,27.56301016818569],[84.2843629966493,27.562969957274145],[84.28451456902168,27.56295663321955],[84.28459931122342,27.562898614905848],[84.28484012299991,27.562635555811667],[84.2849961922854,27.56243042537063],[84.28521467253117,27.562278821899312],[84.2853885725933,27.56207370836934],[84.28577653255896,27.561850782212403],[84.28620906878635,27.56168573732573],[84.28706521616,27.561543073125645],[84.28764930736702,27.561248749727255],[84.28807741237114,27.561123949499763],[84.28833604091504,27.56101245626757],[84.28857683753387,27.560843016817426],[84.28892019993539,27.560695814202834],[84.28926797784003,27.56058886832513],[84.28978522342531,27.56036587500506],[84.29055666595754,27.56012956125936],[84.2908152836979,27.560022524598214],[84.29101149510116,27.55985312530641],[84.29166694732032,27.559643466517514],[84.29308055023371,27.559202016213884],[84.29368249182136,27.559077180066442],[84.29462783698953,27.558979088489505],[84.29531007274214,27.558992494793443],[84.29556866976431,27.559019246178302],[84.2959923006487,27.55912175576437],[84.2965853788042,27.55936259496894],[84.29675482861659,27.55947852168211],[84.29694652315254,27.559652395854528],[84.29715170869957,27.559924471510435],[84.29733898506458,27.560196437854145],[84.29758424232587,27.560718114091376],[84.29802118963565,27.56129780305385],[84.29806134269137,27.561413787450938],[84.29849386968394,27.56205139944415],[84.29889073813004,27.56251965442823],[84.29935000042474,27.56292985656362],[84.2999786997643,27.56357201256343],[84.30016604750564,27.563803808745565],[84.30054507755968,27.564133780684152],[84.30090178117301,27.56438795052766],[84.30107121865274,27.564450404969417],[84.30153496093749,27.56478482347459],[84.30187383179396,27.564940881131808],[84.30212806396587,27.56504348973977],[84.30272557754851,27.565168359232892],[84.30400979782421,27.565137099378838],[84.30460729244119,27.56518618083945],[84.30512456486827,27.565137097481006],[84.30606988823833,27.564923078740318],[84.30649794060392,27.564878463024446],[84.30735411635398,27.564949804854702],[84.30812549096589,27.564869595673933],[84.30881664436683,27.56465105521435],[84.30967728287744,27.564437028574538],[84.30993589753004,27.564307731771898],[84.31036841817837,27.564182864243715],[84.31062711010338,27.564071420616813],[84.31119780201301,27.563549640563263],[84.31139402626732,27.563282117023846],[84.31152778596343,27.56298338824437],[84.31178647282621,27.56206476956274],[84.31192023163624,27.561748186211634],[84.3121922444192,27.561177415049798],[84.31254895822715,27.56061117253508],[84.31272727418252,27.560214286097047],[84.31279864858605,27.55990657518482],[84.31302609872687,27.55937592798541],[84.31325796369686,27.55853768645887],[84.31356561692355,27.55816312529701],[84.31382871054745,27.557940094139624],[84.31426120277511,27.557641412561473],[84.31435930990988,27.557222228245916],[84.31432815970793,27.556762952537582],[84.31446632839122,27.556227843344757],[84.31496577217509,27.55503729731649],[84.31532246928063,27.554430855761087],[84.31560787358768,27.55407411661152],[84.31610730774511,27.553717364608364],[84.31643284888038,27.553552392334197],[84.31658441958015,27.553440928853092],[84.31710616342427,27.55322237006673],[84.31719085906006,27.55324019804331],[84.31737815239137,27.553360671197485],[84.3177170129311,27.55348099132431],[84.31786416498518,27.55359696931424],[84.31828779708921,27.553833309078897],[84.31845726513787,27.5540294632715],[84.31879170421246,27.55428367465024],[84.31887639743735,27.55432381748794],[84.31909041788091,27.554288095726903],[84.3193089330795,27.554158829873266],[84.3195274474716,27.553989394675074],[84.3198797018914,27.553596987281843],[84.32051733485974,27.55274972074946],[84.32173020731922,27.55206301463253],[84.32207803358756,27.551915894891106],[84.3222965377586,27.55176876807996],[84.32290299900347,27.551452141920056],[84.32393304574204,27.55122472597633],[84.32496307455375,27.55112664714363],[84.32530646701984,27.55113108908742],[84.32590398763598,27.551202390232092],[84.32692507250978,27.551394136084582],[84.32828959518275,27.551817761013226],[84.32888267113744,27.55207641647456],[84.33021143185616,27.552843400280025],[84.33055029918805,27.553079736371043],[84.3312638244798,27.553663837798283],[84.33160268578268,27.553824384360144],[84.33198167521,27.55411867615756],[84.33204411753829,27.554118718363267],[84.33234292483678,27.55427923948026],[84.33251235263968,27.554243555793285],[84.33266837667692,27.554016119901583],[84.33288242750275,27.55402054662214],[84.33333283863371,27.554368355063946],[84.33378766050538,27.55472062598683],[84.33498717922936,27.55552773847174],[84.33549551871005,27.555728376823925],[84.33648537973318,27.55631699524162],[84.33669500278864,27.556495392016284],[84.33694916573377,27.556611329303855],[84.33796139272856,27.55720441668932],[84.33960677634646,27.558207698464773],[84.33977618333559,27.55826564437995],[84.34061895783424,27.55883637968266],[84.34137705942103,27.5593626067077],[84.34171144918653,27.559523124646816],[84.34238921059148,27.559955656393342],[84.34297781189849,27.560254415585636],[84.34518956832603,27.560789510284657],[84.34559535160446,27.56090989347585],[84.34601894561098,27.561030284683916],[84.34644253658028,27.561208606570496],[84.34678147136091,27.561293333626974],[84.34712032395737,27.561453930549984],[84.34762871956585,27.561592131456557],[84.34796756730223,27.561734784168493],[84.34873456119097,27.56188196144718],[84.34949705188598,27.562180699743127],[84.34983596913997,27.56226095565801],[84.35017480421368,27.562421544508553],[84.35042898941947,27.562483989102827],[84.35068317353125,27.56260436513428],[84.3511112241636,27.562742596156887],[84.3520387234169,27.56317958975696],[84.35246235144723,27.56342037920428],[84.35315796133607,27.56388857293661],[84.3533006927325,27.56408029695873],[84.35344783648655,27.56420070008077],[84.35348795195021,27.564294357159287],[84.35386696150562,27.564624290964133],[84.35422366471987,27.564882979865725],[84.35480781573392,27.56540912746443],[84.35548117478406,27.56589961347796],[84.35600289640676,27.56638564404571],[84.35677877128867,27.56689402529685],[84.35724247821958,27.567268530942876],[84.35772407171707,27.567562888488503],[84.35818785144588,27.56791516722138],[84.35885667941658,27.56848141220297],[84.3590216991379,27.568713306020353],[84.35919113067112,27.568869416822846],[84.35933825974239,27.56894964412872],[84.35964150170925,27.568726727568805],[84.35994024967874,27.5687311555506],[84.3602389961358,27.568833681226085],[84.36170158048458,27.56918151155206],[84.36196020834575,27.56918600624324],[84.3622991342701,27.569252843648254],[84.36306610241037,27.569243914328233],[84.36409617122035,27.569186006208277],[84.3649523154963,27.569047765779985],[84.36572374114161,27.568815846761783],[84.36613395547391,27.568633037707336],[84.36620085366894,27.56857504683547],[84.36645946180522,27.56850374842614],[84.3666957696132,27.56839227158645],[84.366932156687,27.568356581234408],[84.366954455792,27.56826295463909],[84.36645055813203,27.568004321901846],[84.36636585284961,27.567830402473383],[84.3664148632125,27.567602980803727],[84.36645946180522,27.567567295278778],[84.36671806880757,27.567357727495736],[84.36691426926936,27.567210617090346],[84.36711046907844,27.567139290508273],[84.36734685449008,27.566951940782808],[84.36769465295238,27.566804803279176],[84.3686266240054,27.566229623236175],[84.36931330054246,27.565935334739248],[84.37000446075605,27.565739056536465],[84.37060201063662,27.56561423877962],[84.37128866416894,27.565529529808497],[84.37282259729471,27.56570785128275],[84.37299206939237,27.565770312917262],[84.37322843122512,27.56579263101346],[84.37383926216582,27.566015573808908],[84.37418261117999,27.566060156090845],[84.37469542539453,27.566028926465552],[84.37484700709656,27.56595756986003],[84.37497188125347,27.5658639782532],[84.3749986686104,27.56584613652376],[84.3751993327952,27.565716776787273],[84.37537320912229,27.565663280422367],[84.37561397245152,27.565516169483494],[84.37624723466033,27.56501223258466],[84.37685362336376,27.564717960467682],[84.37729062677515,27.564459334318265],[84.37845445635197,27.563491738835882],[84.37904309899672,27.563179597220504],[84.37917237504064,27.56305029226477],[84.37985018747206,27.5626222180041],[84.38002405007617,27.562550860094646],[84.38015340416233,27.56253296137534],[84.38030497182504,27.562425978410303],[84.38045661929203,27.56231453506689],[84.38123690389436,27.561966731641295],[84.38141533340239,27.561855207096393],[84.38193257543884,27.561712541754638],[84.3821911947539,27.561587647865412],[84.38307410051145,27.560669088544774],[84.38375186805,27.560223219669712],[84.38383662853875,27.560205392733767],[84.38399267733143,27.560093853051413],[84.38468382577463,27.55976394095586],[84.3849424330094,27.559674746481107],[84.38568713531346,27.559215405535088],[84.38585657041148,27.559139663627114],[84.38660126115529,27.55864023321081],[84.38713184856692,27.558060483102185],[84.38748410079982,27.557779556799712],[84.38776506715243,27.557690452968053],[84.38784982186488,27.557636914894896],[84.38810841519562,27.557601273741568],[84.38862567863283,27.557405015259874],[84.38974486367589,27.5572400591416],[84.38991877725218,27.55718654082602],[84.39068578692243,27.557146381102626],[84.39119853765645,27.557195423022225],[84.39162661494973,27.557284616668532],[84.39238470261115,27.55760572181909],[84.39280387158594,27.557886662444282],[84.39307142298387,27.558140786024456],[84.39385619064034,27.55908168591228],[84.3944314504351,27.559897647794138],[84.39464543762621,27.56053534215868],[84.39462314900042,27.561284481662135],[84.39469899443351,27.562381430221144],[84.39475696080326,27.56249284953113],[84.39514484494488,27.563884081860714],[84.39520281087542,27.564000052895466],[84.3955328067033,27.56521290983626],[84.39578695674749,27.56596209096686],[84.39600991839016,27.56643025296793],[84.39646473827999,27.56701441942346],[84.39698649806807,27.567482642874406],[84.39742792183536,27.56779918154127],[84.39816364747736,27.568236197931146],[84.39851599402785,27.568530491691696],[84.39874784412211,27.568668720151432],[84.39910900574381,27.568753414068787],[84.39945236777767,27.568798024823035],[84.3997912384058,27.56892288243804],[84.40081240806677,27.569154808705385],[84.40200743784685,27.569315254628386],[84.40243102746669,27.569342017626493],[84.40277437010705,27.569351002538866],[84.40355027059522,27.569230534418516],[84.40457586402256,27.56925729988835],[84.40500392414476,27.56920826928756],[84.40646211080639,27.569141359183767],[84.40723796263056,27.56906112657694],[84.40749214225455,27.569087852200198],[84.40792466992401,27.569038813143127],[84.40817884657866,27.569043310040396],[84.40835270566305,27.569012087401894],[84.40895026719784,27.568985295397557],[84.40938278413778,27.568900633752975],[84.40981529789485,27.568735630385934],[84.41007395499035,27.568686564978684],[84.41059118561304,27.568485861458996],[84.41084983929373,27.568432420182834],[84.41128683077832,27.56824955905354],[84.41197349076671,27.568111353672318],[84.41232134627242,27.56798650518238],[84.41300799417205,27.56788837470306],[84.41352079076617,27.56789725913883],[84.41438142619435,27.567799229589014],[84.41666896560857,27.56784823153216],[84.41686515992228,27.567852707636415],[84.41780605001556,27.56791516501868],[84.41797547274616,27.567955255257072],[84.41883163510587,27.567995383671963],[84.41942917021314,27.56808459244926],[84.41994191075466,27.56809800353397],[84.42036553140083,27.568200501316095],[84.42062414204864,27.568227291250057],[84.42147585818724,27.56843683496063],[84.42190395548005,27.568485946646863],[84.42198417328895,27.568526028561095],[84.42284035734083,27.56868209296045],[84.42343344419582,27.568829220322385],[84.4243743091859,27.56894519394382],[84.42488708667756,27.56897644225802],[84.42548456016118,27.56912355824066],[84.42633628592061,27.56923952016875],[84.42659495039942,27.569248447717218],[84.42693823198081,27.569235052943235],[84.42736636957082,27.569150336357087],[84.42750010683775,27.56905669091927],[84.42763392392983,27.568829234816707],[84.42771862117715,27.568142577027483],[84.42770075223164,27.567299785730413],[84.42774089725405,27.566613124454687],[84.42768296341053,27.566381203929616],[84.42755804086178,27.566225159416657],[84.42743319817728,27.566127054069224],[84.42724144634818,27.566122592635555],[84.4270452867038,27.56617606915947],[84.42685353360729,27.566283105076124],[84.426719794867,27.56632327899481],[84.42614453050771,27.566247401673554],[84.4258859441762,27.566376755855917],[84.42555147104308,27.566733475384776],[84.4254221366469,27.56673347440358],[84.42536420051455,27.566635368503096],[84.42547566541545,27.566390144868436],[84.42557374794252,27.56600664178073],[84.42556934064295,27.565471560268772],[84.42561838184871,27.565163845934016],[84.42580116415172,27.564865145703546],[84.4264209850406,27.56412937477232],[84.42664839796714,27.56367900120677],[84.42739313307463,27.563081501886188],[84.42777214785129,27.562653438051242],[84.42827151411167,27.56168580773605],[84.42899836007174,27.56095893321272],[84.42946213933953,27.56054424808119],[84.42980989125793,27.560303464441418],[84.42994370308297,27.56017410445478],[84.43072405231182,27.559830817125903],[84.43127251005755,27.559362552271836],[84.43180758193564,27.558800724988792],[84.43230699397702,27.55854653406929],[84.43280648188984,27.55822994112878],[84.43367596850887,27.557904478104742],[84.43453654886754,27.557677033008925],[84.43523223084539,27.557445134987702],[84.43557554201338,27.557378327745635],[84.43634700334819,27.5572980047256],[84.43686424290125,27.557311437642905],[84.43711837441798,27.55735149684533],[84.43720313809006,27.557338188469835],[84.4377158835886,27.55740500371931],[84.43822421825475,27.557570022027267],[84.43864786716765,27.557770669638884],[84.43904916113078,27.55805157408821],[84.43938363743027,27.55820768115863],[84.43999450239389,27.55866246642287],[84.44009704697045,27.55880074057113],[84.4406589560206,27.559331414915363],[84.44082390662827,27.559523155367366],[84.4411761575377,27.560031440124742],[84.44121629333826,27.560147402542768],[84.4414838646397,27.560557585199295],[84.4422017347831,27.56154754010458],[84.44242916664386,27.561953349199506],[84.44285727128205,27.562595437991618],[84.44295532474862,27.562885293080697],[84.44314261923131,27.563175138393838],[84.44344142398904,27.56392874133037],[84.44364650090371,27.56427651809251],[84.44381152321249,27.564454863658455],[84.44402108485336,27.564615435613362],[84.44440904427744,27.565275372518578],[84.44476575960677,27.565623126083224],[84.44523838605,27.56626974265865],[84.44572446635499,27.567255231353652],[84.44584935021214,27.567429114716287],[84.4459251295108,27.56773673100587],[84.4460900652988,27.56789283983333],[84.44642009569063,27.568361019258074],[84.44687933149015,27.568775700056683],[84.44704434469577,27.56897198214363],[84.44784697511702,27.56944909734662],[84.44849804289494,27.569921770630952],[84.44862284073963,27.57005993847441],[84.44870758777658,27.570095633701325],[84.44893499438994,27.570349837625653],[84.4490821393753,27.570452384471306],[84.44972870784336,27.571041011733552],[84.450018587995,27.571370905219936],[84.45119131038167,27.57232070632121],[84.45137857854039,27.57253027679468],[84.45213661598805,27.57297175336672],[84.45272972699352,27.573234810105905],[84.453073095873,27.573261615454538],[84.45333172251486,27.573208093258984],[84.45365722682915,27.573065376952435],[84.45431271526336,27.57265960582901],[84.45483436155668,27.57244114311946],[84.45543641553549,27.572280603013084],[84.45561029481287,27.57219138460837],[84.45612752454409,27.572066562871385],[84.45716653540357,27.571692026260056],[84.457599017338,27.571625152611695],[84.45811630958907,27.571460153095963],[84.45833478991004,27.57137538405436],[84.45872273462899,27.57122826456854],[84.45907503810312,27.57100527320622],[84.45933363823545,27.57091611783788],[84.45959223722535,27.570768935631907],[84.4603725921945,27.570438976917053],[84.46088537520698,27.570510354524178],[84.46173266260939,27.57083142855067],[84.46249961530768,27.57104092668209],[84.46292324885727,27.571130175971362],[84.46335128379974,27.571139076330063],[84.46378380011888,27.571032011493624],[84.46395773468232,27.570942872287375],[84.46424314000048,27.57069765506711],[84.46450171729805,27.57059063395019],[84.46510367185138,27.5704478972306],[84.46570570028963,27.570461297103748],[84.46638347535882,27.570630717258744],[84.46681596926399,27.570581667843925],[84.46707461526694,27.5704924985993],[84.46768110763253,27.570162548034656],[84.46814033684208,27.56982808139881],[84.46848817954904,27.569738882084025],[84.46861749899665,27.569667602913455],[84.46872447759297,27.56972550610603],[84.46901434376433,27.570001983242133],[84.46951824305685,27.570300799537126],[84.47002654196524,27.570483556093226],[84.47138654811859,27.5708581488986],[84.47231855644404,27.571299561774936],[84.47282242726737,27.571616219148932],[84.47359387847347,27.57234298902529],[84.47398180208917,27.572922675011238],[84.47432064265436,27.573792238285456],[84.47451688424816,27.574425461221796],[84.47457036817501,27.574889203802737],[84.47466844860234,27.575236967598048],[84.47473986706305,27.575696242482906],[84.47474875433176,27.576039661072212],[84.47484235080042,27.576619346951084],[84.47483346354593,27.576962683282325],[84.47477997985978,27.577190072853764],[84.4746461903647,27.577475424010263],[84.47403080278386,27.57807293414972],[84.47342437626311,27.578229002459672],[84.47304093274697,27.578224578838775],[84.47213567900586,27.578376184230553],[84.4720733051779,27.578336035604462],[84.47172996769119,27.57834944801899],[84.47164077007582,27.57842080182925],[84.4705393204458,27.578857761316932],[84.47020934592739,27.579040596339578],[84.46995071378524,27.579245725262226],[84.46979024918159,27.579450826033682],[84.46926409194613,27.579901165108797],[84.46886716879938,27.580391718549233],[84.46849266369566,27.580726138813382],[84.46835885981552,27.580895606421862],[84.46813144856903,27.5813504001812],[84.4680199847056,27.58146192772704],[84.4677122568594,27.582603378958957],[84.46774348614477,27.582893218517825],[84.46784606221861,27.583067169662254],[84.46805561793217,27.58320538170814],[84.46831425845413,27.583285646783953],[84.46874233403123,27.583236603781206],[84.46917489056982,27.58309391853706],[84.46960295984836,27.583120659590904],[84.469643076169,27.583165280101834],[84.46966093232682,27.58329462246103],[84.46964756022709,27.58333024394608],[84.46950038685547,27.5837538552234],[84.46949149878907,27.58409717614401],[84.46973668081019,27.584440595070237],[84.46988385358722,27.5845431181422],[84.4703922293896,27.584761666921995],[84.47124834699405,27.584877537353396],[84.47193062179366,27.584890893614656],[84.47330843871012,27.584618903243086],[84.47365184699571,27.584641199081446],[84.4746729322751,27.584913209319716],[84.47518575007653,27.58496231220268],[84.47527045865753,27.584948892975095],[84.47603739399497,27.585038073954724],[84.47629607927924,27.585006832855253],[84.47655916688385,27.584783932690552],[84.4766126489423,27.584462821591792],[84.47655916688385,27.58400356471576],[84.47638078625135,27.583388220820893],[84.47638526979277,27.583330285955146],[84.47638967327062,27.583156389983056],[84.47648334717523,27.582857581292675],[84.47661713246592,27.582705958933776],[84.47674643393702,27.582594507198493],[84.47733056878295,27.58233587000342],[84.47742424117978,27.582188724701897],[84.4775178333648,27.58188107257094],[84.47752231681899,27.58165361744289],[84.47746883559287,27.581270142506746],[84.4775178333648,27.581118545501514],[84.477629359186,27.581002637080868],[84.47771406422602,27.580966898436635],[84.47775865841798,27.580873329263024],[84.47770509734669,27.580565638544165],[84.47771406422602,27.58025792870107],[84.47790132757922,27.579727335860078],[84.47794592162832,27.57965153043737],[84.47800836925211,27.57961580086498],[84.47828930267285,27.579526607817268],[84.47854789793098,27.57955338110962],[84.47906068173849,27.57952221369367],[84.47940405623359,27.579606891594498],[84.47991234925863,27.579789699407225],[84.480162130949,27.57999037330031],[84.4803315335648,27.580070648994038],[84.48082652903693,27.580730603434386],[84.48098256021939,27.581194381391583],[84.48100041291407,27.581421741856033],[84.48109407942903,27.581769585338126],[84.4810806298874,27.58222887209611],[84.48116092680729,27.58251869551993],[84.48121440465485,27.582920021658484],[84.48129021822612,27.583151910159376],[84.481397253692,27.583334689525884],[84.48155336340665,27.58384300880839],[84.48175398379165,27.58430676201102],[84.4820393823144,27.584828506762776],[84.48230692715308,27.58517627528342],[84.4827706846489,27.585568688884404],[84.48359564033477,27.58594774591557],[84.48427336813857,27.586099314080474],[84.48487087642062,27.586166199586025],[84.48496005384747,27.58617071558669],[84.48508493403688,27.58619298216298],[84.48519196255086,27.586233108657808],[84.48527665662863,27.586273242688957],[84.48575383901938,27.586817305922487],[84.4859188226633,27.58712493839462],[84.48612391085189,27.587414788578567],[84.48645835835173,27.587744755699553],[84.48704247616315,27.588409183408675],[84.48735018230605,27.588930901627485],[84.48752852945319,27.589448118611642],[84.48754638014755,27.589622000373417],[84.48753741477707,27.589907383009027],[84.48744383864063,27.590192805431755],[84.48733233155173,27.59035781279825],[84.48706921240117,27.590585190164617],[84.48661437449351,27.590861653505687],[84.48600799849031,27.5910578418382],[84.48555315231877,27.591294220419893],[84.48535246492867,27.59159297867172],[84.485365833436,27.59182488084783],[84.48551744970625,27.59251152627891],[84.48552641538679,27.593144759966403],[84.48543275597761,27.593425619428217],[84.48528562234611,27.594170311694917],[84.48527225382043,27.59462511117958],[84.48531235938832,27.594741135458182],[84.48543723882456,27.594914969791972],[84.48566466280435,27.595129019369182],[84.48617298141635,27.595347505725233],[84.48693993377152,27.595539283934617],[84.48748842540698,27.595762213738837],[84.48786745157035,27.596056532135872],[84.48810823396731,27.596747676716085],[84.48815282022642,27.597376418051947],[84.48803242924396,27.597942743696358],[84.48793877385326,27.598174593827185],[84.48780941710082,27.598339600627092],[84.48767565743482,27.59845551757908],[84.48752404676677,27.59852689981347],[84.48655641882813,27.598731970996035],[84.485909857043,27.598758742434917],[84.48565569714503,27.598696272613264],[84.48514289116228,27.598665056109397],[84.48475496157253,27.598731976398934],[84.48467026673838,27.59878547786495],[84.48458108886915,27.598937077432844],[84.48446509339388,27.59922248614026],[84.48409052810224,27.599650545348027],[84.48378288484074,27.59983784372874],[84.48335035632876,27.600016172226745],[84.48309170226824,27.600087588045707],[84.48296689787217,27.600087548012294],[84.48270375905769,27.60017672638583],[84.48224896721418,27.600430931042865],[84.4818743877143,27.600881294135394],[84.48153999402692,27.601389571368568],[84.4812278541657,27.601724049273408],[84.48078634033241,27.60228591160685],[84.48065256458497,27.60251330098546],[84.48049204929534,27.602910201575543],[84.48053223820226,27.603828744272228],[84.48047419644534,27.60434154758648],[84.48045642364758,27.605028213926452],[84.48038060899454,27.605541022662166],[84.4804028650486,27.606285683211794],[84.4804385707867,27.606513097868586],[84.48053664136766,27.606802967330967],[84.48062142225153,27.606918883875835],[84.4807997098846,27.607382682916057],[84.4811074489108,27.60796229466369],[84.4812055183692,27.608247698998387],[84.4813080708268,27.608385919513626],[84.48145521447576,27.60861784249447],[84.48157561901407,27.608787296360475],[84.48163357962089,27.60902362411008],[84.48164254589749,27.6095363951609],[84.48167817082211,27.60982172947924],[84.48175846692088,27.61005367612358],[84.48190112631771,27.610227581861366],[84.48236488703446,27.61050401672328],[84.48262354431266,27.61056640267621],[84.48279293979262,27.610651131224696],[84.48339942922306,27.611101558816085],[84.48356882245344,27.61129330263926],[84.4838542121112,27.611757053404375],[84.48409949400178,27.612278744664756],[84.48413511742831,27.61245259666708],[84.48412623158687,27.61273803592468],[84.48396124288004,27.613362338689747],[84.48395235701216,27.613705612827946],[84.48385869507928,27.613990989960563],[84.4838498091958,27.614276426781505],[84.48377399894572,27.614789213860092],[84.48368033672689,27.615016663911412],[84.48360452625691,27.61547589710673],[84.48349301183875,27.61639006014113],[84.48344842202259,27.61718816840414],[84.48334587332167,27.617874908540916],[84.48340383217241,27.618102300142453],[84.48371155748319,27.61857049292416],[84.48394787405127,27.619377593607926],[84.48393898818135,27.61964517216405],[84.48377840186686,27.620095497439358],[84.48364463296976,27.62026940570898],[84.48342616712856,27.620416569852615],[84.48307833324048,27.620559314716047],[84.48297130085413,27.62065288631468],[84.4823247794431,27.62157595965336],[84.48223111490098,27.621803399371867],[84.48218204102537,27.622030823253183],[84.48217763798394,27.622316157396728],[84.48221326258232,27.622432078006575],[84.48236040395177,27.62266398545772],[84.48269038994115,27.623069776176735],[84.4827706846489,27.623301618279957],[84.4827439464434,27.623587046172688],[84.4825120280221,27.624099769345342],[84.48239162541343,27.62455462068313],[84.48208397320592,27.6250005221454],[84.48204386542173,27.625063010467958],[84.48190560943566,27.625156588608707],[84.48180305802678,27.625210172600735],[84.48126796251002,27.626106399997344],[84.48105389090853,27.62652557568684],[84.48088000719052,27.626980348409624],[84.48085775131817,27.62743971119624],[84.48104948778207,27.628126400555935],[84.48115644363223,27.628813113244988],[84.48089785991652,27.629959028303123],[84.48070163974513,27.630413886700417],[84.48070163974513,27.63070375548632],[84.48080867628913,27.630931118121822],[84.48112970468804,27.631314676702512],[84.4813214402596,27.631617867835477],[84.48146858387491,27.63207716202962],[84.48149091957085,27.632251094088115],[84.48174509758806,27.632652343178734],[84.48215081945172,27.632955547890194],[84.48310955431849,27.633588771306673],[84.48327902844314,27.633780500385207],[84.48334147036795,27.633878648142126],[84.48340831517504,27.634088168547517],[84.48336372529425,27.63443150489551],[84.48334147036795,27.63460098793511],[84.48351086376637,27.634699096175883],[84.48445172468041,27.63447164605225],[84.48545949295247,27.634052558610573],[84.4859722961558,27.63392323884705],[84.48665455918906,27.63386971344594],[84.48708258051558,27.633771564020456],[84.48725204311395,27.6337002850581],[84.48827769358965,27.633490714887337],[84.48947270216176,27.63311168049876],[84.49041354708655,27.632888735148846],[84.49067216872425,27.6327950145602],[84.49110024064788,27.63271925365066],[84.49135445689429,27.632853022001296],[84.49146147391885,27.63300460684681],[84.49156849074726,27.63331228135596],[84.49156849074726,27.63348175782713],[84.49146147391885,27.63394105533471],[84.49107350625538,27.634511839372347],[84.49056074784343,27.635006814032792],[84.4903021257122,27.635350148423992],[84.49013267196455,27.63551959919595],[84.48991863284822,27.63586291397982],[84.48978928048133,27.636206282838753],[84.48974469547164,27.63643369280307],[84.48968226039189,27.636549643747966],[84.48963767530049,27.636892980254004],[84.48937904908085,27.63746369961071],[84.48931661361014,27.637749121827383],[84.48903573321175,27.63815046517754],[84.48899555015457,27.638261942272887],[84.48837126839004,27.638855012820915],[84.48803242924396,27.63911804772978],[84.48751964412797,27.63942130201191],[84.4864895776233,27.64024180329888],[84.48604362075298,27.640504864372126],[84.4857850586675,27.6406920966204],[84.48520981395932,27.640959662242913],[84.48486647358183,27.641209387608058],[84.48465241516506,27.6414546041734],[84.48447854215644,27.64202535737472],[84.48445620760263,27.642310753682565],[84.48460782623381,27.642712104483167],[84.48475496157253,27.64294398846178],[84.48488424503816,27.643055493012003],[84.4854149046373,27.643251639598315],[84.48592770823207,27.643269488429468],[84.48669914655797,27.643175872744912],[84.48729663002672,27.643180298674647],[84.4876400361675,27.643238272522083],[84.4879566244222,27.643447871580793],[84.48817067072997,27.643813499283322],[84.4883177970939,27.644326305439208],[84.4883177970939,27.64461169354398],[84.48827321096073,27.64478554842666],[84.4882954640081,27.645128931545415],[84.48776042795888,27.646158944844604],[84.4876310708114,27.646252600821047],[84.48711828217142,27.646787678959615],[84.4866455936817,27.64705082926272],[84.48640928802703,27.647336206854],[84.48615513030224,27.64787127631343],[84.48617298141635,27.648214657209728],[84.48636470043688,27.64861598032239],[84.48662334000568,27.64901728064496],[84.4871316502746,27.649436427723895],[84.4873680330549,27.64968612124691],[84.48794325650785,27.650011632657375],[84.48845603790438,27.6502212447311],[84.48883954037372,27.65049319039254],[84.4893523139003,27.651220103358217],[84.48939241666656,27.651563380012497],[84.48960645771173,27.652022690176043],[84.48958420516392,27.652477536003243],[84.48945485205621,27.65276295772252],[84.48943259945064,27.652936798702598],[84.48919622502687,27.653565546744268],[84.48883057520177,27.65419425047593],[84.48859427838767,27.654822995584524],[84.48859427838767,27.655050454694823],[84.4887235533553,27.655393781705115],[84.48887075837246,27.655621190060273],[84.48906246853726,27.65619641358618],[84.48908031876273,27.656597782332657],[84.48901788297263,27.65688754648463],[84.4888038397701,27.65717299142495],[84.48830891188874,27.65770803195392],[84.48775146262126,27.658127172660393],[84.48732344619664,27.658243146213323],[84.48693545103991,27.658470552078864],[84.48668129560467,27.658586462469135],[84.4859722961558,27.658791577044582],[84.48571813652953,27.658947728900177],[84.4855219325467,27.658983396882736],[84.48487984220039,27.659326704472672],[84.48475047867323,27.659366809364325],[84.48442947016856,27.659571969306942],[84.48417530382946,27.659803874763],[84.48391665342128,27.660147140923907],[84.48378736781427,27.660263094555283],[84.48363574705371,27.660490503522706],[84.48352871568855,27.660833898813536],[84.48355105059694,27.66112371659153],[84.48380521965197,27.661694537927648],[84.48429121982774,27.66226974451767],[84.4845899746414,27.662479252948945],[84.48488872792718,27.662769157330622],[84.48527665662863,27.663036724354892],[84.4854684586419,27.663322023994287],[84.48585190067857,27.66364758904487],[84.48644499009444,27.664356597662277],[84.48668129560467,27.66469996483737],[84.48674373389281,27.664873853575465],[84.48682842572056,27.66498973383128],[84.48689086385141,27.665235005972008],[84.48689086385141,27.665466913554923],[84.4868061721142,27.665752298367956],[84.48663222546726,27.666037619731604],[84.48650742863519,27.666153571502583],[84.48633348109855,27.666247227738054],[84.48575383901938,27.666474682566086],[84.48504923113819,27.66655048046215],[84.48466578383258,27.666626268128486],[84.48408612520464,27.666626270409655],[84.48393002225718,27.66666638067378],[84.4834440190766,27.66680019481511],[84.48318536543076,27.666933936141824],[84.48254324940271,27.667161392186248],[84.4820973424612,27.6674110947016],[84.48153551088092,27.667848029135556],[84.48125899617595,27.6683252067676],[84.48123674044795,27.668557027729932],[84.48127684878617,27.668730919551688],[84.48149091957085,27.66907429559479],[84.48189672325512,27.669417615280675],[84.48202601304585,27.66961387646069],[84.4825120280221,27.67087575725772],[84.4826190612498,27.671393061035896],[84.48255213548492,27.672137670389542],[84.48246743745726,27.6723695938414],[84.48248528969826,27.672712929719438],[84.48255213548492,27.672886809364996],[84.48263691344448,27.673056315432934],[84.48282864407025,27.673270311070418],[84.48359564033477,27.67363600014301],[84.48380962257073,27.673805373172197],[84.484001349348,27.674095207978507],[84.48414856626684,27.674518896201086],[84.48410837984729,27.674630347919216],[84.4841708208857,27.674862225075117],[84.48419315554861,27.67492021604638],[84.48408164225401,27.675205588352398],[84.48397461170575,27.675437425006923],[84.48384532622704,27.675606901616575],[84.48359115734651,27.67583878123713],[84.48302926007646,27.676431836732576],[84.48283753010905,27.676717230153248],[84.4820661208423,27.67765358231611],[84.48180754115224,27.67822887748967],[84.48167817082211,27.67868814081048],[84.48165591525375,27.67891557702741],[84.481397253692,27.67949077443461],[84.48118326262083,27.679776167123695],[84.48092459896681,27.680025878888113],[84.48062582541024,27.680391500375354],[84.48028245809382,27.680716982198494],[84.48004612670059,27.681020218944546],[84.48000153425396,27.681136129111575],[84.47987223998386,27.681310055905815],[84.4796582433281,27.68188086032216],[84.4796582433281,27.68195660889848],[84.4796582433281,27.682112745443618],[84.47965376003773,27.682184033072282],[84.47963142363959,27.68285738542643],[84.47973846214386,27.68394986059258],[84.47975631521861,27.684583049850424],[84.47975631521861,27.68486846340213],[84.47966712984903,27.685327698392314],[84.4795378348391,27.685617605218418],[84.47921679769516,27.68613033911439],[84.47831604291666,27.687048976434394],[84.47797266202923,27.687508264062],[84.47779876914329,27.68790951931045],[84.47779876914329,27.688025502544615],[84.47762487574,27.68865872197095],[84.47770958078652,27.689117992626255],[84.47811533066809,27.689653020440442],[84.47826696575322,27.689768967594173],[84.47899383195772,27.690036534108145],[84.4799391688182,27.689920586384087],[84.48045194041845,27.68992063442442],[84.480795306739,27.689996381982485],[84.48104948778207,27.690130142833166],[84.48143736192003,27.690397690864252],[84.48207949010165,27.691084404269372],[84.48241836378013,27.691677515481377],[84.48248080662479,27.69190937324038],[84.48246295438243,27.692368663277595],[84.48235151784041,27.69276998880977],[84.48226681952193,27.693287196961013],[84.48209285935798,27.693804512936566],[84.48205275157987,27.694147825485505],[84.48204826847324,27.694950494746273],[84.48219989335355,27.695351744565105],[84.48228459176906,27.69544539703559],[84.4825387663337,27.695579242051842],[84.48298915294117,27.69571294579025],[84.48316303038256,27.695811034539872],[84.48393450521944,27.69602066138638],[84.4845320169674,27.69602067539393],[84.48530347372595,27.696248047837095],[84.48590097147152,27.696323888029156],[84.48667241015053,27.696649388483717],[84.48680168937233,27.696765328376486],[84.4868462766289,27.69684114760072],[84.4868417938901,27.697032870041646],[84.48673484844818,27.69731821194439],[84.4865207968782,27.697492152225276],[84.48611502531298,27.69766605861796],[84.48592322542277,27.697839989304853],[84.48581619824864,27.69798713325611],[84.48562007464578,27.698486521550745],[84.48557540640253,27.698829914199607],[84.48549071275794,27.69906171571764],[84.4854684586419,27.699097408965436],[84.48544612446658,27.699195548363473],[84.48549071275794,27.699498771662025],[84.48557540640253,27.69973061174008],[84.48574487337375,27.699958058303764],[84.48595892778727,27.700114121400222],[84.48608820858824,27.700131926089146],[84.48623982298348,27.700207714248847],[84.48673036570084,27.70053329185384],[84.4870112571871,27.70087658949015],[84.48743487325441,27.70158561709964],[84.48750179342544,27.701755102424887],[84.48780053181831,27.702272355838442],[84.48801009604904,27.702847532628706],[84.48807701556096,27.703306865595327],[84.48805468238308,27.70376613165866],[84.4878362330353,27.704626728713382],[84.48764443879722,27.705028052796237],[84.48751516144084,27.70542936118564],[84.48744824128515,27.7061160316017],[84.48734121690545,27.7066333021982],[84.48725652582127,27.706865184172763],[84.48704247616315,27.707146076680495],[84.48678383845036,27.707605399920894],[84.48656978705992,27.708202893753135],[84.48654753335501,27.70833225483446],[84.48644050732484,27.70904122741738],[84.48644050732484,27.709384591576214],[84.48652519959228,27.709959783152414],[84.48667241015053,27.710361092859365],[84.48686412753176,27.71064650482151],[84.48733681425287,27.71104780999215],[84.48759096683561,27.71116379747546],[84.4880234639481,27.71127973308773],[84.48836238319302,27.711297568145753],[84.48853632468698,27.711257376036166],[84.4886834501297,27.71125742176317],[84.48887964349213,27.711239522989626],[84.48930772855695,27.711163749907822],[84.49024857613985,27.71116373681118],[84.49196085742585,27.711582935092608],[84.49247816588928,27.711792502670832],[84.49307567026936,27.71192630228717],[84.49393177573239,27.712193826171127],[84.49470318835651,27.71253720095845],[84.49581802886541,27.712902849499322],[84.49719144083568,27.713567243007475],[84.49723602015817,27.71362521199359],[84.49764179447217,27.71389269263655],[84.49800738911038,27.714084447071677],[84.49818130186793,27.714120157930463],[84.49905974145098,27.7141022689814],[84.49927382708199,27.71414242598387],[84.49955473825115,27.714213778512242],[84.5000006719506,27.714360897722536],[84.50013440337742,27.714418920905445],[84.500361850139,27.714615094742918],[84.50075871940568,27.7148781988406],[84.50086123752521,27.715016430415705],[84.5010708348998,27.715154624148337],[84.50157469782506,27.715404392564444],[84.50216778756956,27.715555998789878],[84.50242635712513,27.715564907195393],[84.50336723332754,27.71568532913841],[84.50362139614187,27.71576997619038],[84.5044731055843,27.71589488678477],[84.50582870879134,27.71631852164418],[84.50617200590183,27.716349690588697],[84.50643063772814,27.7163184508389],[84.50677849252472,27.716251581412013],[84.50688548126388,27.716256085303062],[84.50716643579919,27.71614900951384],[84.50750972503441,27.71612227910355],[84.50776394981584,27.716184708582706],[84.50801809346896,27.71632742117917],[84.50844171710868,27.71645668118515],[84.50852645747113,27.716514719715114],[84.50903033600623,27.716684086581843],[84.5114114772544,27.71731284304452],[84.51208480135723,27.71763841425889],[84.5126778642254,27.71779443587644],[84.51327540176769,27.717830112898913],[84.51369898720387,27.718017429594035],[84.51418057786144,27.71833844099887],[84.5144659778567,27.71863278091059],[84.51507237819689,27.71957362681675],[84.51609353922873,27.72087118563686],[84.51658847145194,27.721326076649213],[84.5169853902958,27.7215489916484],[84.51786378664613,27.722133128254903],[84.51818933157918,27.72252556402784],[84.51832750161161,27.72289569655622],[84.51837214478309,27.72330147185296],[84.51829629937468,27.723640308771564],[84.5179128305187,27.72460792338348],[84.51781474273227,27.724951319743294],[84.51780138165884,27.725241151809474],[84.51787714770522,27.725473044453736],[84.51805996188874,27.725709346123885],[84.51825173615092,27.72628899048907],[84.51829189905787,27.72692222904223],[84.51824725582492,27.727956739059216],[84.5183007796969,27.72824653406873],[84.51829189905787,27.72842048544395],[84.51852375529819,27.72911606362266],[84.51878233232183,27.72958433748507],[84.51883145542618,27.729932115920644],[84.51908115056533,27.730690121052714],[84.5196920630929,27.73151065566328],[84.51985255057538,27.731800479625427],[84.51995063493074,27.732014513765662],[84.52011120170408,27.732286499726875],[84.52012904242935,27.732402452542125],[84.5203832121686,27.733044573709346],[84.52040993312805,27.733387892756305],[84.52046793516854,27.73356626661009],[84.52045897485709,27.73385162177796],[84.52052585714858,27.73431543022053],[84.52073546383254,27.734890668172465],[84.52085586733091,27.735126988541875],[84.52143108060918,27.735813628781404],[84.52173876537981,27.736246181852618],[84.52205532859163,27.736888345595695],[84.52235853005463,27.737356487148464],[84.5224745301969,27.737646327514373],[84.52254141017389,27.738163645978087],[84.52261717005507,27.73839552210249],[84.52264396998943,27.73880127384862],[84.52261717005507,27.739487932746826],[84.52253693017784,27.739831296738764],[84.52237197008296,27.740228221167403],[84.52231844995178,27.740455612042428],[84.52230060989713,27.740914898014875],[84.52238981011575,27.74137859005273],[84.52252357018754,27.741784368675503],[84.52274652962437,27.7421946513922],[84.52311212685349,27.74266283681513],[84.5232726849113,27.742957194454586],[84.52329052466817,27.7430730516293],[84.52386571390056,27.743719698813923],[84.52431610150308,27.744308252467867],[84.52446329669604,27.744406383577115],[84.52483336296682,27.744838880577117],[84.52520350688191,27.745195652049397],[84.5256627636534,27.745592511041636],[84.5260685801129,27.746198918136425],[84.5264029585907,27.746899010893006],[84.52679093121189,27.747483123108395],[84.52709858766276,27.747835367799112],[84.52765598085632,27.74834820821899],[84.52773621367943,27.748486415412273],[84.52783436474935,27.748776246179315],[84.52784772352113,27.748968005450916],[84.52792355649088,27.74919987044224],[84.52804394512708,27.750002549198392],[84.52808402128896,27.750033743379113],[84.52806618300076,27.750091728535967],[84.52784324393333,27.750354789522024],[84.52770949608163,27.75057775517756],[84.5273348884714,27.751643449020754],[84.52733048883749,27.75179508110426],[84.52737056549051,27.75187533116015],[84.5274240809782,27.75225883078217],[84.52745087870018,27.752642345119455],[84.52742856059825,27.752793893318707],[84.52729033216346,27.753003477845628],[84.52698267672591,27.753297793927832],[84.52632720363492,27.753627786081346],[84.52568948219051,27.75410938679161],[84.52531046179588,27.75463553946776],[84.52523470541863,27.75493873958695],[84.52521686625737,27.755554074957097],[84.52525694436535,27.75570567642465],[84.5253774185119,27.75594206251403],[84.52561820606574,27.75709695238009],[84.52592138897806,27.7577925661205],[84.52616665399944,27.75887172175741],[84.52616217428228,27.759023255309675],[84.52603730202789,27.75948255121909],[84.52599722445704,27.760169325545657],[84.5257118009591,27.76107891917555],[84.52554684985793,27.76145796227742],[84.52534614005558,27.761761209230162],[84.52486904151884,27.762666341344794],[84.5245078551675,27.763192543588776],[84.52428938233577,27.763339720381897],[84.52424474369953,27.763415548947826],[84.52389251326035,27.763714229343744],[84.52365171857026,27.763843576964195],[84.52336636357361,27.764066503068683],[84.52259933009192,27.7645035221],[84.52205092855878,27.76494944555542],[84.52181012625404,27.76513675878228],[84.52138651978353,27.765564779343055],[84.52094946987862,27.765801141923454],[84.5203832121686,27.766171254161883],[84.5198079885421,27.766710815807738],[84.51963406027984,27.766799988749757],[84.5191480344388,27.767210188185317],[84.51897410420611,27.767303819013172],[84.51871104774334,27.76754464509876],[84.51827405776994,27.767745323667334],[84.51814028793937,27.767852314032556],[84.5177835402207,27.768382933953067],[84.51745799302019,27.769136495101968],[84.5173375824987,27.769520033760884],[84.51723509334714,27.770130893946046],[84.51721277133004,27.770893412916628],[84.51741790954532,27.77174064526858],[84.51761408628927,27.772360462860828],[84.51775673805001,27.772672624748765],[84.51783258416084,27.772975810735577],[84.51801091814,27.77336821964977],[84.51835878383748,27.77390779565159],[84.51874224975812,27.774683680141788],[84.5191480344388,27.775285650457043],[84.51945125103599,27.775834065578447],[84.51966526180027,27.776605555971948],[84.51965638136923,27.776832969807376],[84.5197856675108,27.777524142687902],[84.51986591117837,27.777680170514312],[84.52001311761911,27.77777829440476],[84.52057049863532,27.778308931408485],[84.52069530261029,27.778482773096968],[84.52083802682824,27.778696829636576],[84.52121259623472,27.778977754383448],[84.52159604336903,27.779098150483975],[84.52204196849087,27.779165011931465],[84.52223372964359,27.779227439946016],[84.52287580890686,27.77930330374277],[84.5235134811687,27.779472717371682],[84.52378547574364,27.77959316022593],[84.52393259227989,27.779691186925245],[84.52424474369953,27.780061311452236],[84.52464161037433,27.780993307469487],[84.52473080700716,27.781528334707296],[84.52506527316427,27.782455894791653],[84.52512767036912,27.782513829529837],[84.52533278070977,27.78336109545929],[84.52540413717995,27.783820323969163],[84.52562260582907,27.784440176628106],[84.52592138897806,27.785135790979364],[84.52601058365039,27.785599554813064],[84.52600610392123,27.785826955160026],[84.52571628071091,27.786736597146366],[84.5256627636534,27.78704427751976],[84.52552005125953,27.78749913782254],[84.52518118791845,27.78810550929841],[84.52471296769153,27.788587091237243],[84.5243562602285,27.789113296368146],[84.52411098758108,27.78939421740192],[84.52325036520779,27.790138941527477],[84.52238981011575,27.790941531824938],[84.52168076460484,27.79166833390468],[84.52154700259737,27.79180215177103],[84.52108323325837,27.792190074286868],[84.52068642233628,27.79262264349691],[84.52055265804526,27.79285000084898],[84.52041441328772,27.793157702693293],[84.52020032527265,27.79383995538143],[84.52019144492319,27.794071806592957],[84.52027616820207,27.79476302667638],[84.5203742518441,27.795150967756694],[84.52051249669697,27.795463097025607],[84.52059721950887,27.795521022133258],[84.52090042856256,27.796065012404902],[84.52090938880609,27.796448532496534],[84.52083802682824,27.796733907168914],[84.52068194219756,27.7969033960475],[84.52053033729933,27.796979165725716],[84.51999527685832,27.796983582734807],[84.51965190115125,27.797032679188668],[84.51939324798315,27.797099573684207],[84.51904546846744,27.79721100225372],[84.51871992831848,27.797411677340897],[84.51851927499311,27.797576723181738],[84.51827405776994,27.797955705103206],[84.51824725582492,27.7981117603966],[84.5182829384117,27.798263423301023],[84.51858615951168,27.79896345629228],[84.51859952040512,27.799115037337845],[84.51872440860811,27.799275581051766],[84.51890273985734,27.799739362772318],[84.51893394176946,27.80019865643817],[84.51883145542618,27.800733710357857],[84.51863968307232,27.801420468790518],[84.51838998604096,27.80179944295638],[84.51819373190375,27.802004604492506],[84.51797083504555,27.802174024395786],[84.51779242093723,27.802397011253465],[84.51752487875716,27.802851779792856],[84.51729749894098,27.803155037646057],[84.51701659323481,27.80406464645325],[84.51676688924704,27.80442586641045],[84.51652606509869,27.804590825803555],[84.51583046975979,27.804902994159384],[84.5153132083533,27.805023384041597],[84.51394422368146,27.804987687030675],[84.51377035792632,27.805023418068256],[84.51351167864776,27.805152710446666],[84.51316386402519,27.805255286419747],[84.51273139321327,27.80533997192211],[84.51050185725059,27.80551836295199],[84.51036806957836,27.805589650365775],[84.51032342027493,27.805607496076494],[84.51006480571567,27.80571903960638],[84.50971256956032,27.805995479898947],[84.50953421018657,27.806205075924016],[84.5091194765229,27.806459240349767],[84.5088608566229,27.80657069129838],[84.50825887275317,27.806633122293647],[84.50739385514089,27.806860499884134],[84.50679185612515,27.806980879909652],[84.50653322590091,27.806989876095585],[84.50584207260944,27.80711028016903],[84.50506616585858,27.807342069664863],[84.50480752798097,27.807315396756778],[84.50429921158221,27.80718608128326],[84.50387115644318,27.807136987876763],[84.50327808401758,27.80690961200532],[84.50296590030612,27.806691069575365],[84.50281432934996,27.806628699308245],[84.50260025671083,27.806646501454797],[84.5024932601104,27.80667773944142],[84.50235953409076,27.806793601909092],[84.50227030321292,27.80694529167125],[84.50221236309002,27.80740004146049],[84.50206967328783,27.807859359554783],[84.50196707726371,27.808394451999902],[84.501851196358,27.808791348258023],[84.50167281293929,27.808983094928703],[84.50145433452316,27.809148015497865],[84.50128043152137,27.809201559442513],[84.50102625850708,27.809139124212592],[84.50081666097235,27.808960765266235],[84.50038409857827,27.80845238477388],[84.5000006719506,27.808443481261627],[84.49991143746477,27.808358797894954],[84.49965285676247,27.80827853087688],[84.49948335012779,27.808296315084615],[84.49902852890085,27.808501503915117],[84.498792193332,27.808653049601084],[84.49859603328254,27.8090499603894],[84.49842212176107,27.809219410706202],[84.49736527599048,27.80955384310278],[84.49723602015817,27.80968761845779],[84.49714678144436,27.80991499902579],[84.49720920854101,27.810142434899422],[84.49746339818344,27.810396574262885],[84.4975481544963,27.810606173329216],[84.49749909349168,27.81098520805073],[84.49749461157077,27.811444475557316],[84.49761946495312,27.811787803492354],[84.49799850537993,27.8120776637482],[84.49838642701745,27.812233778551285],[84.49861828239516,27.81237200925522],[84.49895722016596,27.812643956241406],[84.49901964532583,27.812871388518353],[84.49901516352172,27.813254866206275],[84.498792193332,27.813861296096004],[84.49874313337331,27.814623799485055],[84.49869855520215,27.814851255987303],[84.49858706960887,27.81510092804014],[84.49845781648285,27.81521241023871],[84.49794056101464,27.81538184577832],[84.49686585868304,27.815390829666402],[84.4966518442531,27.815520069992548],[84.49652250680501,27.815653836081683],[84.4964333470359,27.81580551560931],[84.4964333470359,27.815957084963546],[84.49649129289776,27.816260298607165],[84.4968034312191,27.817103039937663],[84.49714237953117,27.8176426376455],[84.49737423985181,27.8178744833316],[84.49769525722863,27.818048443725388],[84.49784243962397,27.818164315777828],[84.49788253655802,27.818240178102297],[84.4981590525887,27.81848984578843],[84.49837306149124,27.818797565593805],[84.4985558568059,27.819408425956325],[84.49863612969878,27.819872201355206],[84.49858706960887,27.820478655581553],[84.49858266780434,27.820665887328058],[84.49858266780434,27.820670345145377],[84.49813672326755,27.820630237837246],[84.49787813470034,27.82052767988729],[84.49755703829533,27.82035380731827],[84.49704873875393,27.819930162569634],[84.49634866913985,27.819502098582095],[84.49589822548786,27.819270207751977],[84.49564410906507,27.819189934240125],[84.4954523404746,27.819172142723566],[84.49537654528619,27.819172070049156],[84.49493505836753,27.819185445909806],[84.49441785171463,27.81931928984193],[84.49427066068276,27.8193593495922],[84.49409681631062,27.81940396559272],[84.4939674732006,27.8194797735513],[84.49332539567303,27.81962692153758],[84.49306670574784,27.8197384149867],[84.49287052645425,27.819867730316172],[84.4921615221071,27.82003271452101],[84.49168439207239,27.820313643948722],[84.491296505933,27.820465281649927],[84.49103780701755,27.820536560692556],[84.49071675302575,27.82064806223215],[84.49056515025296,27.820665920250764],[84.48962430777092,27.82075506004731],[84.4893656814921,27.820808596570227],[84.48910705406784,27.820804181577376],[84.48852735946846,27.820875510193634],[84.48788522211363,27.82088889449911],[84.48678832119361,27.821067193626288],[84.48636918321229,27.82106279759341],[84.48582516388332,27.82105832761164],[84.48479506749558,27.821160904989686],[84.48434469481019,27.821160874583203],[84.48383195737173,27.82120988803864],[84.48325229047029,27.82132140316518],[84.48267253776284,27.82137487272114],[84.48196356971515,27.82157555172912],[84.48144632822674,27.821762832397827],[84.48112522151058,27.821950087686186],[84.48101378241726,27.822119582316226],[84.48092908215965,27.82217754193642],[84.48034938645836,27.822324703441243],[84.47989897950343,27.82251196801945],[84.47925242409863,27.822694792938595],[84.47886453545821,27.822766152076188],[84.47828481927748,27.822953421690844],[84.47648334717523,27.823394865427844],[84.47513226671266,27.823533139456128],[84.47448565857964,27.82356428868116],[84.47416459368716,27.82365800445054],[84.47317912963501,27.82385864417496],[84.47259943713982,27.823929989874625],[84.47253257996998,27.82390770568555],[84.47234081556779,27.82396120341112],[84.47189042697273,27.82397904939203],[84.47156942789954,27.8239343972676],[84.47131080177212,27.824028104109058],[84.47111903336332,27.82402810871485],[84.47066863535836,27.82412172924042],[84.47060625996565,27.824099444959394],[84.47021831395638,27.82415294501524],[84.4700889980481,27.82413511740978],[84.46981699331276,27.82416632602995],[84.46963859211057,27.82418861577237],[84.46924623566714,27.824184166444287],[84.4689608547557,27.824179712931056],[84.46829199779782,27.824175262732854],[84.46777919961478,27.82409048282351],[84.46764987831385,27.824014704281637],[84.46754281767691,27.823880886500334],[84.46752504094785,27.82374716155973],[84.46763650575436,27.82344395573081],[84.46779257214166,27.823171952585692],[84.46811359194426,27.822627942931792],[84.4682250556293,27.822244408063174],[84.46819390667548,27.821481888753798],[84.46823842805426,27.821250088089755],[84.46824291222003,27.820719450190506],[84.46830977429383,27.820487560871314],[84.46831874261407,27.81980081374955],[84.46829640188518,27.81964925103523],[84.4682562846409,27.819591302252185],[84.46812256029459,27.819506520714796],[84.46791740893674,27.819377248848074],[84.46764090989106,27.81918548039695],[84.46719504942423,27.81877974637298],[84.46706572683195,27.81869941903889],[84.46693640395377,27.818703877036032],[84.46668224162516,27.818735082110944],[84.46665101177325,27.81874399694127],[84.46603570021423,27.81894022644228],[84.46558526306634,27.8189758834495],[84.46468453852559,27.8191364415985],[84.46397559257557,27.819189925093255],[84.46320409458806,27.81931481019512],[84.46217408007107,27.819399479204908],[84.46172369327958,27.819493163665776],[84.46069365270738,27.81957345153516],[84.45953873960299,27.81956448248981],[84.45916417479062,27.819595755644887],[84.45895907211069,27.81961357573544],[84.45865137669962,27.819689337585928],[84.45850866057991,27.819724989406346],[84.45843289756016,27.819729533419967],[84.45833478991004,27.819738442574522],[84.45825005680318,27.819742894722236],[84.45767037655011,27.81984993086627],[84.45702381566413,27.820037197056234],[84.45683208051703,27.820095132824974],[84.45672508017869,27.820037176931635],[84.4566582048679,27.8200550030231],[84.45627024646834,27.820202164065986],[84.45588228549816,27.820411730075953],[84.45575293790638,27.820425091338794],[84.45549432195745,27.82059900648115],[84.45498157181487,27.8207283249163],[84.45439737397506,27.821004820017727],[84.45413875203928,27.821080575565],[84.45388012896136,27.821232198366083],[84.4536215047413,27.821325872053833],[84.45342535324731,27.82143729416586],[84.45290809964845,27.821566601197425],[84.45264947113591,27.821700390473307],[84.45219909116427,27.8218297007571],[84.45161935100755,27.821918875263748],[84.45116904321263,27.822030354473192],[84.45058488744111,27.822213222774074],[84.45017462126008,27.822520919528348],[84.45013008614056,27.822556576451106],[84.4498089677029,27.82270372122696],[84.44935416037835,27.822833021177217],[84.44871207343864,27.822904347032225],[84.44860057259427,27.82290433114398],[84.44826166319349,27.82289991606749],[84.44794061461664,27.822935621107888],[84.44727175776474,27.822694821691847],[84.44723611188587,27.82268144512895],[84.44674555830764,27.82239154463027],[84.44640223244274,27.82215970423371],[84.44589388858559,27.821736074178368],[84.44576459904113,27.821580042194135],[84.44534100155889,27.821062726053437],[84.4448995373088,27.820581153076432],[84.44456060650162,27.820139711342314],[84.44409686651609,27.819466367272195],[84.4437580111749,27.81885553698524],[84.4437000130431,27.818547864126348],[84.44349045025422,27.818088520187302],[84.44324075232912,27.817245813974573],[84.44234889667612,27.81636287404233],[84.44171129928567,27.81593483218418],[84.44119850861564,27.815702943779],[84.44062322600753,27.815506700483102],[84.43946391145822,27.815475548072552],[84.43830898032832,27.815274815468104],[84.43747513411208,27.815038480304754],[84.43651645268193,27.814556944301245],[84.43600361657761,27.814222509242754],[84.43555767546074,27.813874714129792],[84.43490670430423,27.81317908830671],[84.4348398040898,27.81309437713159],[84.43467483664817,27.81289365661902],[84.43446964823093,27.8125057898033],[84.43434482025225,27.812126770337528],[84.43434930701346,27.810962866248797],[84.43435371365359,27.81020933112743],[84.4342690259841,27.809906098184523],[84.4339613611415,27.809214900025133],[84.43387218610815,27.808880458946607],[84.43383653208112,27.808751176421403],[84.43383653208112,27.808715514275875],[84.43380079791095,27.80840782831073],[84.43376514384053,27.808046651663936],[84.43368934882334,27.807355498795566],[84.43348872390766,27.806361095331763],[84.43347085671934,27.806053410821054],[84.43337278739155,27.80559414363223],[84.43331029214615,27.805286446336787],[84.43327912462068,27.805068006431558],[84.43315421398609,27.804287582504987],[84.43305614412893,27.803908642072912],[84.43300262227498,27.80321747837188],[84.43290006529266,27.802758113049805],[84.43278412761313,27.80183957730129],[84.43283316278959,27.801456116245113],[84.43287330430059,27.80132675620359],[84.433105179078,27.8005419408657],[84.43311415278974,27.80000689963887],[84.43305614412893,27.79947183824668],[84.43304276367002,27.798860911481388],[84.4329491003722,27.798013689253207],[84.43291793265482,27.79717539577196],[84.4328555170476,27.7970192618451],[84.43283764966644,27.79675177372321],[84.43284213654293,27.7964084162828],[84.43270833132839,27.795489844652682],[84.43207960297951,27.793113088700732],[84.43202167341961,27.792653799709484],[84.43209298365811,27.79166838239495],[84.43210187740087,27.79154355451646],[84.43210636433365,27.791218020418178],[84.43211085126607,27.790914776692624],[84.43211974500613,27.790455494367414],[84.43226685207853,27.790005156395758],[84.43229361334724,27.789924825413305],[84.43262804805315,27.789162362116357],[84.43276185345083,27.78855143407949],[84.43285103017213,27.788399871982747],[84.43291793265482,27.78817242630752],[84.43291793265482,27.788020845400684],[84.43307401144354,27.787717626816683],[84.43308739189534,27.78763738079494],[84.43314091367192,27.787334140281246],[84.43340844170044,27.78665189747782],[84.43377852413467,27.786139087506044],[84.43412633058979,27.785818068232793],[84.4344072342748,27.785456819452385],[84.43470600343204,27.785144704680214],[84.43473276358803,27.785117959973533],[84.43479517719777,27.785010971083782],[84.43486207746308,27.78489051982901],[84.4354551229457,27.783824813977258],[84.43560678843764,27.78356171043281],[84.43595458405156,27.783048968765463],[84.43626223843867,27.782692172129344],[84.43649858641592,27.782540628465107],[84.43738596442118,27.781782581731683],[84.43749291996411,27.781653213244358],[84.4376445801861,27.78155961325353],[84.43768912479378,27.78151949278178],[84.43803250169493,27.781220655735623],[84.43840263506675,27.780859492121117],[84.43890207106907,27.780253040672243],[84.44017732002163,27.77896882463771],[84.4406321985689,27.778670081199785],[84.44147048610363,27.77823753908507],[84.4419877605713,27.778072552773246],[84.44253619309654,27.777969985663294],[84.44266997588758,27.777947710067245],[84.443098078767,27.77791200645253],[84.44326750859013,27.777916484922095],[84.44386944112624,27.7779387580377],[84.4440389488271,27.777903111593798],[84.44409686651609,27.77789865765143],[84.4447256262366,27.77787188871646],[84.44515371410135,27.77787639425455],[84.44533651563874,27.777907622808396],[84.44617481599913,27.778041376372315],[84.4461970850664,27.77803691895598],[84.44651814319647,27.777987817089763],[84.44737428960998,27.778014559716485],[84.44797185445064,27.778157289087165],[84.44822601791687,27.778139476308997],[84.44856933309552,27.778201923690883],[84.44899747298086,27.77817066160756],[84.45045112271924,27.778201889110104],[84.45053586711144,27.77820635433851],[84.45122254848226,27.77813497167789],[84.45157033154358,27.77803690276333],[84.45159259856007,27.77803244435781],[84.45207870624596,27.777898627879548],[84.4528501105737,27.777773827077425],[84.45328262438917,27.77764445831763],[84.45372410556732,27.777550848505552],[84.453746371765,27.77754638968089],[84.4540540929537,27.777483983692818],[84.45417887896141,27.777434941106584],[84.4541833642045,27.777434942332924],[84.45499935235418,27.777127236448788],[84.45542744524094,27.777002408997053],[84.45602941303076,27.77672144133344],[84.45637276256288,27.776650111202432],[84.45749201840128,27.7762220119482],[84.45766148668669,27.776186345800323],[84.45815643378539,27.775923288618486],[84.45833478991004,27.775851950841002],[84.45962347084455,27.775290069342073],[84.46005601471374,27.775067132453266],[84.46079175640405,27.774598959664665],[84.46173706719048,27.77418865135888],[84.46214733244591,27.773943412736518],[84.46273145295149,27.773493062507818],[84.46362331859902,27.77277517334431],[84.46460429905585,27.771602378845696],[84.46507692556528,27.77118768483699],[84.46534006364479,27.770924602638818],[84.46605796172912,27.770188853342827],[84.46639236389747,27.769894547740336],[84.4666421232739,27.769676049948526],[84.466878428775,27.769528891295312],[84.46720393783959,27.769243590645466],[84.46828751363583,27.768244720399984],[84.46852829663428,27.76798162526233],[84.46880919553415,27.767736361176947],[84.4695048709245,27.766960449468826],[84.47012022606452,27.76589924860592],[84.47023168592564,27.765591567144284],[84.47042786117096,27.76521253273175],[84.47051706063631,27.764944984327013],[84.47063300372368,27.764606088056958],[84.47102983481611,27.763691945773438],[84.47157831565015,27.762804626524645],[84.47175671093537,27.762273978488437],[84.47195288106508,27.761894933468582],[84.47227844195864,27.761444619474812],[84.47269752087338,27.760686518775902],[84.47300970629018,27.759776908611375],[84.4730810467093,27.759246259874892],[84.47319698471317,27.758791410432256],[84.47328169617562,27.758639787595122],[84.47357153975963,27.757805972114383],[84.47362502455125,27.757199511708066],[84.47380789733143,27.756214089622134],[84.4738167847418,27.755678977270232],[84.4738881241762,27.755224123085775],[84.4740887708729,27.754541916218162],[84.47413785154426,27.75415841202422],[84.47413336783048,27.754078144318495],[84.47411999675342,27.753855181396872],[84.47410662567329,27.75381059040383],[84.47401743168332,27.753476153800055],[84.47387475304305,27.75301686373547],[84.47375433264024,27.752740400589765],[84.47360276591638,27.75240597245337],[84.47354479734547,27.752379224022928],[84.47351805491908,27.75236584999839],[84.47332629374878,27.752227634702788],[84.47281794345271,27.75195559017333],[84.47211341980405,27.751737080748992],[84.47160065512546,27.751674712304556],[84.47084703341856,27.75164795202739],[84.4707623184291,27.751643502449276],[84.47018260197561,27.75175049912495],[84.47005328598837,27.75175051279094],[84.46954050324648,27.751875338620977],[84.46798875556786,27.752388131190106],[84.46779257214166,27.752517469153233],[84.4674714705019,27.752646814941166],[84.46688731723846,27.752963383784024],[84.46643256249688,27.75337804659514],[84.46625863529034,27.753627778133986],[84.46623629377468,27.753658992846358],[84.4661204220494,27.75374818943613],[84.46547827872922,27.754260959525222],[84.46495656712656,27.75484069571998],[84.46451957502526,27.755237505076334],[84.4638016580652,27.75602673725989],[84.46295888518804,27.756744709423707],[84.46243715112223,27.757275284213147],[84.46213395862875,27.75745812352821],[84.46187088621468,27.757707847012668],[84.46165682367915,27.757837169311802],[84.46120202828601,27.75823404976427],[84.46066241965924,27.758568498676055],[84.46014074520654,27.75896528620805],[84.45981968166085,27.759116902991217],[84.45951647560801,27.759210551021585],[84.45923553209491,27.759299737457095],[84.45870047032368,27.759353256299615],[84.45833478991004,27.75939339133257],[84.45820544773639,27.759402309767054],[84.45750090829044,27.75943352871242],[84.45711744049319,27.75941123533293],[84.4570283006893,27.75942015535769],[84.45666709488368,27.75944690919686],[84.45577079830294,27.759415691167447],[84.45485670742492,27.759304205516766],[84.45436173243206,27.759246229180892],[84.45382222094318,27.759219465803984],[84.45301510696163,27.759170484867646],[84.45269400433995,27.759112505994093],[84.45231058515934,27.75899656099847],[84.45199396408587,27.758818186820488],[84.4510441706941,27.757930795225953],[84.4504733901612,27.757467025491408],[84.45036637820448,27.757328789143937],[84.44998734925238,27.756981051194934],[84.44914902333737,27.755866231361626],[84.44868531966344,27.75511716376427],[84.44811900185495,27.754443800744927],[84.44780243822807,27.754002327096153],[84.44763742715739,27.753730307294777],[84.44711571676842,27.752950009000678],[84.44698634981627,27.75275379456429],[84.44610344278045,27.751558759836122],[84.44585375598801,27.751309027453626],[84.4458225951298,27.751286731294208],[84.44563971500335,27.751152939496862],[84.44534540737295,27.750827483902487],[84.44498869557177,27.750287891215507],[84.4449129150622,27.750113976216074],[84.44488615955234,27.750060463278043],[84.44485491807326,27.750047082068452],[84.44475686778462,27.749998114098542],[84.44419499801621,27.749752810573874],[84.44406570472373,27.749351468622653],[84.44404335473905,27.74917755370925],[84.44393633103839,27.748892241362846],[84.44368222907406,27.748490889106204],[84.4436197448157,27.748321429270998],[84.44357520471397,27.748250079186757],[84.443231780167,27.74768826689581],[84.442995459331,27.747398393127934],[84.4428884337169,27.7472690639741],[84.44283940694817,27.7471665859698],[84.44265659762222,27.74680982625882],[84.44242027446722,27.746466438730625],[84.44218395035946,27.74589125472495],[84.44175584080374,27.74532050865744],[84.44164881292629,27.74512874668873],[84.44119850861564,27.744571377298666],[84.44074812073406,27.74384454613396],[84.44057868362889,27.74367507362319],[84.44027986427842,27.743465450590083],[84.44017291381907,27.743331750314525],[84.43918743827062,27.742604855412136],[84.43828670826414,27.742069806245667],[84.43725665611102,27.74159270697637],[84.43656989121186,27.741342981732053],[84.43519649752551,27.740981768223158],[84.43476841707027,27.740999635796246],[84.43442510117788,27.741057561146036],[84.434081783276,27.741039764909363],[84.43373838324311,27.741111063270033],[84.43356892588318,27.74111549719331],[84.43314091367192,27.741209171947208],[84.43279310137399,27.74122704547104],[84.43253887099286,27.741284975628886],[84.43150887814062,27.74164620128801],[84.43116546304633,27.741704113791496],[84.43038960675226,27.74205199194445],[84.42991694074236,27.742167852657218],[84.42970292170526,27.74222141687242],[84.42901622862215,27.74229719143991],[84.42832952750314,27.742297242530967],[84.42661722690283,27.742203531482183],[84.4261846765946,27.7420875900453],[84.42558713010469,27.741918189961186],[84.42515465233849,27.74172198027005],[84.42451694816272,27.741320680530617],[84.42436533413755,27.741191326790204],[84.42423607726246,27.741124500172297],[84.42417365242052,27.741093271335146],[84.42411122751217,27.7407677253984],[84.42421820725673,27.74008100529323],[84.42435195169686,27.73962171712781],[84.42445901113697,27.73937201603866],[84.424481288451,27.739220400780603],[84.42456599024773,27.739064339095815],[84.42461062492019,27.738836920921],[84.42484693970317,27.738301840726308],[84.42495399824053,27.738150244400504],[84.42515016487415,27.73746353151775],[84.4251947189692,27.73699975707392],[84.42564955344349,27.735550611470668],[84.42605983098879,27.73495749226051],[84.42634077329427,27.734190600695438],[84.42640319583158,27.73411471143604],[84.4265770811118,27.733655501504654],[84.42670641296309,27.733428090277197],[84.42679111154894,27.733120396603745],[84.42713895942623,27.73252734182658],[84.42748672511178,27.73138129148145],[84.42761156768239,27.73115387401472],[84.42787471379708,27.730386959413977],[84.42793713470292,27.730003442352384],[84.4279415418247,27.729695815469213],[84.4282626197883,27.72870582981106],[84.42839635501282,27.72809050581141],[84.42837407918472,27.727938873657866],[84.42844098677247,27.72732799756658],[84.42841871096131,27.727176364813587],[84.42848553836944,27.726944558343998],[84.42865949760854,27.72656551421148],[84.42861486601507,27.726333599733223],[84.42872191767962,27.72603044671291],[84.42885565185745,27.725415023452538],[84.42918121197611,27.724496457408492],[84.42919900034308,27.724269099186206],[84.42928818247985,27.723961388739806],[84.42931053808857,27.723733945668304],[84.42941750835654,27.723372806686353],[84.42948441475461,27.7232167250423],[84.42957359645762,27.7224542005906],[84.43009081561149,27.72107636672396],[84.43034946354184,27.72061704028122],[84.43047878707947,27.72031387759713],[84.43060811033205,27.719850069125474],[84.43095593558402,27.719011747823263],[84.43119222481744,27.718093213879676],[84.43132603348994,27.71725039373531],[84.43156232123282,27.716487948649213],[84.43175854590196,27.716104417623754],[84.43192800849151,27.715417780220918],[84.43205732854969,27.71509221687609],[84.4322311970758,27.714784585970094],[84.43257901270525,27.713790132352255],[84.43259239326993,27.71375891383272],[84.43273060551103,27.71348695631745],[84.43288227804779,27.7129518595436],[84.43303387006989,27.712033279810054],[84.43325236380153,27.711190525245325],[84.43340395486726,27.710271935702146],[84.43349313061245,27.709433617436126],[84.43347534354741,27.708332224571098],[84.43347534354741,27.708207339574905],[84.43339057448769,27.707748107727266],[84.43337278739155,27.70769904563916],[84.43326574421263,27.70736460739088],[84.43307401144354,27.70652633492042],[84.43303387006989,27.706294398617494],[84.43292682627252,27.706026861328873],[84.43279750813105,27.70564335585519],[84.43271281821477,27.705491788748315],[84.43254335789223,27.70525992560292],[84.43211525807439,27.70481848916667],[84.43160246361337,27.704457237336214],[84.43125912919183,27.704283335662716],[84.43106738986458,27.70420311677934],[84.43066163437052,27.70393554058248],[84.43034505660091,27.70368581537942],[84.43027815118418,27.70363237201709],[84.43008640865112,27.70351638020127],[84.42938185162222,27.7031730238229],[84.42895821590956,27.702999103897035],[84.42828938288338,27.70273157358737],[84.42771413390884,27.702401607388033],[84.42681338797789,27.70209844136308],[84.42655921181873,27.701960133308702],[84.42578778203837,27.701674821685415],[84.42572535884656,27.701674811945377],[84.4252750124148,27.70148303706672],[84.42495399824053,27.701425091682157],[84.42450805327036,27.70123331275042],[84.42424945972957,27.70117537594013],[84.42392835981198,27.701023758508637],[84.42316138307332,27.70073388342093],[84.4230321235474,27.700658126755982],[84.42206895882597,27.700386141673537],[84.42161858434434,27.700194353844314],[84.42091400580588,27.70006058774577],[84.42057068899604,27.69996248514793],[84.42012030302241,27.699882199789666],[84.41935335668033,27.69974850519215],[84.41845256260628,27.6994764167467],[84.41774802622443,27.69911078969264],[84.41723526652898,27.698959208177182],[84.41666447749569,27.698745165087484],[84.41640144142384,27.698647070818616],[84.41556752433605,27.69820557544103],[84.41447952725312,27.697741895305025],[84.414091610345,27.69762592472004],[84.41377053503291,27.697492126096304],[84.4128073787192,27.697197865779522],[84.41204041704357,27.696908019617837],[84.41193341511534,27.696850008773982],[84.41148304306573,27.696693960205984],[84.41032812235053,27.696212387517072],[84.41000702647393,27.69602068408666],[84.40898144763966,27.695592570611705],[84.40846869158969,27.69530277554934],[84.40814758555459,27.695186804053662],[84.40782655792226,27.695012939535566],[84.40725134897056,27.69476317521379],[84.40714433832305,27.69468294761073],[84.4067162136266,27.694433220377075],[84.40626588175705,27.694125503955696],[84.40594484384856,27.693853506172253],[84.40498612844897,27.693278277799813],[84.40459814887737,27.69301080365411],[84.40267632967432,27.692154618307057],[84.40171315189204,27.691615047710034],[84.40146784566682,27.691432267888363],[84.40145894728451,27.691423344978727],[84.40043337966343,27.690808008310906],[84.40011230991091,27.690669717383656],[84.39983581173324,27.69057613328826],[84.39962184341982,27.69050032627061],[84.39917145721779,27.69026394940732],[84.399001980278,27.690134627405765],[84.3988726676015,27.690032082739204],[84.39829296171247,27.689688697290972],[84.39797196044717,27.689572795454467],[84.39745910838745,27.68930079522729],[84.3973565695075,27.689242774339284],[84.39688395836441,27.689010934354595],[84.39662532341572,27.688877207258333],[84.39658964677591,27.688863813056788],[84.39585831097892,27.68866309634552],[84.39476586019937,27.688293016511263],[84.39406128042197,27.687927352934555],[84.39354855462773,27.687735631276],[84.39284396027563,27.68728976165931],[84.39278158226267,27.687236214241796],[84.39246047075132,27.68694642622636],[84.39222418608088,27.68675462612809],[84.39192095136103,27.68640685877208],[84.39188527186901,27.68636670035856],[84.39151965605265,27.686116950801924],[84.39126548757899,27.68588954509202],[84.39107369789691,27.685769213127532],[84.39075265724797,27.68563545089538],[84.39054306582966,27.68559977264079],[84.3894684771428,27.68542137088041],[84.38908496562641,27.68530541983933],[84.38857219648222,27.684997794254766],[84.38812621599706,27.684801524357287],[84.38722550472707,27.684284267608223],[84.38639614538108,27.683704588025147],[84.38607507922417,27.68343262705853],[84.38594573814233,27.683379133706648],[84.38504948404399,27.682701284413177],[84.38402387100248,27.682179577674233],[84.38344866988217,27.68177386117895],[84.38261476663357,27.68135018072852],[84.38248549814355,27.681350213588033],[84.38226256546575,27.681283294865917],[84.3821020213385,27.681234244718716],[84.3817809317713,27.68121643370771],[84.38152231065501,27.68115404670325],[84.38133056942934,27.68115850865676],[84.38100955585057,27.681100464824418],[84.38055918761134,27.681113905797424],[84.38024258052751,27.681073791550265],[84.37876217123105,27.681243218177762],[84.3786328140904,27.681301141509643],[84.37773652891593,27.681510710836744],[84.37760724972173,27.681568725373094],[84.37713456022873,27.681760474157883],[84.37677334398501,27.68191650246984],[84.37655937203975,27.682005698714143],[84.37623825226522,27.6821037571504],[84.37503435833351,27.682652241792173],[84.3749986686104,27.68268790685857],[84.37495407647656,27.682736949451698],[84.3746151430759,27.683321096679077],[84.37444126451243,27.68351289775976],[84.3740310277693,27.683851770522963],[84.37386155865867,27.683945440686607],[84.37317485489004,27.684150531852225],[84.37291627620493,27.68426199862555],[84.37244362929358,27.684351227099064],[84.37222956142425,27.684391345820785],[84.37180150355958,27.68452064992067],[84.37126195533277,27.684859531389513],[84.37081159280449,27.685296497506773],[84.3703790330002,27.68578699355298],[84.37016054618167,27.68610365063781],[84.37014265974328,27.686130401087308],[84.36981717374164,27.6864336180278],[84.36973247329479,27.686469255282283],[84.36947379930197,27.68671451975844],[84.3690725114792,27.686941955121206],[84.36906360820052,27.686941950776696],[84.3690502131751,27.686955323665032],[84.36887182643875,27.687111335554622],[84.36877822131218,27.687164898124195],[84.36863552735008,27.687245104451044],[84.36855972856199,27.68733435821031],[84.3683724369588,27.687548348768946],[84.36828773443672,27.68765981017449],[84.36809595015158,27.687793599451275],[84.36800234379345,27.687842700802886],[84.36794435109087,27.687869429015475],[84.36762326459767,27.688150335026254],[84.3674493654124,27.688243992179515],[84.36732006365628,27.688359886990344],[84.36708375834968,27.68864530151418],[84.36706145929358,27.688721113600092],[84.36684296018274,27.689024287876137],[84.36645505007543,27.689345384420665],[84.36626325983045,27.68964856996923],[84.36604475776251,27.69010338950425],[84.36588874165697,27.69055824610967],[84.36565235040123,27.691093333950324],[84.365554248153,27.691432253427624],[84.36542943426363,27.691855812954493],[84.36542494224213,27.692769971121567],[84.36538034286716,27.692997413909662],[84.3652020252451,27.69352798209087],[84.3652020252451,27.693684087893963],[84.36489431979464,27.694669508588838],[84.36484972001847,27.695048593110158],[84.36473830064612,27.69535627769608],[84.36422098793085,27.696096433274022],[84.3640916790973,27.69619010695471],[84.36368145056205,27.696622666826013],[84.36324891867665,27.696925867966396],[84.3625354587448,27.697799870990583],[84.3621921221294,27.698085191940653],[84.36167935961359,27.698388425318548],[84.36090346893594,27.6987095075972],[84.36060023345406,27.698870055018798],[84.36013198025871,27.69912415582748],[84.35935614945723,27.699480909201235],[84.35860702303498,27.699971382331995],[84.35774637430258,27.700386133555877],[84.35680107423137,27.70095246276482],[84.35611433227446,27.701295777369438],[84.35602961215231,27.70129135023675],[84.35534294144854,27.70159452334993],[84.35474098485044,27.70176395166006],[84.35456704769452,27.701839740195794],[84.3544823253518,27.701839771894363],[84.35388035997839,27.702044874733314],[84.35242223528675,27.70260670796638],[84.35139220341672,27.702829696165256],[84.35105329509368,27.7028654033811],[84.35079461943981,27.70294121487085],[84.34985378149868,27.70286089413359],[84.34891292856935,27.702834173986897],[84.34856959295173,27.702758376573353],[84.34814152389795,27.70271373538149],[84.34806120544117,27.702695924577114],[84.34762871956585,27.70259785121215],[84.3474681613876,27.70254430355517],[84.3472407634009,27.702468498514207],[84.34669224440081,27.70228568521447],[84.34583615622279,27.702071694607987],[84.34523859627376,27.701821941666864],[84.34440920803422,27.701318068777493],[84.34440479465621,27.701318067286945],[84.34372697612488,27.700992518878966],[84.3429376892962,27.700506505216232],[84.3420860405142,27.700158697964813],[84.341314626949,27.69979301762047],[84.33948640159201,27.698731743278124],[84.33905826672896,27.69857575332823],[84.33837605329805,27.698268016745487],[84.33777857841642,27.698089682432403],[84.33709626996409,27.697764185201606],[84.33675294593701,27.697648220489675],[84.33589679402628,27.697505525844544],[84.33512979401476,27.69733158892181],[84.33485339228343,27.697193376001085],[84.33461703728108,27.69715768083657],[84.33342200550535,27.696671726102327],[84.33333283863371,27.696653813259],[84.33299390698485,27.69659144866241],[84.33218681968116,27.69635957457243],[84.3320530263998,27.69632387172066],[84.33145556788563,27.696069692646912],[84.33142434641904,27.696051826383343],[84.33119688670244,27.69589580326617],[84.32939989208602,27.69493708851849],[84.32858834118281,27.69443322220886],[84.3281602879428,27.694245893337065],[84.32791949158447,27.69408093459793],[84.32747802904886,27.693782180944464],[84.32688052432735,27.69328277088749],[84.32668876609252,27.69310884272086],[84.32654163597488,27.692823455230048],[84.32634987664179,27.692596095717327],[84.32622497989809,27.692248284396975],[84.32618484592705,27.692020878825726],[84.32618934093317,27.691392113057248],[84.32612689242485,27.690874874245797],[84.32613138743535,27.69013014368917],[84.3261759361818,27.689862667475417],[84.32618043118858,27.68984483264451],[84.32615811668724,27.68961288987772],[84.32616261169538,27.689407821931137],[84.3262027456815,27.68940776777052],[84.32674222408065,27.68931412632329],[84.32706329206232,27.68914474385803],[84.32758060918273,27.688952963298153],[84.32835645598495,27.688498163209413],[84.32848576279615,27.688386681792686],[84.32863738289949,27.68831090064405],[84.3288959950113,27.688083476536928],[84.32906992747485,27.68800316501435],[84.32967631930487,27.687436884707115],[84.33010885628389,27.686866084442713],[84.3302827851814,27.6864648183115],[84.33026496692378,27.68606347950697],[84.32999295690995,27.685376742734363],[84.32969421800301,27.685033416088775],[84.32937316429864,27.68474359107472],[84.32911896879232,27.684587536829028],[84.32886035765523,27.68449383352049],[84.32858384635895,27.68422634298561],[84.3283698602423,27.684110376931546],[84.32741116725397,27.683361228438457],[84.32674671904441,27.68291981014129],[84.32640333493607,27.68282174549308],[84.32606444385063,27.682665613245767],[84.32546251006266,27.682340122362472],[84.3252306126143,27.68213055713542],[84.32495416462453,27.681439427393283],[84.32476689526128,27.680922144024873],[84.32478921028722,27.68065900926514],[84.32494525469397,27.68037368736115],[84.3251860631562,27.679740449117602],[84.32519047796886,27.67922769657665],[84.32516816309422,27.679151851477982],[84.32482934520479,27.67871043705929],[84.32459295014826,27.678309069134468],[84.32436112956286,27.6780193059439],[84.32414704790415,27.677617956329314],[84.32391964047957,27.67698920820022],[84.32383495446987,27.676873256109836],[84.32375018806773,27.67664588120874],[84.32366550181555,27.676186570884127],[84.32337564112909,27.67526355601453],[84.32321068239209,27.674518885269258],[84.32310809468288,27.67377417478359],[84.32311258992269,27.673029557652686],[84.3228494572747,27.67170519852382],[84.3226354504208,27.67130383850547],[84.3221493967211,27.670438793359136],[84.32181048127593,27.670153380219187],[84.3215964706656,27.669899212405078],[84.32125755205465,27.669631728568852],[84.32102122300711,27.669324012775196],[84.32032114083172,27.668686341647586],[84.32021413293111,27.66855260979382],[84.31991534465575,27.668343054930364],[84.3196611887994,27.668111149016553],[84.31944717041907,27.667843594362893],[84.31910831978092,27.667495816934064],[84.3188318431967,27.66728173008005],[84.31861782181846,27.667067699868987],[84.31851073056085,27.666991860517943],[84.31825656867488,27.666742197901968],[84.31818078551352,27.6666663902377],[84.31808718033076,27.66656826423059],[84.31770810191117,27.666033187498122],[84.31702588308893,27.665319770343082],[84.31687872895168,27.66522614262142],[84.31668701859424,27.665029882133442],[84.31568366004177,27.664280743008764],[84.3149167191303,27.663817028170993],[84.31453328509214,27.66346919473184],[84.31444850537173,27.66342905774955],[84.31417208731546,27.663277499614157],[84.31376624899947,27.663045614494653],[84.3131687664422,27.66283157401222],[84.31248207956968,27.662902925711755],[84.31136279421797,27.66300990368019],[84.31016335866185,27.66325070704747],[84.3096460499231,27.663286429086963],[84.30913331326003,27.663264081247178],[84.30862049186841,27.663032258972983],[84.30827716321465,27.66295199353171],[84.30793375227903,27.662795893887303],[84.307532447944,27.6625461567266],[84.30659156410077,27.661832700015403],[84.30639982045108,27.66169896118064],[84.30544558947858,27.660945337872977],[84.30503985198106,27.660695678481314],[84.3045269951679,27.66044144667188],[84.30426835691128,27.66036571505438],[84.30418364280044,27.66030773205592],[84.30350142882757,27.66003566699941],[84.30256056129618,27.65982168219767],[84.30213248049743,27.659759247037854],[84.3015305443614,27.659580838230564],[84.30110687273371,27.659406975897205],[84.30078582462819,27.659139456998812],[84.3005718183597,27.65884956583495],[84.30053166700377,27.658675648114663],[84.30053616395698,27.658448250310233],[84.30047368839782,27.65822086962539],[84.30026409767352,27.65772141762093],[84.30009024120409,27.657529700610027],[84.29983608059827,27.65737358477365],[84.29874803604233,27.65706146640893],[84.29836008057241,27.657003522095728],[84.29806134269137,27.656900974753317],[84.29754850582013,27.656842986790352],[84.2970312476034,27.6569544993366],[84.29668793213712,27.656972341145863],[84.29617066641553,27.657119445932864],[84.29582734596826,27.65715512790924],[84.29548844056033,27.65711498074526],[84.29514503585455,27.657132814909126],[84.29462783698953,27.657052601363887],[84.29445838110121,27.656994610755827],[84.29385636707377,27.657030277400693],[84.29351303323286,27.656949976126377],[84.2931696974051,27.656967808211633],[84.292870933384,27.65692769818292],[84.29227340082862,27.656749341822586],[84.29193005782767,27.656749328000153],[84.29166694732032,27.656686950001177],[84.29141724826597,27.656628958872552],[84.29124336586582,27.656628949365256],[84.29111847542104,27.656606687376602],[84.29085985900201,27.65653084302635],[84.29073504806613,27.65647289880558],[84.29045410202605,27.656432713172048],[84.29019990013181,27.656410487614227],[84.28987887330861,27.65631235986486],[84.28953551645324,27.65623659791709],[84.2892813909424,27.656116150446547],[84.28893803063042,27.656116128679272],[84.28863924530403,27.65605816630466],[84.28838061808126,27.65597794557866],[84.28825580193147,27.65593775234215],[84.2880818299489,27.65584415094512],[84.28748432949244,27.65581743777096],[84.28727027523762,27.655759388710386],[84.28701164205005,27.655719311052277],[84.28652119974971,27.65569699706676],[84.28643646029123,27.655679148122033],[84.28598609414419,27.655616729165132],[84.2853885725933,27.6555364785231],[84.28487578683574,27.65539824427244],[84.28393486485884,27.65527780760821],[84.28333740299027,27.65509950597257],[84.28188372536513,27.654613411959104],[84.28162956709889,27.65449749938869],[84.28128616253049,27.654283435598508],[84.28094283630566,27.654185350968035],[84.28066634238141,27.65402926328529],[84.27957834798092,27.65364134826239],[84.27900309421635,27.653311388468172],[84.27860183515018,27.65302151251637],[84.27845016735384,27.652963610999784],[84.27813357564767,27.652731730214033],[84.2779419006813,27.652499819936267],[84.27762080757691,27.652325919478418],[84.27742905062208,27.65215199364388],[84.2771570390664,27.651786341997596],[84.27709020083256,27.651750668554204],[84.27658626062238,27.650997104046763],[84.27630982675475,27.650426342100367],[84.27568111767975,27.649329417272483],[84.27534217758429,27.648870090522042],[84.2750033158927,27.648522284172696],[84.27489630653596,27.64834836576306],[84.27436567545979,27.64782671401218],[84.27394205091305,27.647251479889057],[84.27375478106778,27.646966122502654],[84.27324639388758,27.646328419149903],[84.2728674305133,27.64569524487261],[84.27257314374147,27.64495055887537],[84.27223418591863,27.644375324251644],[84.27157876021326,27.6434522979924],[84.27101242737649,27.642413298648414],[84.2708429844278,27.64216364042384],[84.27069579604051,27.6420120573876],[84.2702320538258,27.64126286581578],[84.26999576243905,27.64097306651079],[84.26978614443829,27.64061183220816],[84.26970146144873,27.640491464072635],[84.26938482312961,27.64007228391591],[84.26919311994271,27.639916275004456],[84.26904592747019,27.639742295102312],[84.26898349911167,27.639626412785884],[84.26879179463062,27.63943462642521],[84.26864018214098,27.639341027928683],[84.26830578163162,27.6388773046647],[84.26794454340818,27.63852943877572],[84.26734700107505,27.638128105691408],[84.26709286097334,27.638007792213184],[84.26666476542152,27.63787396642947],[84.26632143506133,27.63781153271263],[84.26615197874216,27.637829343344215],[84.26435502104553,27.637414723225305],[84.26410078780434,27.63729877229568],[84.26339625713858,27.636852857263744],[84.26307966559521,27.636585333912816],[84.26265604097524,27.636121568811056],[84.26227701009223,27.635604326811386],[84.26204518696049,27.635144997953397],[84.26170624946965,27.634699088865474],[84.26106862712108,27.634164025249074],[84.26026152483536,27.633619995374282],[84.25991815751017,27.633463952750056],[84.25940539301989,27.633307871120408],[84.2586384478817,27.633169658922817],[84.25821037183603,27.63314733354652],[84.25795169251498,27.633218639100235],[84.25760839221998,27.633370314528918],[84.25709110758079,27.633825106315232],[84.25666302040324,27.634034657841607],[84.25644901584081,27.634222007392758],[84.25627511145386,27.634315637979803],[84.25585143838032,27.634409293820756],[84.25542342264887,27.634404805710513],[84.25422840186216,27.634262077439793],[84.25371558834219,27.6340480703079],[84.25348373185267,27.633914289346713],[84.25260974129972,27.633200879860315],[84.25142358499835,27.63204593805667],[84.25104456293366,27.631564351351912],[84.25083053817,27.63135029078866],[84.25046935456726,27.63087318659632],[84.25032219613384,27.630775112072552],[84.25015277461421,27.63071715780875],[84.2500011146192,27.630699284508648],[84.2499565086648,27.630694851600566],[84.24956863638052,27.630668096847373],[84.24811935728272,27.630351435595358],[84.24760657151437,27.630137406386353],[84.24726771253978,27.629976880200832],[84.24694661455487,27.62978514736146],[84.24654529992102,27.62943734692747],[84.24614398258298,27.62920544293723],[84.24578285093047,27.628915601862044],[84.24561341649597,27.62882204239328],[84.24489098381162,27.628224504587145],[84.24444954644348,27.627591311221508],[84.24409282536465,27.627185480618703],[84.24350420680044,27.626378449526932],[84.2431474800607,27.625803181740633],[84.24279525250894,27.625112019714727],[84.24313413692805,27.625018364293755],[84.24312963562961,27.625000511790965],[84.24309402713178,27.624862347932673],[84.24205051989577,27.624144422303836],[84.24102942129043,27.62364048088824],[84.24013756339166,27.62307425609342],[84.23988346785978,27.622882514563138],[84.23973628327093,27.622708586387756],[84.2396337120372,27.62242319306057],[84.2396337120372,27.622213607153284],[84.23963821359975,27.622062024447825],[84.23947318287895,27.621446679806805],[84.23928146371321,27.621272778345368],[84.23898717158413,27.621080974316772],[84.23832719952075,27.620728756603963],[84.23781883116035,27.62024710987715],[84.23764945446433,27.6199394922727],[84.23760926058826,27.619787839942184],[84.23755130097122,27.619538107113716],[84.23744872597686,27.61907889867475],[84.23734172945842,27.61770548332931],[84.23726150204061,27.617170373771412],[84.23719904033895,27.617018777754478],[84.2372035420854,27.616862730128354],[84.2372704251355,27.616635299960862],[84.23727484648833,27.616407867901234],[84.23727484648833,27.616314180602153],[84.23716784965775,27.616122459924043],[84.23649009141799,27.615734515032344],[84.23597728593951,27.61555621696095],[84.23578555552815,27.61544021473763],[84.23559374410962,27.615377833871165],[84.23540201246465,27.615355518650823],[84.23463057777765,27.615137047055104],[84.2341802212331,27.61509686689056],[84.23353812364698,27.614971998021474],[84.23295848535608,27.614949739732467],[84.23187042234083,27.614726773753862],[84.23109902235466,27.614508284545874],[84.23059067275062,27.61428982176125],[84.22943575516474,27.61391523352177],[84.22917711166286,27.61387505346915],[84.22853504060205,27.613848312068715],[84.22730876697379,27.614004406047478],[84.22653730798535,27.613999942938186],[84.2262162591111,27.61395538142107],[84.2256410522743,27.613776953252096],[84.2250658398916,27.613505013693022],[84.22353636226595,27.612457133365158],[84.22334459185524,27.61235895796158],[84.22300125293476,27.612238602330546],[84.22268018503271,27.61218064826301],[84.22248849227863,27.612176162601884],[84.22229671850035,27.612118226729695],[84.2218463492294,27.612073635074047],[84.22114180116016,27.61183725895054],[84.21992896513764,27.611288782344364],[84.21942060076105,27.610958834867134],[84.21859122256826,27.610548617716898],[84.21700376025056,27.60911725144151],[84.21660690817944,27.60842609786331],[84.21635279280326,27.608194244054964],[84.21609859592873,27.608055986001368],[84.21533165625046,27.607837507272972],[84.21475192148169,27.607792865856347],[84.21443088962528,27.607690281179615],[84.21423917037889,27.60767248897493],[84.21402509388226,27.607725951273373],[84.213507833004,27.607721558287352],[84.21331611079414,27.607659150959776],[84.21312438796876,27.60754320685889],[84.21295494115057,27.607427208063736],[84.2123841905473,27.606865410738553],[84.21204971545242,27.606423909222737],[84.2118000039235,27.6059646090503],[84.21149230641373,27.60519764366952],[84.21128722747544,27.60435490867014],[84.21127830049389,27.60351658770417],[84.21109992142986,27.602673797049675],[84.21110884843807,27.60198709985888],[84.21080114736776,27.601108670374696],[84.21068075265974,27.600569168690704],[84.21043553917397,27.599877952596998],[84.21034192510149,27.599115503144805],[84.21017247038928,27.59880782895489],[84.2100297162838,27.598348501553996],[84.2098647644954,27.59811659261836],[84.20946344156732,27.59772868097758],[84.2092494283786,27.59761278182268],[84.20899528169454,27.597478971113926],[84.2084378441527,27.59737643298198],[84.20833529952831,27.597385369188284],[84.20824610566875,27.59738977506516],[84.20798745076578,27.597407647206374],[84.20762182535158,27.597478975220053],[84.20614144582348,27.597461126731556],[84.20537445871837,27.597300591298733],[84.20409470401869,27.596921572366885],[84.20358186143548,27.596725395851212],[84.20262316538802,27.596426667192787],[84.20166445396349,27.596034238247874],[84.20159761144077,27.596034217841698],[84.20128101335028,27.595896005306095],[84.20095990910266,27.595699782035844],[84.19974706542479,27.595169142655575],[84.19949287832796,27.595013094536448],[84.19891765537301,27.594816887194224],[84.19815516070281,27.5943531118156],[84.19757992487818,27.593844853695373],[84.19753978445677,27.593769027225896],[84.1973079508744,27.593519321035647],[84.19701361263363,27.593153681433705],[84.19678620136366,27.592770131050237],[84.19665692969735,27.592654267706134],[84.19623331567014,27.592400037474974],[84.19578741562775,27.592070098833577],[84.19530137033682,27.59158848264906],[84.19521658149515,27.591548358841024],[84.1950248810428,27.591374474701805],[84.19471275309988,27.590933040324682],[84.1940171363319,27.590255192329323],[84.19386549450297,27.590157130976277],[84.19354893591827,27.589867293745222],[84.19314758388354,27.589595332092525],[84.19276408865385,27.589287617982432],[84.19130152292026,27.588333322666163],[84.19104738037663,27.58810149914491],[84.19073072642807,27.587887409993844],[84.19011543469534,27.587325594705284],[84.19001285864074,27.587151676049654],[84.18992814275485,27.586924248499518],[84.18988799719817,27.586826198464237],[84.18935290825848,27.58683954354161],[84.18832286265763,27.58703575385438],[84.18812663466716,27.587017918777754],[84.18774318770848,27.587049103761146],[84.18626271826562,27.587067016811357],[84.18529513554502,27.587169530075755],[84.18471543127016,27.587276561375965],[84.1840064223792,27.587347933918117],[84.18336434852547,27.587508390275897],[84.18232985489998,27.587668940961944],[84.18220047153535,27.587668973318436],[84.18213811315962,27.58762879815556],[84.18187942578486,27.587624404047677],[84.18137114005766,27.58746385166246],[84.18105008986026,27.58727213444042],[84.1806308713469,27.586844034977293],[84.17965885244648,27.58572926369661],[84.17919504581475,27.585261011024066],[84.17890520507919,27.584801730804493],[84.1787581115763,27.584494052929315],[84.17853063092362,27.5839589425656],[84.17842811548324,27.583575494233603],[84.17843254119269,27.583348130324946],[84.17842360930601,27.58333472827046],[84.17837009842549,27.583285640776925],[84.17828987224888,27.581796336610793],[84.17799109518138,27.580650359560863],[84.17784842518599,27.580266830861973],[84.17751399830358,27.579727322868813],[84.17721972363374,27.579379478350496],[84.1768807869476,27.57908964159954],[84.17652406447495,27.578648159760526],[84.17640368122558,27.57841628082044],[84.17632337194475,27.57810862094209],[84.17643490364237,27.577653805952988],[84.1764393294991,27.577421973728686],[84.17638139098509,27.57711872889931],[84.17630108167435,27.576962682033074],[84.17619405607287,27.576846744716114],[84.17593992985603,27.576708498386846],[84.17561885054208,27.576610372509933],[84.17536472188502,27.576588134200467],[84.17485187441852,27.57643200603688],[84.17453086974547,27.576293813046824],[84.17415184220886,27.57594597959101],[84.17392442453585,27.57555799950241],[84.17363013223185,27.575232540832236],[84.17337591466445,27.57511213336522],[84.17286313064798,27.57508539602191],[84.17215856855285,27.574849035963354],[84.17171273057723,27.574630558781564],[84.17133368521284,27.57439863646011],[84.17120435857073,27.57429612803201],[84.17107953837953,27.574068695876292],[84.170749499987,27.57352916634935],[84.17051764310658,27.57325718106188],[84.17022333407016,27.57304308285318],[84.17000934144052,27.57294496828272],[84.16943858338658,27.57257489776924],[84.16912197610986,27.57230292817449],[84.16897477810537,27.57208883327667],[84.16881430048134,27.57160726674412],[84.16864480860247,27.571299606169084],[84.16820787789717,27.570719890559793],[84.16782438387263,27.57046572799378],[84.16693698619375,27.5697656625248],[84.16666503392157,27.569582833681196],[84.16662036570327,27.56955160140724],[84.1660140014077,27.568971913287996],[84.16580442039216,27.568682109756203],[84.16548779392004,27.56833427373399],[84.16526034336832,27.567870503411847],[84.16503297243916,27.5675629067777],[84.164801093446,27.567174892775714],[84.16415454794196,27.566363354467875],[84.16400733773975,27.566247415027117],[84.163820125118,27.56602003106375],[84.16329840569065,27.565302069120946],[84.162905946061,27.564459320130464],[84.16284356760191,27.564379063531263],[84.16270086154117,27.56391981759553]]]},"id":"0000000000000000018b","properties":{"DISTRICT":"CHITAWAN","GaPa_NaPa":"Bharatpur","Province":"Bagmati","STATE_CODE":3,"Type_GN":"Mahanagarpalika"}},{"type":"Feature","geometry":{"type":"Polygon","coordinates":[[[84.67680400832982,27.730431528330516],[84.67635360906255,27.730507297348595],[84.67551527458691,27.73056085831843],[84.67481073545176,27.73055638444585],[84.67410179919806,27.73064559513041],[84.67352211663585,27.730663395153677],[84.67313863725332,27.730721381244745],[84.67249207852434,27.730926463220893],[84.6708154444041,27.731871814923704],[84.67021346561903,27.73232661824807],[84.66995484581115,27.732478251266134],[84.66879547108763,27.7328171454225],[84.66821573506837,27.7330624199289],[84.66756920082707,27.73342360169663],[84.66737744162005,27.733575211442734],[84.66707420062139,27.73399437369689],[84.66677103782614,27.734337704191407],[84.66666849358694,27.734422440902783],[84.66636077997187,27.73467655790171],[84.66563394366753,27.734957555826455],[84.66524602255606,27.73520278523293],[84.66440768586097,27.73550598287744],[84.66376110885072,27.73582707981974],[84.66363182449948,27.735862697873344],[84.66331076710499,27.73613029785029],[84.66307438216695,27.73637555046294],[84.66242786999146,27.736776843990544],[84.6619775178186,27.737155886091994],[84.66158957207229,27.737401099330917],[84.66120162371257,27.737592872233247],[84.66062189103191,27.737931776708184],[84.66036330794327,27.738007554377557],[84.65946256778584,27.738176989297],[84.65843251751859,27.738283984466953],[84.6571482410728,27.73818143115766],[84.65676481223991,27.738194849787966],[84.6560602830423,27.737985264311625],[84.65560988108118,27.737922855770083],[84.6554181618646,27.73786488401683],[84.65490086798962,27.73780685387133],[84.65387528582819,27.73779801127276],[84.65366129132673,27.73776228442728],[84.65336252781216,27.73762408522195],[84.6530860324929,27.73745016686885],[84.652702576627,27.737142498279255],[84.65229676834811,27.736910599993646],[84.65165468505302,27.736620789599208],[84.65144060248362,27.73652715709789],[84.65101251478194,27.736504848108037],[84.65062904511997,27.73652270937775],[84.65030799507703,27.736402289277127],[84.64979520532232,27.7362863370058],[84.6492779407987,27.73624621928119],[84.64767710540885,27.735853826723012],[84.64639290857646,27.73584931278761],[84.64613426163133,27.735885005050264],[84.6458132663863,27.736036585241415],[84.6455323441871,27.736264025287262],[84.64531384819708,27.736527150689344],[84.64479654346619,27.736986422194253],[84.64447554077447,27.73719598494374],[84.64434621314675,27.737231671106127],[84.6438333703652,27.737307499940947],[84.64338303252447,27.73730304207906],[84.64261159826671,27.737240592028243],[84.64216125088598,27.737294117145193],[84.64138980028672,27.737289646950998],[84.64106877863347,27.737347630101134],[84.64087701105365,27.737347624261623],[84.64008326852048,27.737476904622714],[84.63976223959632,27.737606252920738],[84.63948128792308,27.73781583329984],[84.6393743039765,27.737967459793776],[84.63924049392529,27.738217161973406],[84.63889718509505,27.738787861605967],[84.6388080043042,27.73901528980772],[84.63867419293952,27.7398179121433],[84.63829966317999,27.74102194255743],[84.63804105978049,27.74158823296203],[84.63788944212025,27.741820111395608],[84.63773782406163,27.742163410692257],[84.63747474702188,27.742618280233117],[84.63732312787354,27.74336292383048],[84.6371046007856,27.743822188341525],[84.636997612432,27.743991648283917],[84.63677908411127,27.74421906048945],[84.63613251648015,27.74469619767421],[84.63518716375799,27.745565697567475],[84.6350356184439,27.745663848723954],[84.63488399288681,27.745717304081584],[84.63445594196855,27.74590903719926],[84.63406797067296,27.746020517593447],[84.63387625967097,27.746038432709074],[84.63271687760968,27.74631933799527],[84.63252508227178,27.746412983664065],[84.63232889462446,27.746448653539918],[84.63217734180549,27.74654671110171],[84.63172691298067,27.746711697838393],[84.63140591741704,27.746903460737983],[84.63101792562068,27.747184420586184],[84.63069692611481,27.747474217411174],[84.63024209390812,27.74806284004717],[84.62989425983773,27.74836604489113],[84.62946617191724,27.74864696042459],[84.629336890498,27.74876291375227],[84.6291852499715,27.748972468112115],[84.62883740953417,27.749257826985794],[84.62844948033057,27.749730565055042],[84.62840492180726,27.749904391826586],[84.62839150633114,27.750002531430415],[84.62838703450507,27.75002483751486],[84.62810618716348,27.750403864761726],[84.62812399469824,27.75071150390963],[84.62816408159502,27.75090323874584],[84.62826669434142,27.75124663305426],[84.62843614471878,27.751536418575025],[84.62847623139885,27.751839656214838],[84.62834694776309,27.75207156956492],[84.62830238916065,27.75222318250336],[84.62825775066962,27.752526347370402],[84.62827555815765,27.75271810913332],[84.62853420531322,27.752949977571767],[84.62904255259838,27.753511845079103],[84.62918972173574,27.753815035879565],[84.6292744456322,27.75404694297192],[84.62937250480297,27.754813862894476],[84.62966236929327,27.75596437182454],[84.62968464807403,27.756191805429754],[84.62987198113784,27.756731324173213],[84.62986750942643,27.75694086162605],[84.62976050765734,27.757034569216266],[84.62959106116656,27.757034516048755],[84.62941714243222,27.756994416771974],[84.6291852499715,27.756820500238383],[84.62884188132537,27.756762506170855],[84.62867243213867,27.756798221231332],[84.62843614471878,27.756798163413308],[84.62828450182671,27.756873994587668],[84.62804374096672,27.757311022713225],[84.62780289924804,27.75807353647968],[84.62745065844015,27.758836010010263],[84.62718761436795,27.759522727703136],[84.62705824799127,27.75975016561883],[84.62690668133685,27.759848206913112],[84.62673722647139,27.759883918092086],[84.62656329914141,27.75984372584123],[84.62596580925431,27.759821453145932],[84.62542621036219,27.7599329907908],[84.6251899096597,27.76008456369538],[84.62499816917675,27.76028968834464],[84.62499816917675,27.760383346725654],[84.62494466380554,27.760610690016065],[84.62485546145703,27.76076234649559],[84.62456565269717,27.76109674985326],[84.62440952750768,27.761377733740463],[84.62418216695013,27.761658629882263],[84.62385218508992,27.7620109164227],[84.62371394672712,27.762331927610635],[84.62347316681308,27.76249696808181],[84.62310301065949,27.762599456556792],[84.62286222819897,27.762746656013213],[84.62263925396074,27.763121195204246],[84.62246092186787,27.763286158196166],[84.6222201367311,27.763415516240666],[84.62169399974601,27.763879258509682],[84.62162260191705,27.76402642687079],[84.62113655126461,27.76454809235998],[84.62086453362035,27.764904843492598],[84.6204721582915,27.7652348007772],[84.62015557263186,27.765685168577996],[84.61975871999445,27.766015126395384],[84.61951792359605,27.76616677497696],[84.619428712868,27.76631396180136],[84.61927712619419,27.766425367663786],[84.61907202831236,27.76670184662859],[84.61859042878905,27.767071945490866],[84.61836743806494,27.767370739397535],[84.61822926644668,27.767691824708155],[84.6180107469587,27.76781668349759],[84.6177521325497,27.76785230675109],[84.61732403450533,27.767763164290695],[84.61698514792785,27.767620401711156],[84.616815743829,27.7676159618331],[84.61647238152274,27.767682897887596],[84.61638316609324,27.767718498974933],[84.61618700348292,27.767905856121452],[84.61596847627315,27.76803517055543],[84.61546017367563,27.7684765522188],[84.6152773465855,27.768757543056044],[84.61518365646332,27.76913654175386],[84.6150900460617,27.76928364058951],[84.614737727739,27.769676044912114],[84.61450585622256,27.770202279381444],[84.61438548714236,27.77058130751059],[84.61429634836536,27.770710561304266],[84.61392174035372,27.771067308290824],[84.61368091963581,27.77119218150856],[84.61356949478507,27.771339298252126],[84.6133956076893,27.771415130419676],[84.61319488206347,27.77159793029225],[84.61286939036121,27.771816461194057],[84.61275788407075,27.77191005841931],[84.6123343019829,27.77244960887811],[84.61213365254886,27.77261911918376],[84.61056853111461,27.77333697738348],[84.61043473419132,27.77346636184306],[84.61000218858683,27.773609008954505],[84.60931993417921,27.773497557621358],[84.60769234828085,27.77349309131836],[84.60701461998858,27.77322554339126],[84.60676042988975,27.773047168765544],[84.60616736857162,27.77280190973443],[84.60591317474963,27.772739481029856],[84.60540039003557,27.772690441397835],[84.60534247279745,27.772574468526162],[84.60521761102339,27.772342617018587],[84.60480292100951,27.771985940522537],[84.60446396104233,27.771767424720856],[84.60396011091632,27.77150877263149],[84.60344730889082,27.77134377728906],[84.60319757689285,27.771223364914945],[84.60296573899328,27.771062888736598],[84.60225671828786,27.770451960823433],[84.60183761306206,27.7700417653503],[84.6017172176142,27.769867789676635],[84.60146747814925,27.769613675393593],[84.60132031830534,27.76951553959115],[84.60115534224823,27.76933715049017],[84.60072280714691,27.768811012651614],[84.60006289328312,27.7678791068755],[84.59990230777844,27.767549080880876],[84.59977751415815,27.76741533470151],[84.59955005672019,27.767236915695264],[84.59904168970998,27.766956036641545],[84.59828364492596,27.76661271063226],[84.59743642545368,27.76628713180405],[84.59734726055568,27.766282674538598],[84.59666949098553,27.766037459536104],[84.59556361415693,27.765765467619527],[84.59386468860345,27.765248153807388],[84.59284801006963,27.764837981800227],[84.59250913989291,27.76473538821958],[84.59140773819502,27.764249385745924],[84.5911535594512,27.764186930887455],[84.59089937959185,27.764066499963747],[84.58996303561091,27.763830247215523],[84.58962406864599,27.763705344581844],[84.58851821708272,27.763451137125745],[84.58724740863032,27.76294287792715],[84.58716270305786,27.76294286978704],[84.58692632590912,27.762875929380357],[84.58677920901559,27.76281800504423],[84.58644030333255,27.762617282688343],[84.5861013956671,27.762532600054218],[84.58593198104732,27.762528122576505],[84.58567777827584,27.762425609075283],[84.58525415778746,27.76222496355642],[84.58468788719301,27.761752232406533],[84.58443815418885,27.761614035329174],[84.5843489692776,27.7616095692485],[84.58409036422483,27.761663058871434],[84.58366225684662,27.76165417775145],[84.58340364872939,27.7616809078199],[84.58333228355441,27.761712101395617],[84.58288195368776,27.761877079290716],[84.58253415438435,27.76210011442577],[84.58236025394994,27.76217144991888],[84.58183854951605,27.76230964048803],[84.58141042550375,27.762296291759746],[84.58089318801937,27.76234082204756],[84.58046513694464,27.76232747321688],[84.58003700278813,27.76226060404984],[84.57960894539096,27.76228738914742],[84.57926112644788,27.76241221246318],[84.5786547560346,27.76252816961643],[84.57796358033715,27.762737758302524],[84.5774596594668,27.763089974549608],[84.57721445102618,27.76336641936836],[84.57672842692912,27.76375438377289],[84.57659463171665,27.76390603632348],[84.57645636035426,27.764209228446],[84.57627804575797,27.765118869994417],[84.57610860242418,27.765725337380925],[84.5758544364951,27.766175702657144],[84.5757697142712,27.766251498521353],[84.57560914133927,27.76647443284691],[84.57515435546055,27.767223576940612],[84.5748912334254,27.76744650782613],[84.57463258617872,27.76755357704297],[84.57445874197006,27.767589224945127],[84.57424469307458,27.767562470965167],[84.57393257032302,27.76730827747944],[84.57356241693904,27.76678209999217],[84.57328146326859,27.76620242096783],[84.57318338893569,27.76591263580084],[84.57315221613013,27.765511306082633],[84.57303623716021,27.765163468996843],[84.57296046304221,27.764762174892073],[84.5729515108192,27.764360821051874],[84.57287573659052,27.76407101448185],[84.57265720571831,27.763607223235095],[84.57258143110515,27.76331741547354],[84.5725234810441,27.763032051388684],[84.57255017804493,27.762862562103784],[84.5725234810441,27.76234536239328],[84.57227377556708,27.761533744241284],[84.57222022143554,27.761248371278043],[84.5721756195987,27.760561713035056],[84.57222022143554,27.759874978024836],[84.57212214530823,27.758956368516408],[84.57200176802556,27.7587245668959],[84.57190361159688,27.758376701915655],[84.57174758409803,27.757284205588817],[84.57165390345139,27.756878447555994],[84.57143097167963,27.75636121713807],[84.571444320433,27.755959916471316],[84.57147109786312,27.755790424083145],[84.57151570024169,27.755179577355676],[84.57147109786312,27.754488348301685],[84.57151122401886,27.75391763856276],[84.5716093011791,27.75357869851934],[84.57199281565458,27.75307486120036],[84.5721756195987,27.752731476457875],[84.57218009577025,27.752504110754845],[84.57225147467354,27.752334666456097],[84.57230494884477,27.752053738176453],[84.57231390116758,27.751647974046413],[84.57247887944045,27.751197564522762],[84.57253235340204,27.750912174402778],[84.57254578183307,27.750510864388502],[84.5725100526079,27.75028343813109],[84.57253682954605,27.75009172964901],[84.57254130568974,27.7500025284525],[84.57251452875366,27.749792934923544],[84.5722826479632,27.749636857837405],[84.57135071922937,27.748829783320115],[84.57103858090451,27.748633543629364],[84.57000855248359,27.747612463670734],[84.56934413208424,27.74709967982417],[84.56894725077348,27.746841065255538],[84.5683898537667,27.746328186714067],[84.56810000200953,27.745980459624885],[84.56793948778251,27.745766424911],[84.56789488265451,27.745744072156718],[84.56765411029635,27.745356164052648],[84.56722604143555,27.7448299703792],[84.56704769846289,27.744424168436172],[84.56705217503008,27.74373750121356],[84.56718143575914,27.7432291272967],[84.56727952023896,27.742372983894132],[84.56722604143555,27.74202523360039],[84.56711452718022,27.74168180964342],[84.56707439798359,27.741048689627835],[84.56706104822477,27.74076325580098],[84.56686487836079,27.740357460800215],[84.56678901624292,27.740125595556545],[84.56675784000134,27.7397822831876],[84.56678901624292,27.73955487893768],[84.56682027240676,27.739327477518202],[84.56671323396503,27.739323015871484],[84.56602207583825,27.73947460512423],[84.56542012364332,27.73949686448309],[84.56410915727868,27.739122298184398],[84.5636007991003,27.738917184558947],[84.56131325212291,27.738324112998566],[84.56089409057944,27.738159150176322],[84.56005583836215,27.737659738451516],[84.55946277860133,27.73753040966342],[84.55920853974995,27.73750812469124],[84.55819189301636,27.737213826154285],[84.55759881421822,27.737080028686297],[84.55717075115507,27.73703102568298],[84.55691658222142,27.736950757590154],[84.55606492029735,27.736852653801318],[84.55530239564105,27.736696584080043],[84.55470041225298,27.736678745120415],[84.5544507100477,27.73661631014986],[84.5538531954182,27.736558323451742],[84.55334042973668,27.736580644740297],[84.55248871537776,27.736460216608673],[84.55146315540215,27.736469165016175],[84.55112420329034,27.73637993565166],[84.5507808513409,27.73634878173972],[84.55035729584986,27.736201634108347],[84.55006743402609,27.736041096193745],[84.54988456045713,27.73574676618285],[84.54972855373505,27.735341006894455],[84.54971512002541,27.73464986997892],[84.54967945670973,27.73441796745598],[84.54943421084977,27.733606390452824],[84.54931826445195,27.732282062373763],[84.54922910551285,27.731818353342632],[84.54897498179504,27.731180633225684],[84.54847552709629,27.730342369212135],[84.54812768147069,27.72992763006446],[84.54750347327287,27.72939257012089],[84.54691932155802,27.729089320867104],[84.54624600045683,27.72883519404856],[84.54601409470881,27.728674693204933],[84.54538986381226,27.728072717035587],[84.54509110066284,27.72778728380539],[84.54460944581069,27.72750188196863],[84.54410115686733,27.727372611655667],[84.54384253237313,27.72738598860987],[84.54356159481466,27.727452813672258],[84.54342780312331,27.727582161897878],[84.54337878074689,27.72773375643698],[84.54340549114961,27.728193056545535],[84.54355711643666,27.728656823835525],[84.54364628407642,27.72912054139488],[84.5436329289319,27.729504043531147],[84.54355263805832,27.72980730337002],[84.54355711643666,27.730346810745825],[84.54378007526499,27.731100438560773],[84.54378903198628,27.73140363882096],[84.5439896781757,27.7317960014497],[84.54439992510433,27.732228543515454],[84.5447745028125,27.73245147955583],[84.54509110066284,27.73255402842583],[84.54526047460682,27.732656584241553],[84.54559050447662,27.732933071921778],[84.54579114444843,27.733325518824305],[84.54597395093022,27.73402108906999],[84.54623256594218,27.73456513901392],[84.5463218094455,27.735024385039694],[84.54630397674926,27.73552384173947],[84.54625487683087,27.735639746961844],[84.54618802410656,27.735711155614126],[84.54609886036538,27.735746808675135],[84.54537195086156,27.735782443569974],[84.54511333202073,27.735773519533264],[84.54472987989021,27.735800271164415],[84.5441323452722,27.73578247232527],[84.54378903198628,27.735813654942127],[84.54250924647408,27.7357557125118],[84.54190729050136,27.735773499934133],[84.54166649037268,27.735751266093292],[84.54130972687426,27.735720007038452],[84.54098870983135,27.735670975917653],[84.54073455008852,27.735621900066675],[84.53961976898299,27.735537243835726],[84.53936112455615,27.73554614836888],[84.53816609879145,27.735394541550612],[84.53782275028028,27.73538556716038],[84.53669903553151,27.735505966519657],[84.53506701115008,27.735443533122048],[84.5340413837723,27.73527858573329],[84.53344837845769,27.735126939236267],[84.53285080791133,27.735051198866575],[84.53140160786216,27.73468551059627],[84.5303804752597,27.734502695342815],[84.52961353418267,27.73432436968174],[84.52938164210302,27.734244039431786],[84.52925237726572,27.734199513087756],[84.52908287671298,27.734159375767746],[84.52806618300076,27.733802598223686],[84.52729929142382,27.733606421737356],[84.52670173773507,27.73353502704174],[84.52618449286967,27.733517198417832],[84.52592586871374,27.733548468434016],[84.5249805568522,27.73352167626599],[84.52472632717954,27.73347711818121],[84.52311212685349,27.73302669047862],[84.52184132660881,27.73258972060743],[84.52082018632014,27.732348944666526],[84.52031184954609,27.732139396366044],[84.51995063493074,27.732014513765662],[84.51985255057538,27.731800479625427],[84.5196920630929,27.73151065566328],[84.51908115056533,27.730690121052714],[84.51883145542618,27.729932115920644],[84.51878233232183,27.72958433748507],[84.51852375529819,27.72911606362266],[84.51829189905787,27.72842048544395],[84.5183007796969,27.72824653406873],[84.51824725582492,27.727956739059216],[84.51829189905787,27.72692222904223],[84.51825173615092,27.72628899048907],[84.51805996188874,27.725709346123885],[84.51787714770522,27.725473044453736],[84.51780138165884,27.725241151809474],[84.51781474273227,27.724951319743294],[84.5179128305187,27.72460792338348],[84.51829629937468,27.723640308771564],[84.51837214478309,27.72330147185296],[84.51832750161161,27.72289569655622],[84.51818933157918,27.72252556402784],[84.51786378664613,27.722133128254903],[84.5169853902958,27.7215489916484],[84.51658847145194,27.721326076649213],[84.51609353922873,27.72087118563686],[84.51507237819689,27.71957362681675],[84.5144659778567,27.71863278091059],[84.51418057786144,27.71833844099887],[84.51369898720387,27.718017429594035],[84.51327540176769,27.717830112898913],[84.5126778642254,27.71779443587644],[84.51208480135723,27.71763841425889],[84.5114114772544,27.71731284304452],[84.50903033600623,27.716684086581843],[84.50852645747113,27.716514719715114],[84.50844171710868,27.71645668118515],[84.50801809346896,27.71632742117917],[84.50776394981584,27.716184708582706],[84.50750972503441,27.71612227910355],[84.50716643579919,27.71614900951384],[84.50688548126388,27.716256085303062],[84.50677849252472,27.716251581412013],[84.50643063772814,27.7163184508389],[84.50617200590183,27.716349690588697],[84.50582870879134,27.71631852164418],[84.5044731055843,27.71589488678477],[84.50362139614187,27.71576997619038],[84.50336723332754,27.71568532913841],[84.50242635712513,27.715564907195393],[84.50216778756956,27.715555998789878],[84.50157469782506,27.715404392564444],[84.5010708348998,27.715154624148337],[84.50086123752521,27.715016430415705],[84.50075871940568,27.7148781988406],[84.500361850139,27.714615094742918],[84.50013440337742,27.714418920905445],[84.5000006719506,27.714360897722536],[84.49955473825115,27.714213778512242],[84.49927382708199,27.71414242598387],[84.49905974145098,27.7141022689814],[84.49818130186793,27.714120157930463],[84.49800738911038,27.714084447071677],[84.49764179447217,27.71389269263655],[84.49723602015817,27.71362521199359],[84.49719144083568,27.713567243007475],[84.49581802886541,27.712902849499322],[84.49470318835651,27.71253720095845],[84.49393177573239,27.712193826171127],[84.49307567026936,27.71192630228717],[84.49247816588928,27.711792502670832],[84.49196085742585,27.711582935092608],[84.49024857613985,27.71116373681118],[84.48930772855695,27.711163749907822],[84.48887964349213,27.711239522989626],[84.4886834501297,27.71125742176317],[84.48853632468698,27.711257376036166],[84.48836238319302,27.711297568145753],[84.4880234639481,27.71127973308773],[84.48759096683561,27.71116379747546],[84.48733681425287,27.71104780999215],[84.48686412753176,27.71064650482151],[84.48667241015053,27.710361092859365],[84.48652519959228,27.709959783152414],[84.48644050732484,27.709384591576214],[84.48644050732484,27.70904122741738],[84.48654753335501,27.70833225483446],[84.48656978705992,27.708202893753135],[84.48678383845036,27.707605399920894],[84.48704247616315,27.707146076680495],[84.48725652582127,27.706865184172763],[84.48734121690545,27.7066333021982],[84.48744824128515,27.7061160316017],[84.48751516144084,27.70542936118564],[84.48764443879722,27.705028052796237],[84.4878362330353,27.704626728713382],[84.48805468238308,27.70376613165866],[84.48807701556096,27.703306865595327],[84.48801009604904,27.702847532628706],[84.48780053181831,27.702272355838442],[84.48750179342544,27.701755102424887],[84.48743487325441,27.70158561709964],[84.4870112571871,27.70087658949015],[84.48673036570084,27.70053329185384],[84.48623982298348,27.700207714248847],[84.48608820858824,27.700131926089146],[84.48595892778727,27.700114121400222],[84.48574487337375,27.699958058303764],[84.48557540640253,27.69973061174008],[84.48549071275794,27.699498771662025],[84.48544612446658,27.699195548363473],[84.4854684586419,27.699097408965436],[84.48549071275794,27.69906171571764],[84.48557540640253,27.698829914199607],[84.48562007464578,27.698486521550745],[84.48581619824864,27.69798713325611],[84.48592322542277,27.697839989304853],[84.48611502531298,27.69766605861796],[84.4865207968782,27.697492152225276],[84.48673484844818,27.69731821194439],[84.4868417938901,27.697032870041646],[84.4868462766289,27.69684114760072],[84.48680168937233,27.696765328376486],[84.48667241015053,27.696649388483717],[84.48590097147152,27.696323888029156],[84.48530347372595,27.696248047837095],[84.4845320169674,27.69602067539393],[84.48393450521944,27.69602066138638],[84.48316303038256,27.695811034539872],[84.48298915294117,27.69571294579025],[84.4825387663337,27.695579242051842],[84.48228459176906,27.69544539703559],[84.48219989335355,27.695351744565105],[84.48204826847324,27.694950494746273],[84.48205275157987,27.694147825485505],[84.48209285935798,27.693804512936566],[84.48226681952193,27.693287196961013],[84.48235151784041,27.69276998880977],[84.48246295438243,27.692368663277595],[84.48248080662479,27.69190937324038],[84.48241836378013,27.691677515481377],[84.48207949010165,27.691084404269372],[84.48143736192003,27.690397690864252],[84.48104948778207,27.690130142833166],[84.480795306739,27.689996381982485],[84.48045194041845,27.68992063442442],[84.4799391688182,27.689920586384087],[84.47899383195772,27.690036534108145],[84.47826696575322,27.689768967594173],[84.47811533066809,27.689653020440442],[84.47770958078652,27.689117992626255],[84.47762487574,27.68865872197095],[84.47779876914329,27.688025502544615],[84.47779876914329,27.68790951931045],[84.47797266202923,27.687508264062],[84.47831604291666,27.687048976434394],[84.47921679769516,27.68613033911439],[84.4795378348391,27.685617605218418],[84.47966712984903,27.685327698392314],[84.47975631521861,27.68486846340213],[84.47975631521861,27.684583049850424],[84.47973846214386,27.68394986059258],[84.47963142363959,27.68285738542643],[84.47965376003773,27.682184033072282],[84.4796582433281,27.682112745443618],[84.4796582433281,27.68195660889848],[84.4796582433281,27.68188086032216],[84.47987223998386,27.681310055905815],[84.48000153425396,27.681136129111575],[84.48004612670059,27.681020218944546],[84.48028245809382,27.680716982198494],[84.48062582541024,27.680391500375354],[84.48092459896681,27.680025878888113],[84.48118326262083,27.679776167123695],[84.481397253692,27.67949077443461],[84.48165591525375,27.67891557702741],[84.48167817082211,27.67868814081048],[84.48180754115224,27.67822887748967],[84.4820661208423,27.67765358231611],[84.48283753010905,27.676717230153248],[84.48302926007646,27.676431836732576],[84.48359115734651,27.67583878123713],[84.48384532622704,27.675606901616575],[84.48397461170575,27.675437425006923],[84.48408164225401,27.675205588352398],[84.48419315554861,27.67492021604638],[84.4841708208857,27.674862225075117],[84.48410837984729,27.674630347919216],[84.48414856626684,27.674518896201086],[84.484001349348,27.674095207978507],[84.48380962257073,27.673805373172197],[84.48359564033477,27.67363600014301],[84.48282864407025,27.673270311070418],[84.48263691344448,27.673056315432934],[84.48255213548492,27.672886809364996],[84.48248528969826,27.672712929719438],[84.48246743745726,27.6723695938414],[84.48255213548492,27.672137670389542],[84.4826190612498,27.671393061035896],[84.4825120280221,27.67087575725772],[84.48202601304585,27.66961387646069],[84.48189672325512,27.669417615280675],[84.48149091957085,27.66907429559479],[84.48127684878617,27.668730919551688],[84.48123674044795,27.668557027729932],[84.48125899617595,27.6683252067676],[84.48153551088092,27.667848029135556],[84.4820973424612,27.6674110947016],[84.48254324940271,27.667161392186248],[84.48318536543076,27.666933936141824],[84.4834440190766,27.66680019481511],[84.48393002225718,27.66666638067378],[84.48408612520464,27.666626270409655],[84.48466578383258,27.666626268128486],[84.48504923113819,27.66655048046215],[84.48575383901938,27.666474682566086],[84.48633348109855,27.666247227738054],[84.48650742863519,27.666153571502583],[84.48663222546726,27.666037619731604],[84.4868061721142,27.665752298367956],[84.48689086385141,27.665466913554923],[84.48689086385141,27.665235005972008],[84.48682842572056,27.66498973383128],[84.48674373389281,27.664873853575465],[84.48668129560467,27.66469996483737],[84.48644499009444,27.664356597662277],[84.48585190067857,27.66364758904487],[84.4854684586419,27.663322023994287],[84.48527665662863,27.663036724354892],[84.48572702212881,27.662746847243355],[84.48583404946633,27.66272896669382],[84.48608820858824,27.662577369604165],[84.48653864788054,27.662407953286277],[84.48673036570084,27.66229197778818],[84.48724764045465,27.662082469551226],[84.48754638014755,27.662064610935296],[84.48765340415127,27.662100267349928],[84.48782286509336,27.662251903293324],[84.48799224549641,27.66273342268266],[84.48809926868309,27.662867232647194],[84.48818403859227,27.662902897877387],[84.48829106142746,27.663041169148464],[84.48854520985752,27.663250684017513],[84.48892871174125,27.66344248739377],[84.48963767530049,27.663710019428002],[84.48989181786996,27.663861620729776],[84.4901504418185,27.66395968251119],[84.49068113361345,27.664227276096],[84.49081040396115,27.664325381403735],[84.4908951699347,27.664454647480973],[84.49091301959996,27.66510566535901],[84.49095760371756,27.6651814946012],[84.49102003743364,27.66526177940779],[84.4914703586443,27.665529304564085],[84.49159522491311,27.665645258522215],[84.49193860577532,27.666180334704173],[84.49213030586772,27.666349799148858],[84.49229975381776,27.666657489704033],[84.49231312073479,27.666666407319546],[84.49249153276547,27.66683141799148],[84.49287500873025,27.667000811577893],[84.49313361946463,27.667040956999994],[84.4934546601659,27.667040925369093],[84.49379803009127,27.667197037386526],[84.49432868873039,27.667197015181387],[84.49580458271434,27.667656329487617],[84.49599635014746,27.66767856252932],[84.49625502708906,27.667638487650287],[84.49646904297418,27.667469044404726],[84.49659838054075,27.667428929831335],[84.49679006533033,27.667428940318423],[84.49704425679843,27.667544837863144],[84.49768637345062,27.667678601714666],[84.49794496286759,27.667638430872703],[84.49832848303735,27.66758500530494],[84.49858706960887,27.667509141168768],[84.49901516352172,27.667317388193954],[84.49916234258787,27.667241571840567],[84.49948335012779,27.667143550339272],[84.5000006719506,27.666996372947064],[84.50011655653208,27.666956257388883],[84.50022355749167,27.666924980664717],[84.5005758509622,27.66666642045539],[84.50092814230545,27.66641223098471],[84.50123577525963,27.666247198134982],[84.50146321772746,27.66638995868435],[84.50139631356086,27.666666423141905],[84.50138743034637,27.666693108295405],[84.50139631356086,27.667058768940517],[84.50152115859443,27.667156867605648],[84.50220339997196,27.66716138787122],[84.50241299252438,27.667299603114248],[84.50251110622867,27.6675314696383],[84.50247989552497,27.667839148780434],[84.50243532020895,27.6679149252865],[84.5024932601104,27.66808434623516],[84.50265379495109,27.668285042862017],[84.50303280267256,27.66844557726152],[84.50322014489568,27.668606109885726],[84.50325135520329,27.66895391292485],[84.50333162163567,27.669087721563674],[84.50339404211492,27.66913230820855],[84.503518882873,27.66917240519323],[84.50364820481244,27.66915459101684],[84.50390684783112,27.66908764267498],[84.5039736690929,27.66903416149222],[84.50410299002398,27.66902080828378],[84.50422782926466,27.6690609046038],[84.50441516764948,27.669181281982294],[84.50472726357968,27.669457750046792],[84.50543179399543,27.669462245639888],[84.50601596201123,27.66927048973352],[84.50646632754973,27.669230393827323],[84.5069791062523,27.669248176524423],[84.50723333334716,27.669292762800204],[84.50771937853831,27.669502400332036],[84.50794671570343,27.66968074808983],[84.50811171663878,27.669894820787036],[84.5082098207563,27.67012668149837],[84.50828119819974,27.6704387730701],[84.50866024936958,27.671232553255976],[84.50876275360082,27.671352871557293],[84.5091194765229,27.671477797843448],[84.50929343616917,27.67150448426861],[84.50955205415029,27.671397461560634],[84.50992661609197,27.67106302570296],[84.51057315187155,27.670340660326783],[84.51071141997883,27.670059787060232],[84.51113950492127,27.66938196100558],[84.51130441680515,27.66904306784074],[84.51170129162438,27.668079891295665],[84.51171465409647,27.667678612428276],[84.51172361575269,27.667491313597377],[84.5117726647931,27.667335223312982],[84.51178602724883,27.666880403969415],[84.51175034068358,27.666688663212803],[84.51172809658027,27.666666368729206],[84.51135794705435,27.666349783074416],[84.51010049331282,27.6657166032309],[84.50998006758921,27.6656140454695],[84.50975713931413,27.665208241482095],[84.50972593248828,27.664976432412374],[84.50998006758921,27.664468037701482],[84.51031901935607,27.664017692457307],[84.51101908134405,27.662510549216833],[84.51120191704283,27.662287551297926],[84.51152741917831,27.662091337946304],[84.51216057483651,27.662358889406917],[84.5129721530307,27.66288503492847],[84.51390413778945,27.663620810021012],[84.51402895604511,27.66366098664705],[84.5142162629387,27.66378135304077],[84.51497428562864,27.664075684523844],[84.51547818843748,27.66432089455419],[84.51592408038212,27.66441452566661],[84.51623619471235,27.664575063653125],[84.51642797497756,27.66463751290882],[84.51751151761728,27.66475345448977],[84.51776569877711,27.664838174566146],[84.51814916860151,27.66488721707969],[84.51849255316637,27.664860434818273],[84.51849255316637,27.664766829313365],[84.51856383801223,27.664615179750818],[84.5185549574133,27.664271816638447],[84.51826061679607,27.663687679495695],[84.5178949891147,27.66315703355113],[84.51763640815261,27.66268888015622],[84.51679809230306,27.660138308141605],[84.51665983863555,27.65984399696707],[84.51649934235775,27.659612075209253],[84.51642349451133,27.659340125885997],[84.51645029729535,27.659286571725634],[84.51664647729729,27.659139402204087],[84.51755608140724,27.658840667221284],[84.51781474273227,27.658715771441944],[84.51814028793937,27.658613235328644],[84.51866640483158,27.658323452542582],[84.51879577317534,27.658287775706704],[84.51938436751064,27.65798448085863],[84.52056601848766,27.65733352769833],[84.52153812245324,27.6570034935257],[84.52238533010802,27.656611147420794],[84.52284012913356,27.656468450159025],[84.52297388817107,27.656397068190643],[84.52407978844228,27.655991258806083],[84.52466840937703,27.655688113696375],[84.52493143893399,27.65550527855374],[84.52539077784745,27.655251112791383],[84.52566724340899,27.65522434747176],[84.52600610392123,27.65582631395969],[84.52659918506637,27.656553142609763],[84.52808850085822,27.65778831632897],[84.52827136298107,27.658006832456273],[84.52841398863877,27.658238666136363],[84.5285879706701,27.658626649958418],[84.52864140504708,27.658858539642544],[84.52870835793222,27.659398025191056],[84.52866372268402,27.659933114546757],[84.52872171650344,27.66061984088145],[84.52879306881991,27.661007793752905],[84.52905615973326,27.66193532011214],[84.52932364894109,27.66270667517441],[84.52961801363425,27.66340680514462],[84.5297072026428,27.663790279243795],[84.52989893855091,27.6643343081532],[84.52996133057505,27.664410115809698],[84.52999700598444,27.6645661639149],[84.53005939790344,27.66462412458137],[84.53033144188666,27.665324171299176],[84.53052765511994,27.666247258410223],[84.53067475461923,27.666666380423116],[84.53074170516545,27.666867025592122],[84.530920079602,27.667196984385797],[84.53112964886934,27.66729955538327],[84.53157550097559,27.667428918338818],[84.53174499426918,27.667509119286336],[84.53186537500137,27.667629593858607],[84.53196791839213,27.66778559470888],[84.53204374599387,27.668017462515092],[84.5321150942378,27.668481248245648],[84.5322354742044,27.66873093095421],[84.53248519185266,27.668873628552014],[84.53285976631578,27.66915455375265],[84.53298462393434,27.669194715188606],[84.5333680735237,27.669225958763928],[84.53401466906887,27.66905643291248],[84.53498230939461,27.66891827483238],[84.5353657458188,27.66890935750443],[84.53568239489468,27.669052006049828],[84.5359320977497,27.669310610602423],[84.53611933419697,27.669448880777587],[84.5366232139966,27.669676257107813],[84.53751507054251,27.669818950286267],[84.53802781588223,27.66985910319039],[84.53891517215659,27.67003748213276],[84.53987393359792,27.67016681841925],[84.54012809710204,27.670211342988395],[84.54063642077793,27.670398635892564],[84.54095304116164,27.67044766631241],[84.54110459286964,27.670456656824875],[84.54166649037268,27.670411994094774],[84.54167984596886,27.670412072797074],[84.5420722752015,27.67030943932489],[84.54245574486036,27.670264900140733],[84.54349473899303,27.669975023978456],[84.54387819927035,27.67000177753227],[84.54412786693817,27.67010884924809],[84.54425278034009,27.67020691543109],[84.5444044034174,27.67070633017007],[84.54459161258913,27.67088474315819],[84.5448458354415,27.670987262987964],[84.54517130944286,27.67080890922634],[84.54570198009847,27.67038527963993],[84.54622816773731,27.670095409957288],[84.54680784827077,27.6699750399338],[84.54751682752816,27.669997341409633],[84.54840859696182,27.67019796410565],[84.54853350116481,27.67023811387012],[84.54885007854088,27.670420975207048],[84.5491042827683,27.670505640325633],[84.549688412522,27.67088469460907],[84.55003616884368,27.671259289758037],[84.55024574919503,27.67149559365127],[84.55042862162729,27.671673918368164],[84.55063372273041,27.6719637638883],[84.55082994743563,27.672356235272918],[84.5513605664248,27.67309644729622],[84.55156566423831,27.67329705728947],[84.55188230505502,27.673493297771685],[84.55217215782515,27.673693929839587],[84.55256451622306,27.674068480139375],[84.55266710307455,27.674229017229873],[84.55276073440756,27.674536703472633],[84.55273842601655,27.67514760219755],[84.55280527120556,27.675682669104024],[84.5530237968669,27.676133024961914],[84.55320666055552,27.676329278267314],[84.55345636810837,27.676489783428604],[84.55366593612277,27.676632473825226],[84.55368824415761,27.676650302620946],[84.55400479344921,27.676775147969124],[84.55458895389245,27.677189868726366],[84.55469153716899,27.677328094522547],[84.55493676083789,27.67754659938134],[84.55506604854389,27.67758673640967],[84.55660444621802,27.677729407273844],[84.5568586165177,27.67781414554154],[84.55727780719273,27.678054902070947],[84.55763007533062,27.67837155751938],[84.55779061806729,27.678590039832905],[84.55787080931786,27.67874166223213],[84.55805365774725,27.679513086193563],[84.55819189301636,27.679843033492617],[84.55829446992931,27.679981255284297],[84.55864673190011,27.680355815984385],[84.55889641606555,27.68051639828881],[84.55927545744235,27.68069918068962],[84.55978377354852,27.680846338059002],[84.5602297257254,27.68091770366094],[84.56087178531236,27.68089984600536],[84.56196433359257,27.680931037159088],[84.56235222885563,27.680904289407433],[84.56337783638743,27.680971216904567],[84.56395302887643,27.681082698118],[84.56452381884579,27.681274400948517],[84.56533986287894,27.68173812584345],[84.56565195192113,27.681978947162005],[84.56574116559094,27.681885267348186],[84.56596411922524,27.681738197199444],[84.56628515816357,27.68167125646196],[84.5665259362018,27.681524079510584],[84.56693618386484,27.68143939095277],[84.56713243342635,27.6814260110946],[84.56732412583996,27.68137247749518],[84.56758720226246,27.681247675102362],[84.56785475399754,27.681029176663174],[84.5683229465812,27.680543070560788],[84.56904980868148,27.679954468282542],[84.57003525064185,27.6794060416704],[84.57082004311103,27.67914297622333],[84.57114561136696,27.678982416331383],[84.57147109786312,27.6788753913537],[84.5718010587338,27.67867475753525],[84.57225587090772,27.678456248281503],[84.57303623716021,27.67825117379625],[84.57335731689723,27.678260062560366],[84.57361596983132,27.67822885516566],[84.57372291560854,27.678233301766916],[84.57443644191663,27.678117337864215],[84.57574741472187,27.677354836075697],[84.57634494376805,27.676931204615975],[84.5769959365029,27.67673952229952],[84.57750873300019,27.67667709400439],[84.57803047640253,27.67653880746441],[84.57829350426964,27.676431823187833],[84.57835592425981,27.676436312413212],[84.57874834544994,27.676253443383327],[84.57927455332079,27.675963627768944],[84.57973378247145,27.675669321348217],[84.58000135809938,27.675450788903916],[84.5805453767819,27.675138638841943],[84.58099124931235,27.674750732959993],[84.58130341398633,27.674358321627167],[84.58176718241388,27.673988242268887],[84.58181625230095,27.673912432658206],[84.58201245151581,27.673787572128017],[84.58246726351614,27.67364486840881],[84.58285518152692,27.6735601447746],[84.58333228355441,27.67360918220409],[84.58343489593956,27.673618092072473],[84.58381393684323,27.673742990857978],[84.58450504278221,27.674206748358813],[84.58481271333439,27.674541152379252],[84.58493314393422,27.674773041002144],[84.58508474069048,27.67531257759505],[84.58509369104006,27.675544491180666],[84.58495991513509,27.6762267392888],[84.58483948459089,27.677145261543032],[84.58492419355984,27.677836468893027],[84.58509808630052,27.67824221318157],[84.58528540399983,27.678420577720217],[84.58541022885403,27.678483000329717],[84.58584727355168,27.67883975186637],[84.58678815910343,27.6794417244016],[84.58722958850602,27.67966916446074],[84.58779143920401,27.680088328867477],[84.58823286096212,27.6803469074954],[84.58898200767771,27.68092657821311],[84.58929412930615,27.681131750485303],[84.58954384137954,27.681363580143937],[84.58980689690176,27.68173816558665],[84.59000314896772,27.682201878071158],[84.5900610815555,27.682433729481115],[84.5901815012457,27.682670067430042],[84.59036432774198,27.682942119826574],[84.59059174136337,27.683160584974353],[84.59090832904313,27.683263131296254],[84.59180462556509,27.683289923376165],[84.5930798884961,27.68367786505848],[84.59364623686238,27.683905239637465],[84.59471643477737,27.684493894823557],[84.59503299990823,27.684596430990094],[84.59599618781245,27.684743586574925],[84.5961878646881,27.684748012507633],[84.59663825091424,27.68466774195878],[84.59676760547322,27.68467224029336],[84.59709310788395,27.684583092954632],[84.59763712586856,27.684297659429152],[84.5981276085481,27.683887445982233],[84.59825695977902,27.683856249790182],[84.5984040475168,27.683860722488816],[84.59874743720637,27.683869618679402],[84.59887670715734,27.683891868877236],[84.60015652800857,27.68400785549182],[84.60060240937968,27.684101488153935],[84.60124450127987,27.684159470659157],[84.60188219206945,27.684311062426765],[84.60252426976962,27.68435119207169],[84.60303260618781,27.68446268203687],[84.6037371436522,27.684520671045707],[84.60418307732115,27.684591986363014],[84.60647947743436,27.68514048546497],[84.60698785898427,27.68523411652254],[84.60806691676915,27.68556406572377],[84.60864214507733,27.68568000706086],[84.60928430751319,27.685693339626418],[84.6096053461172,27.685742388591194],[84.61063091632049,27.685809325889313],[84.61235658744634,27.686023351433672],[84.61369881149146,27.686290923017403],[84.61722148218955,27.686669888305225],[84.61843883991624,27.686723412283765],[84.61876430025734,27.686692212891554],[84.61928159872556,27.686576269241453],[84.61986574029387,27.68636225837406],[84.62021802735694,27.686197263154664],[84.62043645863311,27.686032256319425],[84.62061487683974,27.685827149810645],[84.62092698757913,27.685568506209474],[84.6214531315492,27.68527871079616],[84.62184110774626,27.68513597292049],[84.62203733102673,27.685028996403588],[84.62214881941503,27.684953182133462],[84.62252337410096,27.684716850623044],[84.62270170600105,27.68454742964257],[84.62342413223992,27.683539656633503],[84.6235846524304,27.683254251612784],[84.6239190281311,27.682349054771297],[84.62405726600308,27.68205029135376],[84.62416875049308,27.681898712326],[84.62434715717336,27.681715814044455],[84.62461468630131,27.681550910627745],[84.62499816917675,27.681426010602262],[84.6261486025264,27.680824016998848],[84.62630025102735,27.680614468114364],[84.62646962731829,27.68038704347508],[84.6266034669781,27.680137361799012],[84.62677284237975,27.679927783411873],[84.62729014899398,27.679472966918205],[84.62901133001478,27.678523127536423],[84.62922541598438,27.67835373417179],[84.62963561877453,27.67791671346281],[84.63041153848819,27.677234502960715],[84.63067009622455,27.677042730522718],[84.63131225344978,27.676663659971947],[84.63202123719502,27.676440748761827],[84.6322798675706,27.676418440139408],[84.63247158387487,27.676364899164405],[84.63309591506476,27.67608400610203],[84.63339462389027,27.67589226088742],[84.63384951110487,27.67549094562329],[84.63434439749396,27.67498265686247],[84.63479927722305,27.67441186774299],[84.63510244853926,27.67395256658481],[84.63648031295982,27.672391853770115],[84.63719378420936,27.671785428525858],[84.63738556403239,27.671687348747845],[84.63809455301471,27.671196846614727],[84.63858948284,27.67079552963076],[84.63930292800929,27.670091006525453],[84.64012342694957,27.669065403498067],[84.64051135753192,27.668302879661432],[84.64081904953643,27.66736644176046],[84.64090375636219,27.666666372967313],[84.64100187561183,27.665877127436712],[84.64097960119959,27.66566752368447],[84.64083246212411,27.66545354913584],[84.64064069375867,27.665261770334226],[84.64021707661695,27.664936281284426],[84.63966411823819,27.66454832602259],[84.63923610277872,27.664320923255136],[84.63872776542647,27.66397306124945],[84.6385761495708,27.663834858674445],[84.63802764654383,27.6632194904937],[84.63789830445891,27.662876166277893],[84.63786269541427,27.66253280000708],[84.63805439317335,27.662247380781693],[84.63818373490835,27.662171604335192],[84.63844233766838,27.662171588653006],[84.63882580853755,27.662309814687603],[84.6389551485432,27.662403516744178],[84.63927171097572,27.66255959715836],[84.6396998060094,27.662849387435607],[84.63999856048993,27.66315712256327],[84.64044445386378,27.663558440594866],[84.64059159392896,27.663656486622166],[84.64097513034878,27.664039957270187],[84.64116681776606,27.664097953823987],[84.64133631010793,27.66398650826445],[84.64151466373491,27.663603024748138],[84.64184015369075,27.663125883421284],[84.64231285731938,27.66272902719114],[84.64306641282013,27.662216177244723],[84.64370851193665,27.661953111196734],[84.64396716976223,27.661877316194072],[84.64460925885,27.661765876042445],[84.64557241899202,27.661770333892854],[84.645960392755,27.661850525382018],[84.64636616581338,27.66181493358455],[84.64666496559263,27.66175692303796],[84.6469859560962,27.661895129931725],[84.64709300575237,27.661953159945504],[84.64758346785483,27.662412403032224],[84.64809180698481,27.66277808725929],[84.64843075046554,27.663085748761016],[84.64900597593821,27.663491489243942],[84.64943399871723,27.66383934838955],[84.65013413878776,27.664472475764924],[84.6505176117423,27.664954091382302],[84.65134250099577,27.665685365760606],[84.6519177772334,27.666336430934994],[84.65225661839648,27.666666387426574],[84.65278726599593,27.66718364525377],[84.65297899396606,27.66745117617687],[84.65342494660659,27.667955085528757],[84.65378612820074,27.668472329764928],[84.65397785284762,27.66866408881317],[84.65433903097626,27.66916348114279],[84.65476262418647,27.66985465057646],[84.65503464170044,27.670541323174746],[84.65522197226396,27.671464354732446],[84.65524424117413,27.67174981029285],[84.6554314912396,27.672779835805486],[84.65553405548894,27.673185555296484],[84.65570350559582,27.67364489445365],[84.65599778728676,27.674237901888002],[84.65625200012218,27.67492913865481],[84.65642144811756,27.67521445093524],[84.65699220404348,27.676480888449344],[84.65709476551444,27.676770675022592],[84.65715271066948,27.67728800600974],[84.65738457052062,27.677916705748384],[84.65742918647442,27.677974643925168],[84.6574247168992,27.67816642943452],[84.65770119139874,27.678340286374926],[84.6580445478936,27.67845620995443],[84.65829875169742,27.678420563790056],[84.65885608063242,27.678193194694046],[84.65911475029935,27.67823330585047],[84.65919943024338,27.678291267085655],[84.65936886956914,27.678616819571367],[84.65949377388722,27.67873272763875],[84.6596676817486,27.678808487418593],[84.66011358261773,27.678870967146338],[84.66043465783741,27.6790983824885],[84.66090281949141,27.67933466432891],[84.66167424837771,27.67928114663367],[84.66210233667191,27.67918310492332],[84.66253042178377,27.679187510317842],[84.66312793197967,27.679285613638488],[84.66355154036734,27.679423883901393],[84.6642560577396,27.679829691908576],[84.66448796879932,27.680003518923716],[84.66485362983205,27.680159638085257],[84.66519247471328,27.68015962568096],[84.66536636536526,27.68011945393866],[84.66570975596368,27.679972367329217],[84.66596839484593,27.679896540787897],[84.66613781425525,27.67989653314743],[84.66639198233507,27.679954484853365],[84.66666849358694,27.68006603559655],[84.66682003555376,27.680128433992085],[84.66698953225725,27.680266662593468],[84.66728383608222,27.680667946471686],[84.66760040253524,27.681243210695712],[84.66783676889021,27.681376955381552],[84.66802844676785,27.681359149050692],[84.66828707523221,27.68124762226375],[84.66863044840785,27.68115398369579],[84.66939746470506,27.681100522552903],[84.66982549557306,27.68102467650227],[84.67008411596221,27.68087307630397],[84.67023572873235,27.680685777388565],[84.67038734110308,27.68028447756485],[84.6704140727165,27.67959334674223],[84.67058802739002,27.67940601083325],[84.67088678134543,27.679307975266397],[84.67114539696519,27.679352524400468],[84.6716136311128,27.67956209188427],[84.67186777501179,27.679624494975407],[84.67233600328125,27.67990991520501],[84.67242066378006,27.68008379289985],[84.67246526808324,27.680293436759964],[84.67246079967519,27.68058321071614],[84.67237167082043,27.681153969484562],[84.67249646713702,27.68146173018616],[84.67275068692929,27.68155983090057],[84.67348198148107,27.681104998188427],[84.67365584708865,27.681029118494727],[84.67451200187034,27.68091764898179],[84.67510954727122,27.68078840507376],[84.67528340796004,27.68071252280051],[84.67562681917633,27.680636715303876],[84.67630900777401,27.680583264254146],[84.67673706701439,27.6805118587778],[84.67724993603416,27.680395957961114],[84.67744613036302,27.68032458742339],[84.67767798827197,27.680248782572765],[84.67896667355745,27.67968248099688],[84.67922525285576,27.679606715098387],[84.67973809968724,27.679588880321447],[84.68042031930261,27.679825179332447],[84.68054964571974,27.679860832320504],[84.68075923208403,27.679999064612158],[84.68093315547591,27.68005704035439],[84.68150837542385,27.680400431916784],[84.6828683767314,27.681310036582207],[84.68299323005229,27.681443860751838],[84.6835060432764,27.681827332895065],[84.68382260024512,27.682135020140823],[84.68420608816935,27.68271468873266],[84.68445578872937,27.683401410267244],[84.684536043695,27.68380267611957],[84.6845539135727,27.684605367627956],[84.68441566120454,27.68598321125721],[84.6842818759939,27.686558416576155],[84.68425961831683,27.68684384525883],[84.68404110969627,27.68758848194059],[84.68390285609478,27.688449074686897],[84.6839207261693,27.68907782025545],[84.68400098188197,27.689822463207292],[84.68395638652464,27.690223843950967],[84.68391179113273,27.69033975205636],[84.68378247227828,27.690513633259187],[84.68347923796915,27.690857009882457],[84.68332766010373,27.690968463813654],[84.6826007987969,27.691271699231514],[84.68215044492943,27.691574901546847],[84.68195426665011,27.69165073489234],[84.68163323169819,27.69193167052208],[84.68143697187351,27.69216348564528],[84.68137458344745,27.69233296559646],[84.68134777714641,27.69256038442008],[84.68158416680481,27.69290818163482],[84.68190073435596,27.693215858851968],[84.68285944153126,27.69385349552596],[84.68314034122108,27.69406307124914],[84.68345697998132,27.69437074666082],[84.68386272818395,27.69466059514635],[84.68463416840135,27.69489251985418],[84.6852316884039,27.695222455826347],[84.68569988765425,27.695641671523063],[84.68629739657815,27.6958199909564],[84.68664074202002,27.695976087497783],[84.68687710991347,27.696127642840004],[84.68719372808957,27.696533466289203],[84.68747013935683,27.69676088575986],[84.6877287601814,27.69687679375406],[84.68806770964784,27.69693473811952],[84.6884110445133,27.697130985435606],[84.68866966110343,27.697224582729497],[84.68875437732744,27.69728261423938],[84.68874991018504,27.69757245702678],[84.68873212138239,27.697625942022835],[84.6887900346838,27.698089680035974],[84.68912897789048,27.699177654763513],[84.68912451077719,27.699463122278598],[84.68901745949434,27.699980331189852],[84.68901745949434,27.70015424777565],[84.68890602065194,27.700439636486188],[84.68877224589357,27.701068342954446],[84.6887945018231,27.701353759148464],[84.68889708639037,27.701701588404536],[84.68915570079302,27.70206270397516],[84.68936525578012,27.702526522258722],[84.68942771530297,27.703097233619893],[84.68925381761224,27.703498550079306],[84.68903532797866,27.703841942959563],[84.6888836849954,27.704203061959685],[84.6888836849954,27.704376974599512],[84.68896840090387,27.704626673971973],[84.68917803634383,27.704952270323883],[84.68924041630046,27.70558097164105],[84.68859387906464,27.70661102942245],[84.68858941190976,27.70718175493684],[84.68884356056202,27.707757021853702],[84.68923148209089,27.708332230510987],[84.6894990291579,27.708738023683107],[84.69018129247064,27.70952284706399],[84.69077883456765,27.710115882785793],[84.69152346016118,27.71078922563673],[84.69184005273588,27.711154860030685],[84.69262933300163,27.711828207508265],[84.69292813197835,27.712019876104],[84.69320459542408,27.71225182414298],[84.69386894775597,27.712657518886047],[84.69446653125878,27.712942965527603],[84.69497485520425,27.713255067135012],[84.6952513087988,27.713580610188814],[84.6952735622184,27.71373216679712],[84.69546530817192,27.714249433180303],[84.6955010411241,27.714824710426267],[84.69554562752211,27.714994162177028],[84.69553669429307,27.716541461679004],[84.69546530817192,27.71717018795622],[84.69522450897021,27.71774541318533],[84.69513980228692,27.7182581676465],[84.69517992232292,27.718659521435367],[84.69524237552399,27.718944932248764],[84.69530482865717,27.71906527585568],[84.69532261542469,27.719408670037847],[84.69521565545267,27.71963603063586],[84.69493473502499,27.720037330683784],[84.69480089454238,27.720376263770866],[84.69484109457709,27.720893518649316],[84.69481876122796,27.721027304272965],[84.69471172055547,27.72102731564671],[84.69449771837446,27.721080786523324],[84.69421679443528,27.721290338474432],[84.6936549424349,27.72203501710714],[84.6931332064044,27.722989292694837],[84.69298604105032,27.723252403554262],[84.69255355618547,27.723823124605747],[84.69207639924244,27.724358228315612],[84.69138969149684,27.725004778312286],[84.69104190746528,27.725174285698404],[84.69061379519434,27.725325906839814],[84.68975772062039,27.725495317548344],[84.68915570079302,27.72550867473306],[84.68850022828073,27.725473052185528],[84.68795618919209,27.72544624375924],[84.68718479356177,27.72549976949509],[84.68710007502389,27.725535425596675],[84.68677898903623,27.725593435029904],[84.68667201315724,27.725593442059502],[84.68660508333004,27.725629065347245],[84.68583366956449,27.725968000937833],[84.68503552063933,27.72657883302596],[84.68492846173959,27.72669036122975],[84.68483927242943,27.7268463812217],[84.68451825358802,27.727220940959295],[84.68412583274304,27.727983457316068],[84.68403664218752,27.728130642619867],[84.68347477041674,27.729031372610287],[84.68332319253953,27.729414826748666],[84.68304229374316,27.72989199909617],[84.68289063494713,27.730079255480586],[84.68267658873779,27.730248685098942],[84.68241802495999,27.73032451236668],[84.68156182830292,27.730284371188247],[84.681133804974,27.730186324466658],[84.68089302549228,27.730168437475943],[84.68087515447664,27.730168465936433],[84.68062097059028,27.730088146779206],[84.67984955630432,27.729990042466472],[84.67890867057466,27.729985625399618],[84.6786500898529,27.72994546082049],[84.67830669668682,27.729941030436944],[84.67770471649801,27.73001687741467],[84.67744613036302,27.730146135915408],[84.67701799661296,27.73029779424094],[84.67680400832982,27.730431528330516]]]},"id":"0000000000000000018d","properties":{"DISTRICT":"CHITAWAN","GaPa_NaPa":"Kalika","Province":"Bagmati","STATE_CODE":3,"Type_GN":"Nagarpalika"}},{"type":"Feature","geometry":{"type":"Polygon","coordinates":[[[84.56395302887643,27.681082698118],[84.56356066747406,27.68070809691047],[84.56312369462437,27.68033353209908],[84.56241466600018,27.679258916890113],[84.56215604307579,27.678714921270068],[84.56195537967295,27.67840278545661],[84.56158530976951,27.677992552666666],[84.56083173174676,27.676975871118607],[84.56051066264548,27.676351522187392],[84.56022524863201,27.67542410691456],[84.56006918973218,27.675036168406407],[84.55967232494355,27.673649381582976],[84.55948948161107,27.67226258051878],[84.55953409319872,27.671727496762404],[84.5597481164141,27.671121056421462],[84.56061763257816,27.669694160082237],[84.56071572815034,27.669315093270757],[84.56072020520593,27.668704184170455],[84.56063106376654,27.668240415614694],[84.55999339868073,27.666666393258378],[84.55988634764941,27.666398863713695],[84.55960540770852,27.665395547351427],[84.55936907812274,27.664775730579432],[84.55924427716516,27.66416036913347],[84.55923084565599,27.663928539066255],[84.55908373844731,27.66331310443506],[84.55905695530129,27.662929670275705],[84.55896781130835,27.662465887817326],[84.55865120911523,27.66115497553856],[84.55858429070342,27.660695628946257],[84.55856198454902,27.660156106851492],[84.5584415791375,27.659389106202063],[84.5581472803975,27.65815400873774],[84.55811609951454,27.65723093258454],[84.5581428830945,27.65662005670857],[84.55803135138902,27.655621183460372],[84.55803582865157,27.65539379281611],[84.55800017044379,27.65523774040659],[84.5579823413317,27.655121741794854],[84.55791542214911,27.65473832587536],[84.55777270893938,27.65335599621443],[84.55778166350402,27.652589037838933],[84.55780396995817,27.652513162556648],[84.55781284456658,27.652379467159086],[84.55783962828643,27.652227821269605],[84.55797338679798,27.651006052347864],[84.55796890953062,27.649931379920893],[84.55804478317565,27.649704011829495],[84.55807596409691,27.64878538951185],[84.55804478317565,27.64848216399571],[84.55784410556376,27.647630493156274],[84.55766573376566,27.647242519500573],[84.5575631557421,27.64712658854456],[84.55750519068373,27.646992859861143],[84.55738478308105,27.646738702931295],[84.55703251345527,27.64588251526065],[84.55687204857558,27.645650616558367],[84.55671598066391,27.64526270877362],[84.5565152984603,27.644335252941673],[84.55652417326563,27.6441077536067],[84.55645285497184,27.6436485516322],[84.55657774188163,27.64272991263433],[84.55657326450667,27.64219487654075],[84.55669367379186,27.6402060555887],[84.5564439002023,27.63897981095736],[84.55617637582567,27.6381281583158],[84.55599360143961,27.63785610717085],[84.55579291673996,27.637543994867375],[84.55562789103314,27.637329936223182],[84.55528456570075,27.63678598681135],[84.55492340828785,27.635626579567916],[84.55463796681335,27.635256521378007],[84.5544507100477,27.63507809221681],[84.55387998096406,27.634850724496],[84.55373278024456,27.634823983539704],[84.55345636810837,27.634815028174202],[84.55275177906883,27.63475261256451],[84.55158797307963,27.63482838450003],[84.55100826026462,27.634926507416434],[84.55074966650348,27.634939843675898],[84.55036169374226,27.6350201326015],[84.55010309710366,27.63501570665308],[84.54984889724545,27.634930948728123],[84.5494743522384,27.63470804231497],[84.54922462757149,27.634471643529146],[84.54802516656959,27.63284852590252],[84.54752570370812,27.63246952233998],[84.54684351334863,27.631876464162538],[84.54621473321855,27.631510857536455],[84.54577778979665,27.631136262620398],[84.54549686159031,27.63068594309814],[84.5454745504107,27.63060563345903],[84.54541657329099,27.630547665503432],[84.54522480855765,27.629932334328213],[84.5449438776789,27.62938829624852],[84.54443559165958,27.6287016345199],[84.54372209645538,27.627836531925897],[84.54335199036059,27.627444108900352],[84.5430666519877,27.627051709023657],[84.54290167010907,27.626873331515444],[84.54279906601923,27.626797544526763],[84.54250476801502,27.626556789922066],[84.54219263456382,27.62633827263781],[84.54190729050136,27.626003883723378],[84.54166649037268,27.625772010193682],[84.54149254744749,27.625607023650783],[84.5415238172255,27.625433045630118],[84.54154604994747,27.62532163681008],[84.54166649037268,27.62524130575825],[84.54176901648759,27.6251744627238],[84.54200981619172,27.625027274072412],[84.54217032211614,27.625000550358994],[84.54254491418922,27.624929212374777],[84.54284369042351,27.6248355294909],[84.54308000726229,27.6246884302452],[84.54323163339818,27.624438666334175],[84.54321379975397,27.624037391000083],[84.54315134197041,27.62386348119695],[84.54294181600922,27.62352010573171],[84.54247805719852,27.623038580897266],[84.54205444120171,27.622539171761208],[84.54166649037268,27.622209139549366],[84.5416531347734,27.622155686729663],[84.54127405840146,27.62172755234078],[84.54114921857433,27.621633931332436],[84.54070327988609,27.62103643969389],[84.5402618963859,27.62063513084263],[84.5399229589292,27.62045669902913],[84.53981595089337,27.620340748553414],[84.53973125605278,27.620166854182493],[84.53952163779135,27.619997426238196],[84.53926299292809,27.61993505479069],[84.53900882564322,27.619934981154127],[84.53883495474625,27.619970728289047],[84.53866548210678,27.61995282635976],[84.5381527423883,27.620140119967658],[84.53755074132074,27.620269458762195],[84.5373812649395,27.62020701632194],[84.53717171818842,27.620015274053486],[84.53702007625198,27.619917204509854],[84.53674366461662,27.61980120160951],[84.53647165061108,27.61959165187492],[84.53636463622556,27.61941777114815],[84.53634680047548,27.61924382376101],[84.53645381489382,27.618900463391757],[84.5365652280514,27.618731057888176],[84.53667232204842,27.618445716345025],[84.53669903553151,27.618213805343732],[84.53665888532176,27.6179864078227],[84.53655187128068,27.61775450881534],[84.53625762164319,27.617313085739873],[84.53615500583109,27.616969697530713],[84.53615500583109,27.61689391792549],[84.53624418482072,27.616742291984625],[84.53645821383805,27.61655058487206],[84.53751059169885,27.616100202762883],[84.53793863962701,27.61598875106083],[84.53875465724762,27.615520504737507],[84.53927195034517,27.615391219778864],[84.53969998531088,27.615355541644824],[84.54029756547955,27.61537784180121],[84.54063642077793,27.615342140829213],[84.54140785504867,27.615199437445373],[84.54166649037268,27.615065702999544],[84.54216144511844,27.61466882322335],[84.54240224319742,27.61426750139385],[84.54253155879172,27.61411592547708],[84.54272325243669,27.613964297618615],[84.5432182781584,27.6137012137903],[84.54364628407642,27.613611965019643],[84.5439896781757,27.613629810071195],[84.54422599035652,27.613518400707882],[84.54429292530726,27.613366785121812],[84.54414570030198,27.61305904318285],[84.5438291772737,27.612733591133956],[84.54351257255107,27.612292096316413],[84.54338765755874,27.61206020637119],[84.54324051023248,27.611676771894913],[84.54318253088479,27.61121748199353],[84.54320932134918,27.610838459763272],[84.54329401112409,27.61053079639451],[84.54342780312331,27.610379123768798],[84.54422599035652,27.609696877267424],[84.54452475795198,27.60950963105163],[84.54463175732235,27.60949177994434],[84.54489037830558,27.60947398387499],[84.54531405360817,27.609572095136148],[84.54599626191816,27.609844048826798],[84.54616571319222,27.60988416619188],[84.54648230346558,27.610058143026883],[84.54682568081243,27.61015622565998],[84.54716457803065,27.610312241225284],[84.5474231877452,27.610312292568853],[84.54776655953357,27.610236490748086],[84.5480653089315,27.610071462294062],[84.5482391522266,27.609688022465733],[84.54824810826084,27.609077105410133],[84.5481856558862,27.608773843086052],[84.54789586319541,27.60785084430427],[84.5479002612741,27.607320169120253],[84.54798950221682,27.60707051618451],[84.54825258627744,27.606727165370586],[84.54839972091669,27.606633492082427],[84.54846657109711,27.606597817850172],[84.54852902316985,27.606575539286528],[84.54859595316564,27.606557720827134],[84.549215751651,27.606352600678647],[84.54940750321727,27.606241125429406],[84.54951449359932,27.60616533708215],[84.5494520425856,27.606107367974634],[84.54936736178244,27.60595569327287],[84.54937183971279,27.60564808620516],[84.54943868877498,27.60542067162401],[84.5500496024791,27.60435495421723],[84.55011645076159,27.603971413018556],[84.5499291794221,27.603512127312076],[84.54974190747906,27.603280288521074],[84.54961260792453,27.60314650228129],[84.54940302528965,27.60299046765043],[84.54914442438483,27.60287446681794],[84.54876091888349,27.602776423264206],[84.54786459684468,27.602749600702385],[84.54767292015296,27.60282546250345],[84.54677218317103,27.60295476309993],[84.54651796874319,27.603026118572803],[84.54619250228188,27.603217865930173],[84.54602305108592,27.603405106212698],[84.54586695403034,27.60369052519389],[84.54584464299276,27.60380640866405],[84.54584016479065,27.604207745037513],[84.54602744930631,27.60472505489494],[84.54602744930631,27.604952410759967],[84.54593828531881,27.605295795044814],[84.54582681015013,27.605469684448952],[84.54561281561173,27.605697128997317],[84.54535411787391,27.60582641524243],[84.54492604455994,27.605826410792247],[84.54460944581069,27.6057461548452],[84.54369538619812,27.605184274730725],[84.54305769515511,27.604988142623238],[84.54254491418922,27.605001500622873],[84.54166649037268,27.605273478400612],[84.54151486015526,27.605322515038008],[84.54100206558323,27.605411740398438],[84.54023062592933,27.605656931486084],[84.53997198421915,27.60565249284582],[84.53965095979163,27.60572388881978],[84.53945925601863,27.60572386192733],[84.53914262750212,27.60560788747817],[84.53869675340492,27.605353746938256],[84.53839795586394,27.605068335067884],[84.53751059169885,27.60431474474417],[84.53740357922463,27.60414085262153],[84.53736790835613,27.60383318821855],[84.53747492089597,27.603529965610683],[84.5376042474471,27.60339623826474],[84.53780043615598,27.603115261499745],[84.5378049149773,27.602959225049037],[84.53763543933661,27.60257569697094],[84.53752842709207,27.60246428865749],[84.53744372892038,27.60242409677267],[84.53706022621245,27.602401807456307],[84.53667672097613,27.60249100814753],[84.53654739236286,27.60256680266809],[84.53590082496525,27.603137603906458],[84.53581612442373,27.603173285411142],[84.53557537905729,27.603418498935163],[84.53533903172345,27.603570068254054],[84.53495103609961,27.603739512969913],[84.5345051298731,27.60385106998391],[84.53380063106202,27.603864451025803],[84.5331585123174,27.603668190127323],[84.53294895035638,27.603529987175374],[84.53277946056944,27.603320430430422],[84.5326323663901,27.602919122540676],[84.53263676562327,27.602611424701575],[84.53283297108405,27.60208078442298],[84.53294895035638,27.601394079590275],[84.53282857186574,27.600702904325733],[84.53270371391233,27.600470997340256],[84.53264124484214,27.600377403003964],[84.53259669259619,27.600359584497024],[84.53272595000564,27.60026147379892],[84.53289991914738,27.600167797852023],[84.53356427651862,27.599869067040053],[84.53453192433479,27.599458792629246],[84.53493767895826,27.599173460078767],[84.53511156150455,27.599003990299984],[84.53519634305438,27.59896384796008],[84.53537022482759,27.598776613627404],[84.53588746804198,27.598437721794653],[84.53620851324128,27.598170123098555],[84.53646717168708,27.598022993132584],[84.53691754176502,27.597813405190617],[84.53768894538506,27.597554825118472],[84.53775580788164,27.59755477205155],[84.53865660457407,27.597198072780042],[84.53916933985072,27.597028594231563],[84.53968662925998,27.59676556149183],[84.54013697441015,27.596466780997563],[84.54039561538653,27.596390965247537],[84.54067208964186,27.596221492750576],[84.54108235997889,27.595900425165347],[84.54112690572626,27.595824688296915],[84.54149254744749,27.59546348229784],[84.54166649037268,27.595360863132257],[84.54188049943704,27.595236069955707],[84.5420722752015,27.59508442711975],[84.54291054699377,27.59470988425927],[84.54316917563376,27.594540418487224],[84.54368195109403,27.594353155354803],[84.54441328007265,27.59410786423564],[84.54462727902678,27.59405439087145],[84.5450776658813,27.593768978844626],[84.54520697552485,27.593657551529482],[84.54544776099017,27.59325617232579],[84.54557706981048,27.592917285107152],[84.5456885454581,27.592743382905134],[84.54599178372773,27.59244023495705],[84.54637530750144,27.59227074506824],[84.54708429203487,27.592065623161517],[84.54727605063374,27.59206563853736],[84.54755249217098,27.59195417009186],[84.54802516656959,27.591655422457322],[84.54826594036061,27.591312057774786],[84.54835070273313,27.59127190358392],[84.5485423771895,27.591236205401106],[84.54880106073719,27.59127633394516],[84.54901504353737,27.59125855969296],[84.54929155676616,27.59112923541855],[84.54946547635606,27.590919654650712],[84.54949218396192,27.590687792397418],[84.54942973292421,27.59046038291081],[84.54934505208855,27.590228442343633],[84.54928260089274,27.590112532331947],[84.54907749502071,27.589483793585934],[84.54899281367177,27.58929211335486],[84.54893036209742,27.58921628575369],[84.5487162990215,27.589269766124733],[84.54828825046876,27.589363427305845],[84.54640201652738,27.589787031615778],[84.54614788044809,27.58984054400099],[84.54563064852002,27.589894010462068],[84.5448636685851,27.589911885714486],[84.544605047483,27.589983252008437],[84.54409220019411,27.58994306059682],[84.54349913740472,27.589746890250083],[84.54292398227612,27.589416888167417],[84.54265191720333,27.589149386320543],[84.54248245568712,27.588859572441553],[84.54237545236114,27.588743608476545],[84.54221046852123,27.588382373696803],[84.54221046852125,27.588208472758485],[84.54223278095353,27.58809704412136],[84.54260289417273,27.587597620779402],[84.54266975101987,27.587445980575662],[84.54275452155285,27.587236390890386],[84.54267422946621,27.586933198740002],[84.54248693414789,27.586643396800206],[84.5418938549841,27.586143959678054],[84.54166649037268,27.585925430876568],[84.54121607709291,27.585488451747782],[84.54049374510348,27.585006880684386],[84.53990064561063,27.58478837427856],[84.53964208240933,27.584748234699283],[84.53896427827341,27.584516402588577],[84.53871010968315,27.58440046245968],[84.53815714120405,27.584030330810123],[84.53796543250729,27.58383854777632],[84.53768894538506,27.583646829588815],[84.53733671632315,27.583334743662668],[84.5371003761452,27.58312513815469],[84.53684619941006,27.582777350800708],[84.53672135007835,27.58243401399188],[84.53674806353894,27.581858710642887],[84.53683724161941,27.581345938806734],[84.53681940601425,27.58117204670176],[84.53679717148536,27.58098030545979],[84.53675702134332,27.580752865254098],[84.53671687117358,27.58065478362442],[84.53648500740023,27.580387232925954],[84.5361862784789,27.58019106568556],[84.53559321504386,27.579883355528512],[84.53516506987445,27.579704959722445],[84.5345051298731,27.57937506800572],[84.53425102178272,27.579294741696437],[84.53382734586373,27.579120891708204],[84.5332298591945,27.57896476500559],[84.53220427941969,27.578804229869732],[84.53143728238871,27.578817665687765],[84.53075058390593,27.578964771914304],[84.52980974983618,27.579241245003015],[84.52938164210302,27.579254595134543],[84.52921222191748,27.579218922369904],[84.5288509825192,27.579022782903127],[84.52836495360911,27.578657114931758],[84.52782988516053,27.578367275389937],[84.52749095527034,27.578286994994162],[84.52708522871906,27.578380672783766],[84.52693364049061,27.578474253791732],[84.52671509676675,27.578853290366578],[84.52663038285522,27.579160990859442],[84.52662590317375,27.579312580762767],[84.52671061709181,27.579539989725177],[84.52704955152508,27.580003792889645],[84.52723681655283,27.58019550626978],[84.52742856059825,27.580503183331782],[84.52787004146235,27.581020472209946],[84.52816433351431,27.581484211328437],[84.5282490451937,27.581542176758955],[84.52833375674982,27.581693789712133],[84.52867268173298,27.58211741214821],[84.52896696972712,27.582500891245246],[84.52901152475175,27.582581113427736],[84.52921670139993,27.583098389899014],[84.52923005985447,27.583330220174037],[84.52923453933555,27.58340609931719],[84.52918990449083,27.583557625631606],[84.52899816624705,27.5838608457349],[84.52867268173298,27.584146309182586],[84.52839175089798,27.58429345512428],[84.5278789206409,27.584427197754813],[84.5273661658593,27.584382576171603],[84.52711194660338,27.584400432579134],[84.52689796320372,27.58432015418586],[84.52672845579538,27.58432018369931],[84.52647431374928,27.58426216097277],[84.52587683158832,27.58400807327179],[84.52560036702198,27.583811870867173],[84.52518118791845,27.583330275561234],[84.52502959473246,27.583160765930124],[84.52496711742592,27.58312063541389],[84.52461041151983,27.582661402522984],[84.52395491172193,27.581965802962575],[84.52323700538115,27.581100713681963],[84.52300516790166,27.580793062379588],[84.52292044859244,27.58065921149794],[84.52260381008318,27.58032929623248],[84.52218468940889,27.579562281410062],[84.52201964831566,27.57887114645111],[84.52181012625404,27.578295921792375],[84.52181012625404,27.578179954718145],[84.52174764549336,27.578010553051296],[84.52152028215956,27.577609244372347],[84.52113675452462,27.57708751684665],[84.5207800251563,27.576739678016327],[84.52044113423288,27.576507793875027],[84.5201825645724,27.576369595371347],[84.51992839395761,27.576293794105723],[84.51899642554835,27.5757899268214],[84.51852823560293,27.575477777123638],[84.51827405776994,27.575250383442132],[84.51797523538661,27.575054173614383],[84.51748919570608,27.574572586646457],[84.51711020195155,27.574055307192438],[84.5169853902958,27.57382345276981],[84.51692290436003,27.573538076888717],[84.51683817620435,27.57336413363402],[84.51679809230306,27.573132312258092],[84.5168024927327,27.572788951312653],[84.51689170137085,27.57232965679245],[84.5170477961571,27.57187478078487],[84.51713252400795,27.57164296295427],[84.51735102368552,27.571246072605557],[84.5180243591715,27.57023831100603],[84.51845239039775,27.569801366070255],[84.51899194527964,27.569462461342532],[84.51969646330396,27.569123529523615],[84.52036089135773,27.5689005947166],[84.52068642233628,27.568713333331228],[84.52090042856256,27.568539448538626],[84.52133299874679,27.568048921233846],[84.52159156330025,27.567589666548372],[84.52161836370658,27.567308688299438],[84.52157820309309,27.566960883126203],[84.52151580208495,27.566787011455663],[84.52132403856841,27.5664837724836],[84.52083802682824,27.565944237326907],[84.52052145700019,27.565712330092406],[84.51996847570518,27.565382373700054],[84.51975894626497,27.565204048954318],[84.51965190115125,27.565034578575823],[84.51961173918193,27.564882918055563],[84.51974110542635,27.564517318217973],[84.51985255057538,27.564365731578555],[84.52004431893647,27.564196235613636],[84.52034753086828,27.56400898317312],[84.521118914108,27.56334455334791],[84.52152916230642,27.562889736434364],[84.52209100884573,27.562149554692823],[84.52304084757384,27.561279990214206],[84.52340644295528,27.560825190261184],[84.52387915358103,27.560370314466983],[84.52420466489485,27.55996902072334],[84.52457473280931,27.559398231864872],[84.52468176887525,27.559117358760723],[84.52486456170185,27.55814081904586],[84.52480216421506,27.55762355491824],[84.5247219273485,27.5573961188722],[84.52457473280931,27.557164264431723],[84.52427594274997,27.556798594261778],[84.52374979652767,27.55624121803414],[84.52347332186207,27.555973653487694],[84.52264836997749,27.555429610927742],[84.52137755961338,27.554386243097994],[84.52114123462837,27.554154358882],[84.52053033729933,27.553347293732905],[84.51995959532037,27.55274975022995],[84.5195582165144,27.552272617626343],[84.5192015574832,27.551920368360413],[84.51890273985732,27.551577001113966],[84.51877793204174,27.55147887493882],[84.51863072247964,27.551269330604786],[84.51829189905787,27.5509973340335],[84.51761408628927,27.550341812329915],[84.51731534052794,27.55012781934965],[84.51706115740333,27.549895936636414],[84.51664199684784,27.549414341399096],[84.51602665184862,27.54885698386745],[84.5158973573651,27.54876332071405],[84.51585719280747,27.548723167355117],[84.51569221379636,27.54858943769028],[84.51594640289294,27.548513550762305],[84.51611586167462,27.548455667347042],[84.51645917821509,27.548344180160786],[84.51750703723435,27.5480899727679],[84.51780586201915,27.548107805018528],[84.51799755711158,27.54813008159854],[84.51851039438739,27.5482103535314],[84.51991495336544,27.548549283757804],[84.52055265804526,27.548629549817424],[84.5217030849099,27.548870338640246],[84.52206868868934,27.548888109552074],[84.52272868970084,27.548932723919346],[84.52302740769989,27.548919379481628],[84.52381667504012,27.548888176299037],[84.52445881684783,27.5488168094762],[84.52512319057202,27.548745420427554],[84.52529262265783,27.548745472212065],[84.52650999129578,27.548758846530266],[84.52766046045853,27.548861370488655],[84.528298080321,27.548999635606865],[84.52874843363666,27.549008574697613],[84.52934596631646,27.549048650495315],[84.53015754505607,27.549169095438415],[84.53066587586717,27.549307273247504],[84.53104934073546,27.549369741157445],[84.53143280307715,27.549392028095077],[84.53194560202215,27.549494572059064],[84.53219980016716,27.549512407665006],[84.53284192949127,27.54949903885176],[84.53386749802766,27.549280527810268],[84.53418855437369,27.5491691035682],[84.53508932632292,27.549120067084072],[84.53523641429106,27.549120033703005],[84.5355129130702,27.549119987335185],[84.53613277104826,27.54891938254904],[84.53636903517652,27.548825698971317],[84.53667232204842,27.54871428553874],[84.53690418507517,27.54871427142446],[84.53741693579978,27.548852509482593],[84.53781827146032,27.549066558823277],[84.53817945519152,27.549374214991065],[84.53839347708825,27.549490110754952],[84.53877697100587,27.549664081061046],[84.5394146290171,27.54984238879276],[84.5399898188576,27.55002074521283],[84.54024406183088,27.550025263902015],[84.54101102273245,27.550105503482875],[84.5416531347734,27.550261564184353],[84.54166649037268,27.55026601625029],[84.54242007709053,27.550404208591846],[84.54376224178903,27.550778854191663],[84.54414570030198,27.550818964178788],[84.54517130944286,27.55103744180344],[84.54625935500103,27.551046383935223],[84.54722255340685,27.550957212146052],[84.5481856558862,27.55096606956338],[84.54831056056835,27.550925956173632],[84.54908197297341,27.550876945461297],[84.54978652655355,27.550747632235453],[84.55047324017451,27.55060047350367],[84.55055791936611,27.550582624561876],[84.55109749643458,27.55035523815329],[84.55148098651534,27.550092099588397],[84.55172174598788,27.549864718413513],[84.55180650331965,27.54982901350514],[84.5519982463366,27.54965516370968],[84.55214984920813,27.549450009804975],[84.55253773007068,27.54910667629644],[84.55273394834563,27.548995146018314],[84.55324679933797,27.548790096911855],[84.55356782864204,27.54862058416356],[84.55363467287673,27.548620608151605],[84.55401814621041,27.548468982818928],[84.55453098586574,27.54837982757783],[84.55504821853104,27.548210390332837],[84.55579739417507,27.547817946310857],[84.55657326450667,27.547474578939486],[84.55688987802856,27.547443375659704],[84.55727780719273,27.547349774652393],[84.55791989942058,27.547372091393733],[84.55823650560092,27.547434462896728],[84.55881174902889,27.547608371927726],[84.55938690680907,27.547844690505237],[84.55985516770028,27.548094422782015],[84.56055967056885,27.548464546665368],[84.56059980426973,27.548464506502498],[84.56111258580701,27.548620608970253],[84.56149608971207,27.54868299567147],[84.56200886333298,27.548683012198598],[84.56297204045335,27.548767754344848],[84.56437664510645,27.54904865646155],[84.564505991737,27.549048703140834],[84.5645684265649,27.549088820543872],[84.56501881871144,27.54911112596706],[84.56540229680982,27.549169036506623],[84.56649028320868,27.54950355219983],[84.56731964929374,27.549909318780028],[84.56751142102695,27.55002519813641],[84.5677210182531,27.550123288913138],[84.56793501128375,27.550239230584406],[84.56806434998352,27.550297224241394],[84.56838098077522,27.55076094091736],[84.56855036674786,27.550952736591313],[84.56875996022113,27.551336201328994],[84.56896507651796,27.552022902323458],[84.56894277435246,27.552482149732555],[84.56889816999576,27.552638276970217],[84.56872430860062,27.552941515593613],[84.56867970407595,27.553244703987477],[84.56841663260668,27.553779831889706],[84.56832742305001,27.55408297580424],[84.5683898537667,27.554466500445553],[84.56868418051727,27.555157652192513],[84.56878673889027,27.555541132302906],[84.56888482065652,27.556455261686096],[84.56898737867489,27.556914545593518],[84.5691523664082,27.557547697067108],[84.56933070291205,27.55854209167172],[84.56935300492844,27.558600105737458],[84.56937530693625,27.558711514091726],[84.56949568966907,27.559478548721305],[84.56966067595691,27.560089459338602],[84.56980343987578,27.560472890394],[84.56992829806556,27.561083840409527],[84.56994612350863,27.561391504183405],[84.57007098139134,27.561623339804072],[84.57015571193973,27.56192655778093],[84.57028048943714,27.56215847885001],[84.57040534660021,27.562541921863236],[84.57053020349458,27.56276929160836],[84.57073978981559,27.5629654999234],[84.5710162795361,27.563366817130166],[84.57128829169876,27.563692333412746],[84.5716495071716,27.564000076084394],[84.57198833946858,27.564231945008913],[84.57268845872088,27.564544055218384],[84.57307188613085,27.56477596295839],[84.57358471732856,27.565007823015343],[84.57415549248014,27.565199528279],[84.57473073798911,27.565302119814522],[84.57575628658661,27.565311000574148],[84.57691121594681,27.56514607289701],[84.57731699431704,27.565074732114915],[84.57744631209792,27.565056821404788],[84.57755333073555,27.565052417289706],[84.57793680590464,27.565056813510427],[84.57838717419122,27.565003366398063],[84.57864132901811,27.565007814943886],[84.57877064384513,27.564967670572887],[84.5793503191883,27.56497211164337],[84.57954205114693,27.564936449774844],[84.58075940241814,27.565003384136283],[84.5811429362994,27.56507911352458],[84.5816735179538,27.565123777633577],[84.58201684700995,27.56514606487263],[84.58233348154812,27.56526195632455],[84.58329216557873,27.565480502699636],[84.58333228355441,27.565480456083392],[84.5838674003512,27.56552064551051],[84.58438469120746,27.565413620458592],[84.58470570809905,27.56522628127654],[84.58483500939663,27.565208452151186],[84.5851115118213,27.56507911345755],[84.5860345089165,27.564414723385738],[84.58661419152318,27.56411600339348],[84.58693527597423,27.56404464383832],[84.58723406351533,27.564026792884924],[84.58763976961937,27.563991132082553],[84.58872781828876,27.56404020187324],[84.58904889102539,27.56398669423983],[84.58975343887444,27.563977728175175],[84.5900745059262,27.563995558783084],[84.59058279186317,27.564062447969],[84.59094844174527,27.564102633877187],[84.59114021523608,27.564258657586404],[84.59184026299333,27.564646658224106],[84.59234861333772,27.564802652770286],[84.59260726143076,27.564766981274044],[84.59349905713398,27.56485169810068],[84.59382010342111,27.564972111097546],[84.59435072878526,27.565297627691283],[84.59486353151105,27.56540021351143],[84.59511769397082,27.565516152351076],[84.59575537236387,27.5659041232522],[84.59653574181507,27.566523882126685],[84.59733839199649,27.567313163350285],[84.59759701779988,27.56746927106828],[84.59810531760264,27.56764756448982],[84.59868056506035,27.567669879408786],[84.59900158261453,27.56761634814692],[84.5995144240374,27.567504897685023],[84.6004775373764,27.567228402584604],[84.60073614915346,27.56723289455942],[84.60150318952073,27.567125845668386],[84.60220766571717,27.56713029802654],[84.6027204787293,27.567063477368762],[84.60323776096912,27.56683602061892],[84.60330015408196,27.56684049233757],[84.60368361859884,27.566746868449503],[84.60385753489723,27.56672905390185],[84.6041117377516,27.56665318796139],[84.60469139916552,27.56656403831936],[84.60507485446142,27.566434694517945],[84.60577944694172,27.566287610330722],[84.60616289502565,27.566292016771296],[84.60639927352598,27.566314297952257],[84.60673814226966,27.56637233492484],[84.60688976182381,27.566452584347278],[84.60701461998858,27.566470366780212],[84.6074203472505,27.566626440702905],[84.60780386433946,27.566688882828636],[84.60812491116147,27.566693367675928],[84.60844595620141,27.56663981423128],[84.60876699945925,27.5665461693747],[84.60889632690653,27.566470370205174],[84.60940916050876,27.566341111509985],[84.6098550504526,27.56638122956721],[84.61011370019162,27.566479279766433],[84.61075129321765,27.566639854442226],[84.61126411036992,27.566644253404384],[84.61203109102465,27.56653731995138],[84.61267321582689,27.566564038810263],[84.61280253453808,27.566523861592046],[84.6133777157398,27.566492717442017],[84.6137611933199,27.566514961780094],[84.6141446683563,27.566613100661613],[84.61459060165556,27.5667914247638],[84.61548245793412,27.567313163424224],[84.61618700348292,27.567513804035098],[84.61650800375959,27.567513803405376],[84.61663731389233,27.567478176147873],[84.61695391882674,27.567478183119],[84.61721253680759,27.567424606695386],[84.61785468392387,27.567108075614467],[84.61824260441499,27.566974312603417],[84.61882228391961,27.56671563172314],[84.61914334942624,27.566621962469515],[84.61991030540489,27.56649266072932],[84.62016891015556,27.56653729616725],[84.62048996817995,27.5665194301768],[84.62144873904955,27.56662200401042],[84.62195706883749,27.566782536259158],[84.62259916322922,27.56690296234052],[84.62304503129307,27.567041167032286],[84.6243204041924,27.56752721284887],[84.6248732699942,27.56791517794521],[84.62499816917675,27.567919641940424],[84.62510517977051,27.5679240403672],[84.62557338871599,27.5678972886687],[84.62578740757375,27.567937425109942],[84.62625113899718,27.568102381676134],[84.62754880056333,27.56837442774297],[84.62806154852076,27.56836554762404],[84.62848964685529,27.568316434309192],[84.6292655021165,27.56813813696178],[84.62977831468191,27.568111305496206],[84.63029559437119,27.56800428333406],[84.63080839778729,27.56801771737699],[84.63148616647528,27.568142514724254],[84.63174479924812,27.568147038921726],[84.63259646662272,27.568276302647888],[84.6331939677446,27.56828968891874],[84.6340456935838,27.56836555062546],[84.63447374754476,27.568468031534305],[84.63481261136499,27.568588504376194],[84.63533878851855,27.56884709235817],[84.63554837975124,27.569025443204204],[84.63627072511183,27.570033226372338],[84.63679249763817,27.57058165095105],[84.63746580477668,27.57111233636928],[84.63805439317335,27.57137090567769],[84.6389061271184,27.571616210813698],[84.63941885403207,27.57164738037079],[84.63994953995171,27.57175442096376],[84.64063175200417,27.57174550138847],[84.64114901425518,27.57164290507294],[84.64192932979422,27.57125497006108],[84.64220579878926,27.571161407382988],[84.64229497432743,27.57110787182249],[84.64291927906797,27.57100527933211],[84.6431734697528,27.570987468073614],[84.6440251281159,27.571197024190603],[84.6446360024279,27.5714779433185],[84.64482775750973,27.571593894820236],[84.64505966694624,27.571714336882238],[84.64518452244941,27.571754408059313],[84.64539854842154,27.571816837745654],[84.64500618017101,27.572173550379016],[84.64456918337571,27.572570421087498],[84.64434621314675,27.572891500762786],[84.64386011430291,27.573533629992355],[84.64342318865626,27.573850225317614],[84.64297276777874,27.57401522306787],[84.64269183174231,27.57408655894818],[84.64228164191464,27.574233726409215],[84.64189372323766,27.57431844411057],[84.6416395269128,27.57435410913508],[84.64151019292557,27.57434957800416],[84.64118917194233,27.574363026894456],[84.6408502657327,27.57428274834176],[84.64055151566299,27.574140084387388],[84.64034194260361,27.573983977170567],[84.64019480190166,27.573850184265282],[84.63965525617077,27.573377524589414],[84.63950803387871,27.573239263164304],[84.63919594373196,27.572851342365933],[84.63821048146553,27.57200863685942],[84.63739003516136,27.571455681854037],[84.63692623352456,27.571232721178415],[84.63639559963939,27.571072187084905],[84.63614145893196,27.571067754569142],[84.6356687845799,27.571174728589853],[84.63516935840188,27.571375405681913],[84.63465212238617,27.571651825451763],[84.63430431488852,27.571799053100374],[84.63398325381141,27.571888201376314],[84.63359527933837,27.5719595015259],[84.63340356676632,27.571955059006367],[84.63260988112177,27.57209331009906],[84.63254743979611,27.572075456158547],[84.63232889462446,27.57212899732976],[84.63199001622228,27.57210227174087],[84.63160210820122,27.572151246439688],[84.63134347478909,27.57222261582541],[84.63121411772343,27.572298433769067],[84.6309956473544,27.572463406992735],[84.63079945450919,27.57274879521733],[84.63075042615641,27.57288262205915],[84.63074595451303,27.573109954803574],[84.63086189772558,27.573515773719432],[84.63087970441046,27.57368967810428],[84.63098223248024,27.57386354577707],[84.63114281151331,27.57432733525958],[84.63145494521315,27.5747732172494],[84.63151291613657,27.575005098596947],[84.6314727517151,27.575754272540806],[84.63142372393412,27.575923722775645],[84.63140591741704,27.57661036200038],[84.6314460020352,27.57678431917413],[84.63150397296761,27.57695816234237],[84.63171357812587,27.57725249553633],[84.63177154878957,27.57742642752566],[84.63193651732945,27.57764046725519],[84.63206140123486,27.577890193140814],[84.63209701385917,27.57812201229663],[84.63208367908987,27.578639264007585],[84.63216392720592,27.578982624071003],[84.63215498413781,27.579330401523194],[84.63208367908987,27.579615863598544],[84.63210148539788,27.579789762631542],[84.63200343086224,27.58013312027193],[84.63185179733955,27.58037834102981],[84.6314816948889,27.58065924256757],[84.63083514776264,27.580837606964725],[84.63031787290763,27.5808643503418],[84.62980953685077,27.580681529847205],[84.62966236929327,27.580583443449914],[84.62923875141388,27.5804050497937],[84.62875715679418,27.580124151705977],[84.62806154852076,27.579651514136042],[84.62789209704412,27.57963363599274],[84.62763791889685,27.579513292982856],[84.62746846617709,27.579473093195134],[84.62712516717787,27.57954002120905],[84.6267104745975,27.579780796797913],[84.62649198718756,27.57998593088055],[84.62609509822094,27.580592383137922],[84.62597914543659,27.580900042496733],[84.6258453841875,27.58112746212208],[84.62568487027967,27.581658125783417],[84.62552882797347,27.581885487324932],[84.62551541182921,27.582286832005053],[84.6253370087574,27.58267028809891],[84.6252656952894,27.582973506064363],[84.62526122322129,27.583334748743553],[84.62526122322129,27.583397157106486],[84.62525675115282,27.584088296301513],[84.62545743488423,27.584605577062025],[84.62545296283096,27.58479727085802],[84.62563136554459,27.585394846231686],[84.62577846351796,27.586375833957057],[84.6259390570231,27.58674147964243],[84.62603712185786,27.587107120909508],[84.62608168220821,27.587856208544956],[84.62617535466056,27.588315511608076],[84.62617982665789,27.589006711233708],[84.62612632238134,27.589465953545737],[84.62580082365484,27.590455902563182],[84.62546637898971,27.59106231535163],[84.62528797576645,27.591289782216094],[84.62499816917675,27.591552853396376],[84.62493571961923,27.59161079370083],[84.62443188817451,27.591584012683462],[84.62407068248606,27.59156175731899],[84.62347316681308,27.59136556393097],[84.62279091167555,27.59122733891107],[84.62210864848043,27.591182763348495],[84.62176531762353,27.591160389329428],[84.62117225049043,27.591022210616448],[84.62067725120367,27.591035575693994],[84.62023136486623,27.591066818301037],[84.6196962647729,27.591196119705735],[84.6194599406318,27.591347683716002],[84.61913887688418,27.59180255089191],[84.61898728945006,27.59218156581037],[84.6188980779028,27.59271217406891],[84.6188936852089,27.59301992148602],[84.61901851745242,27.593479168791006],[84.61933510934188,27.59403207094595],[84.61941984769413,27.594339780888713],[84.61943765790693,27.594723287306458],[84.61951792359605,27.5951602738452],[84.61954020628998,27.595218182922],[84.61983451274938,27.595699779390053],[84.61991925036926,27.595927227596857],[84.61994153290841,27.596176900967933],[84.61991925036926,27.59627058252222],[84.61985232283438,27.59632852383171],[84.61925484339882,27.59649352552873],[84.61874201726422,27.596546989721354],[84.6186349948836,27.596564901962374],[84.6184878787205,27.5965826919463],[84.61660616447358,27.597001812449616],[84.61639211160357,27.597037543644614],[84.61626280092226,27.597077624518047],[84.61551368783027,27.597336282706518],[84.61536201101543,27.597389781067534],[84.61506328879447,27.59746562099706],[84.61465753528392,27.597577045075848],[84.61448804448993,27.597519152351058],[84.6144032989066,27.597514622516865],[84.61427398377607,27.597514616788608],[84.61386822472532,27.59755033336387],[84.61303441288639,27.597541445453125],[84.6126509304855,27.597577038770062],[84.6123967651598,27.597630582833574],[84.6119463418397,27.59781784814814],[84.61173235159183,27.597911512914816],[84.611388959091,27.598134434206198],[84.61091632178818,27.59847331464728],[84.61080928491808,27.598589331542993],[84.61044368062211,27.598812281618958],[84.60999324208773,27.598981683061268],[84.60960981939694,27.599035213144294],[84.60928878081775,27.59901295555482],[84.60852176378977,27.598776569280545],[84.60801347560408,27.598540206570167],[84.60747834229113,27.598366364337924],[84.6073935864339,27.598437712231515],[84.6073935864339,27.598553589172223],[84.60747386884654,27.599182327749226],[84.60755862458613,27.599472179092643],[84.60755415114775,27.60015887103167],[84.60746500183929,27.60044430208885],[84.60746500183929,27.600787643993623],[84.6073980598847,27.60113097963377],[84.60747834229113,27.601817647419352],[84.60768795473547,27.602334977860792],[84.60779052396268,27.602602482986075],[84.6078573855806,27.60262033975424],[84.60857081100686,27.603962507882965],[84.60858862456237,27.604537745569967],[84.60845937630859,27.604992569751563],[84.60830776086895,27.605331456298483],[84.60798224165664,27.605790722500444],[84.60785291216533,27.606013705483328],[84.6077458696252,27.606299058798196],[84.6074203472505,27.606753946347933],[84.60720634025438,27.60732465206725],[84.60705024805272,27.60789992166246],[84.60695662448299,27.60858214461216],[84.60682729269843,27.60892992000558],[84.6066980405087,27.609135046784505],[84.60656423463102,27.60934463855511],[84.60617184211725,27.610432687230254],[84.60595335693975,27.61071808418083],[84.60569468859516,27.610941041532595],[84.6046423486589,27.611583122018114],[84.60431680881922,27.61173474580305],[84.60393334849896,27.61184618325579],[84.60322433965054,27.61218511634009],[84.60219432404988,27.61247936263673],[84.60208727103922,27.61255965418554],[84.60199811330607,27.612688933127007],[84.6019936394377,27.61339797850594],[84.60201145501861,27.613513912169033],[84.60207392934417,27.613741286563354],[84.60207392934417,27.613763603002067],[84.60211403431046,27.61403117117504],[84.60219879790272,27.614258606587224],[84.60219879790272,27.61448596575617],[84.60206498161881,27.614891750000655],[84.60186877043644,27.615137023094416],[84.60150318952073,27.61530645201072],[84.60079862485586,27.61550708550505],[84.60021892444372,27.615618566934547],[84.59957234710926,27.615863845199343],[84.59916656481124,27.616184883148023],[84.5988633647221,27.616394484265502],[84.59843081249134,27.616617449050416],[84.59808750081928,27.616844860062873],[84.59802502219031,27.616902864996955],[84.5978511682592,27.617090082482093],[84.59780658614679,27.617357659350198],[84.5977396330174,27.617625170200732],[84.59781992882561,27.61823608335969],[84.5981142659402,27.61873551767972],[84.5984932906823,27.61914130022463],[84.59906845438968,27.619471237911196],[84.59915322244284,27.61958271636462],[84.59906845438968,27.61968082676002],[84.59883212583479,27.619694231953794],[84.59874743720637,27.619698708663943],[84.59791356717966,27.61967194358672],[84.59776200400003,27.619685336840462],[84.59763265166306,27.619725389597203],[84.59754796127969,27.619841354300636],[84.59756577822913,27.620033157211587],[84.59767275970707,27.62020253764349],[84.59824353730524,27.620893729159743],[84.59830601569834,27.621031923474778],[84.59828364492596,27.621143435289927],[84.597940332381,27.62144662187862],[84.59643315263621,27.622333968816022],[84.59611212083809,27.622463329803487],[84.5957866129116,27.622655087826185],[84.59566173051883,27.622690758977846],[84.59520686230282,27.622971657827556],[84.59494830572176,27.62308755506941],[84.59462718578939,27.623292690339788],[84.59449790634888,27.623328367775986],[84.59410998639403,27.623573660373154],[84.59385134501305,27.623667236499678],[84.59340093710722,27.62389465492594],[84.59305759560709,27.624064109601008],[84.59295060560098,27.624180093297454],[84.59286143379434,27.62434952224623],[84.59296394939894,27.624750803698667],[84.59276778726897,27.62486680037144],[84.5927454942598,27.624955996367493],[84.59278560568947,27.62500057925588],[84.59385134501305,27.626128661352602],[84.5942036307488,27.627056190452784],[84.59429727495213,27.62736384603995],[84.59431061843975,27.6275912599374],[84.59430614397718,27.62774291455392],[84.59419020733523,27.62796583732237],[84.59375770008855,27.628144228821352],[84.59306654472486,27.62827355492263],[84.59255372608462,27.62823790234227],[84.59179567625232,27.628019370483297],[84.59119367198349,27.628037190518334],[84.59076561709277,27.628121935110872],[84.59031079032249,27.62825571022369],[84.59015473245763,27.628344876293454],[84.59002096823882,27.628572276981583],[84.58998972458048,27.628853204210987],[84.59015473245763,27.62899592067309],[84.59124720858688,27.630039354337956],[84.59173774539954,27.630623521923585],[84.59210338798992,27.63114963173287],[84.59224162202172,27.631439469045823],[84.59248684678417,27.631791751676744],[84.59291936352305,27.632777180957753],[84.59302195892798,27.632893187241365],[84.59332071507257,27.633472829601043],[84.59378894171415,27.634172950162156],[84.59406540140058,27.634810539936872],[84.59409656295875,27.635095939515985],[84.5940876939016,27.635269820116687],[84.59401634188782,27.635492859997694],[84.59376664909811,27.635827226367677],[84.59370416580599,27.635885221706744],[84.59354811708502,27.635996700987228],[84.59328947319433,27.63604126543989],[84.59240214887348,27.635747021541242],[84.5920631961835,27.635662254056236],[84.59205880145149,27.635738038595587],[84.59216131847694,27.635854040894202],[84.59232632016719,27.635974437340824],[84.59283019166833,27.636870691268758],[84.59310665593215,27.637445885904828],[84.59328947319433,27.637682200000555],[84.59354811708502,27.638150397936172],[84.59393156631259,27.638730105933412],[84.59439091900398,27.63960408476069],[84.5947743626503,27.64024617447458],[84.59504634322633,27.64094185201918],[84.59523362875561,27.64163298408604],[84.59538080407494,27.64284137302958],[84.59537185531487,27.64306879445067],[84.59551008154409,27.64392946241114],[84.59567954804879,27.644451118158308],[84.5957420292092,27.644509150801806],[84.59589807201736,27.644914882159657],[84.59661148511084,27.646364107368726],[84.59689687984563,27.647349541219914],[84.59696822830949,27.648263638661213],[84.59702175957402,27.648495535853918],[84.59717779893279,27.648959270028367],[84.59759701779988,27.649712849641624],[84.5977485814115,27.650234596501118],[84.59796262339,27.650756360989078],[84.5980339705403,27.651157625991583],[84.59807407830621,27.651732868647905],[84.59792698972994,27.652811950373835],[84.59790909299555,27.653213311643267],[84.59796262339,27.653503123975824],[84.59819000717057,27.654252262877833],[84.59840852166265,27.654716002254883],[84.59872067237824,27.65552751208936],[84.59897929200565,27.65604929943287],[84.59907292848419,27.656339149299342],[84.59923343639578,27.656628920638013],[84.59946089507807,27.657436059048685],[84.59962140191374,27.658243179860108],[84.59959911154357,27.658813923887966],[84.59943860464607,27.660182844807792],[84.59953671444018,27.66092755747013],[84.59961253370298,27.661159413497643],[84.59972845948599,27.662077945957506],[84.599764092037,27.662822632366286],[84.59971951139798,27.66339338848792],[84.59945642101356,27.664646378909218],[84.5991576965308,27.665779016217463],[84.59914874835454,27.666581656492696],[84.59912645780233,27.66667083353623],[84.59909521905702,27.666809101831486],[84.59890347191333,27.667375372339226],[84.59887670715734,27.66753148350047],[84.59882325750311,27.66777668930543],[84.59893471076214,27.668182513040932],[84.59932267828249,27.668766589772243],[84.59947423737555,27.66923483186112],[84.59971503735346,27.6696405946186],[84.59996478438099,27.66985912368365],[84.60021892444372,27.669979481538725],[84.60064251536579,27.670055291935803],[84.60123563331783,27.6702827037437],[84.60177513848136,27.67066178807871],[84.60187771819213,27.670799989975617],[84.60199363943771,27.671147796554635],[84.60198477159045,27.67137518888509],[84.60185990257006,27.67183000323873],[84.60184648093187,27.672177867761025],[84.60190000768466,27.672463189842244],[84.60212298202823,27.672815511041822],[84.60309507941088,27.673747449468145],[84.60327786512876,27.67400165064158],[84.60351417552884,27.674523322765193],[84.60379961611453,27.67499157526187],[84.60391105978968,27.675339378300944],[84.60387982362711,27.67562470408602],[84.60395116348262,27.67603046863079],[84.60383524615875,27.67683310766746],[84.6036390409793,27.67751536738288],[84.60345625640242,27.678309065225026],[84.60341607247788,27.678884320620323],[84.60327786512876,27.679165215917596],[84.6029880280667,27.67944619648832],[84.60254655901312,27.679740467866306],[84.60236824482476,27.679923339168695],[84.60144071457897,27.68123427379509],[84.6000896574906,27.682915367482167],[84.59984885907132,27.68313827615402],[84.5995188182035,27.68332112779646],[84.59910416724153,27.68345937272542],[84.59884107405999,27.68362439188799],[84.59866714268482,27.683753705644545],[84.5984040475168,27.683860722488816],[84.59825695977902,27.683856249790182],[84.5981276085481,27.683887445982233],[84.59763712586856,27.684297659429152],[84.59709310788395,27.684583092954632],[84.59676760547322,27.68467224029336],[84.59663825091424,27.68466774195878],[84.5961878646881,27.684748012507633],[84.59599618781245,27.684743586574925],[84.59503299990823,27.684596430990094],[84.59471643477737,27.684493894823557],[84.59364623686238,27.683905239637465],[84.5930798884961,27.68367786505848],[84.59180462556509,27.683289923376165],[84.59090832904313,27.683263131296254],[84.59059174136337,27.683160584974353],[84.59036432774198,27.682942119826574],[84.5901815012457,27.682670067430042],[84.5900610815555,27.682433729481115],[84.59000314896772,27.682201878071158],[84.58980689690176,27.68173816558665],[84.58954384137954,27.681363580143937],[84.58929412930615,27.681131750485303],[84.58898200767771,27.68092657821311],[84.58823286096212,27.6803469074954],[84.58779143920401,27.680088328867477],[84.58722958850602,27.67966916446074],[84.58678815910343,27.6794417244016],[84.58584727355168,27.67883975186637],[84.58541022885403,27.678483000329717],[84.58528540399983,27.678420577720217],[84.58509808630052,27.67824221318157],[84.58492419355984,27.677836468893027],[84.58483948459089,27.677145261543032],[84.58495991513509,27.6762267392888],[84.58509369104006,27.675544491180666],[84.58508474069048,27.67531257759505],[84.58493314393422,27.674773041002144],[84.58481271333439,27.674541152379252],[84.58450504278221,27.674206748358813],[84.58381393684323,27.673742990857978],[84.58343489593956,27.673618092072473],[84.58333228355441,27.67360918220409],[84.58285518152692,27.6735601447746],[84.58246726351614,27.67364486840881],[84.58201245151581,27.673787572128017],[84.58181625230095,27.673912432658206],[84.58176718241388,27.673988242268887],[84.58130341398633,27.674358321627167],[84.58099124931235,27.674750732959993],[84.5805453767819,27.675138638841943],[84.58000135809938,27.675450788903916],[84.57973378247145,27.675669321348217],[84.57927455332079,27.675963627768944],[84.57874834544994,27.676253443383327],[84.57835592425981,27.676436312413212],[84.57829350426964,27.676431823187833],[84.57803047640253,27.67653880746441],[84.57750873300019,27.67667709400439],[84.5769959365029,27.67673952229952],[84.57634494376805,27.676931204615975],[84.57574741472187,27.677354836075697],[84.57443644191663,27.678117337864215],[84.57372291560854,27.678233301766916],[84.57361596983132,27.67822885516566],[84.57335731689723,27.678260062560366],[84.57303623716021,27.67825117379625],[84.57225587090772,27.678456248281503],[84.5718010587338,27.67867475753525],[84.57147109786312,27.6788753913537],[84.57114561136696,27.678982416331383],[84.57082004311103,27.67914297622333],[84.57003525064185,27.6794060416704],[84.56904980868148,27.679954468282542],[84.5683229465812,27.680543070560788],[84.56785475399754,27.681029176663174],[84.56758720226246,27.681247675102362],[84.56732412583996,27.68137247749518],[84.56713243342635,27.6814260110946],[84.56693618386484,27.68143939095277],[84.5665259362018,27.681524079510584],[84.56628515816357,27.68167125646196],[84.56596411922524,27.681738197199444],[84.56574116559094,27.681885267348186],[84.56565195192113,27.681978947162005],[84.56533986287894,27.68173812584345],[84.56452381884579,27.681274400948517],[84.56395302887643,27.681082698118]]]},"id":"0000000000000000018e","properties":{"DISTRICT":"CHITAWAN","GaPa_NaPa":"Khairahani","Province":"Bagmati","STATE_CODE":3,"Type_GN":"Nagarpalika"}},{"type":"Feature","geometry":{"type":"Polygon","coordinates":[[[84.48602136684761,27.36586430837316],[84.4860793230439,27.366154177639167],[84.48618186694644,27.366270106966805],[84.48626663963861,27.36631026709469],[84.48667241015053,27.36635932278749],[84.48700685450966,27.366515399748057],[84.48743039056079,27.366716005767728],[84.48813945235698,27.367384883824016],[84.48842481968396,27.367808555335795],[84.48850950907396,27.367870963170063],[84.48865223203084,27.36812064683983],[84.48900891782806,27.36839707839641],[84.4892987634569,27.36874496132608],[84.48933894630541,27.36884306017817],[84.48958420516392,27.369132884829142],[84.48974917798762,27.36950301508857],[84.48969122543308,27.369957841835415],[84.48972244297651,27.370140663644207],[84.48974917798762,27.37028336206548],[84.48982498048251,27.370515214258628],[84.48983834796611,27.370858548730112],[84.48993648281198,27.37114838460465],[84.49006127231661,27.37126429175282],[84.4905473805252,27.37150515256643],[84.49122959011056,27.371616557276802],[84.49123407251254,27.371616555047087],[84.49247368358282,27.372178409804025],[84.49272781380807,27.37224087184231],[84.49307118800877,27.372227489784827],[84.4932406332279,27.37227205075396],[84.4937534481428,27.37224531864616],[84.49409233412844,27.372330059686043],[84.494511496713,27.372566395526636],[84.49476561806694,27.37266897877842],[84.4951223465545,27.372963266871263],[84.49530523208874,27.373253126298774],[84.4956396270017,27.37352955439631],[84.49580458271434,27.373743550984912],[84.49606774253672,27.374300998395757],[84.49614353682752,27.374608625612208],[84.49615690286437,27.374916298390144],[84.49606326050589,27.375001085138404],[84.49600531421908,27.37505010055444],[84.4959741000352,27.3750813117851],[84.49629960712686,27.375353276192868],[84.4966518442531,27.375817084357177],[84.49709780013715,27.37622282705013],[84.497476763918,27.376419054622968],[84.49769085535682,27.37646366854504],[84.498203631172,27.376387860322588],[84.4988546186684,27.376245100322816],[84.49893489115027,27.376227345835524],[84.49910431934619,27.37624955802721],[84.49925597997343,27.37630753203681],[84.49944325429374,27.376383349352032],[84.49970183592498,27.37640567066857],[84.5000006719506,27.376436902134962],[84.50105746998851,27.376463615026662],[84.50141864163456,27.37647253993431],[84.50171738883797,27.376454703088694],[84.50263594887646,27.37627632943021],[84.50320229899432,27.376343267759708],[84.503563457361,27.376267468589834],[84.50385779217346,27.376316477314425],[84.50431705714794,27.37665980945502],[84.50454888895636,27.377194918080708],[84.5043839579646,27.378229443828417],[84.50436163102596,27.378358770112573],[84.50453552484193,27.379402222605083],[84.50468717134981,27.379727655159645],[84.50540506616812,27.38043671735619],[84.50621665838446,27.380904868093243],[84.50651538101332,27.380909362535736],[84.50708617464454,27.38075332132618],[84.50741169975966,27.380784513618586],[84.5082054196779,27.380869208680632],[84.5085308585253,27.38073543021032],[84.510149543719,27.38048128434748],[84.51171465409647,27.38046343905456],[84.5120981637414,27.380525849487302],[84.51257976762676,27.380980661219546],[84.51288301840533,27.38135528522228],[84.51316386402519,27.381921607342136],[84.51333333089836,27.38211332670422],[84.5134270255445,27.382157930497737],[84.51379708191874,27.382327312844502],[84.51441245046198,27.38236744514947],[84.5145819137045,27.38239866635204],[84.51613810410323,27.382666208854275],[84.51629868138457,27.382746497545096],[84.51747583455801,27.38333508055853],[84.5177835402207,27.38333954615776],[84.51838550572559,27.383174583520063],[84.51852375529819,27.383156767321744],[84.51871104774334,27.3831389069872],[84.52058833921991,27.383388601124267],[84.52098067069443,27.38350459417023],[84.52201076824358,27.383816697934968],[84.52324148532335,27.383526833490382],[84.52414666657575,27.383317239943366],[84.52527478351433,27.383205819752895],[84.52629592568883,27.38310771890826],[84.52740184285925,27.38258156507817],[84.52764710164378,27.38246560385404],[84.52802162725253,27.382358542028168],[84.52867708126547,27.38218016353263],[84.52927909415537,27.38192158623053],[84.52945747307446,27.381926060814077],[84.5300817149967,27.3816897069684],[84.53018426153024,27.38164957077588],[84.53084425053613,27.381493520335937],[84.53216412610809,27.380869250349207],[84.53259221337387,27.38078008554884],[84.53311835966423,27.38114569217913],[84.53324321672793,27.38135530905401],[84.53346173594095,27.382233733552386],[84.53351972497939,27.382465579361927],[84.53362674459788,27.38271971639897],[84.53420639078541,27.383397504243188],[84.53462998396101,27.38372754905887],[84.53516067083244,27.383928176575324],[84.5356288870006,27.383963806953336],[84.53741693579978,27.384382980375403],[84.53790296908663,27.384418673629277],[84.53879032726567,27.38461489671163],[84.53978915886555,27.384837807486456],[84.5405873960481,27.384900246189282],[84.54120272139019,27.38513659465711],[84.54166649037268,27.385528954611],[84.54180916316977,27.385644888055715],[84.5418938549841,27.385979378424274],[84.54183147575604,27.386831088158242],[84.54166649037268,27.3872457323667],[84.54161298798351,27.387388413707985],[84.54094408400347,27.38819553140928],[84.54010130521803,27.38921666880263],[84.53986497627355,27.38959125488561],[84.53900442689189,27.390411689340993],[84.53824191831526,27.39087545696729],[84.53800998064212,27.391214372922192],[84.53768006770329,27.392195364983863],[84.53755522016131,27.392743812224893],[84.53755961902225,27.393653498311522],[84.53755961902225,27.39373374411124],[84.53754626247984,27.393738226532257],[84.53706470509078,27.3939388830535],[84.53622634903374,27.394170723043768],[84.53541037592676,27.39452299565775],[84.534830661751,27.394683526449732],[84.53332352183423,27.394795020257227],[84.53301581830074,27.39474152700719],[84.53176731071606,27.39491985858169],[84.53121883556145,27.395107151381705],[84.53072386769172,27.39546828275658],[84.53045182554277,27.395749219747042],[84.5293326078885,27.397185120983643],[84.5286815607891,27.397715720387655],[84.52828472165257,27.398139294291497],[84.52758910675375,27.39864767756897],[84.5269870763861,27.398901834215472],[84.52588571107087,27.399258588369847],[84.5251009515742,27.399824851395458],[84.52444097744886,27.400391169409737],[84.5241912252895,27.400538296867843],[84.52318348604496,27.400520446784938],[84.52273756966346,27.400707781173445],[84.5209985111534,27.40104665219644],[84.5194378903379,27.401483636973605],[84.51761408628927,27.402420049164864],[84.51635212703823,27.403222725184907],[84.51595080338689,27.40361506149983],[84.51557628015749,27.40371769005924],[84.51517495116258,27.40365074463807],[84.51434108052585,27.403918342385722],[84.51412705020456,27.40385141676233],[84.51371234921798,27.403873742704317],[84.51213385009372,27.404600593653967],[84.51132226022702,27.4051623896991],[84.50909275038588,27.40586693918076],[84.50858887239019,27.406107695731738],[84.50727342382659,27.40726708290806],[84.50691668961007,27.40798949592985],[84.50639494788469,27.408479987983107],[84.50595354433807,27.40879207408257],[84.50504832052206,27.40988909182618],[84.50464699906792,27.410303711206883],[84.50426800183529,27.411093043495686],[84.50350551852257,27.41156564815684],[84.50326912106325,27.411663748516286],[84.50203398077572,27.4118243317865],[84.50070069775155,27.412194405754605],[84.50022355749167,27.412189926241698],[84.5000006719506,27.412270235464742],[84.49898843275425,27.41292123599431],[84.4985157603345,27.413068370520236],[84.49812783955677,27.413233403288682],[84.49767740963723,27.413344866886852],[84.49735639216223,27.413496448456844],[84.49638876710027,27.413790807798378],[84.49516252539495,27.414325858711518],[84.49413243363898,27.41468260432263],[84.49374448372534,27.414731648996092],[84.49348587569712,27.414807410780273],[84.49316483516753,27.414802980546344],[84.49278136110657,27.414740515805867],[84.49188505770384,27.414678120103364],[84.49130987307973,27.414669208092583],[84.49053841561545,27.41474056206579],[84.49008808721703,27.414811885883385],[84.48967777787077,27.415017018090605],[84.48892871174125,27.415217724613196],[84.48841145187677,27.41547635170647],[84.4880859008014,27.415685892722877],[84.48763555348962,27.41585084067546],[84.4873099980891,27.416020352304127],[84.48692208289182,27.416167478794744],[84.48634244665384,27.416506368264315],[84.48576272461324,27.416666918799674],[84.48543723882456,27.416858674188376],[84.48517859400373,27.417086034451206],[84.48489769370423,27.417233177656954],[84.48450968243405,27.417344643317765],[84.48431795732508,27.417456171842485],[84.48380073667978,27.417661260392116],[84.48341279817734,27.4179065625517],[84.48309170226824,27.418017984690508],[84.48211967791678,27.418539700949065],[84.48096030438612,27.41899012787516],[84.48031368066576,27.419324550202127],[84.48005509322074,27.419378036888908],[84.47986335349411,27.419471687880467],[84.47962253711323,27.419641127895012],[84.47942631265957,27.41992650891114],[84.47929701711686,27.4199978778374],[84.47854789793098,27.419993383750974],[84.47835615325945,27.419935417685082],[84.47771854766516,27.419926480798345],[84.47707637156509,27.419823908177555],[84.4767553209007,27.419819437679337],[84.47566733834228,27.419636696676747],[84.47541313389172,27.41965452120777],[84.47490031808483,27.419592075441358],[84.47355816855408,27.419328955796214],[84.47310778933557,27.419324543830292],[84.47278671687684,27.419378046512506],[84.47246572272373,27.419373568448833],[84.47169874053434,27.41917740703765],[84.4714445188291,27.41907479046114],[84.47022720191234,27.418891983298142],[84.46971442069523,27.418887503237954],[84.46920163498238,27.41894100406334],[84.46836774805404,27.418909782195737],[84.46740460746992,27.41901683132785],[84.46695426093785,27.419030179762863],[84.46612482630024,27.418945515652474],[84.46580379558418,27.418941020830378],[84.46567446991645,27.418900876824235],[84.465224110066,27.418914308468228],[84.46516164878884,27.418954450308192],[84.46484061278778,27.41899006738229],[84.46458195690846,27.418985628303396],[84.46413607312931,27.41890533577168],[84.46362331859902,27.41886080919154],[84.46349398811178,27.418820663049324],[84.46228107044946,27.418695765803438],[84.46176829966517,27.418669010788474],[84.46048407062655,27.41871361094633],[84.4598419455405,27.418802777875904],[84.45945400823878,27.418780516971083],[84.45907055323477,27.41882954816903],[84.45874948381916,27.41894099999671],[84.45833478991004,27.41881171655843],[84.45766148668669,27.41860213139026],[84.45740287916772,27.418579812734233],[84.4572110651725,27.41863778036351],[84.45712192551117,27.418731447251336],[84.45709966059704,27.418807218454855],[84.45686331560887,27.418994571143894],[84.4566893599623,27.41920414250351],[84.45537842896431,27.42092088393735],[84.45485670742492,27.421487139956035],[84.45463372891686,27.421772573913174],[84.45441523478507,27.42222292602651],[84.45420122507977,27.423480360215834],[84.45408973468393,27.423823728587422],[84.45384897237226,27.42427855062111],[84.45326035801517,27.424956395154428],[84.45286797185562,27.425295217898196],[84.45222135794174,27.425723286393556],[84.45065625520068,27.427020920910564],[84.45061164034882,27.427096692637278],[84.44994273389108,27.427564953062006],[84.44910000180617,27.428050958235104],[84.44884135647958,27.428238291275136],[84.44832414250247,27.428519155874103],[84.44799860855163,27.428742153184462],[84.44773995836279,27.428871414966117],[84.44715136272053,27.4293039859276],[84.44574232980949,27.43056145540521],[84.44559069053605,27.43077098930056],[84.44476575960677,27.431502347387074],[84.44452495897357,27.43163159518433],[84.44426629345202,27.43185902406371],[84.44359298871548,27.432327238797978],[84.44300883751903,27.432701800979586],[84.4426432193538,27.432942568422234],[84.44242476061056,27.433112095506473],[84.44240241000016,27.433129876761388],[84.44231773395443,27.43318787920695],[84.44196989597242,27.433508946590354],[84.44105574997118,27.434449773274327],[84.4401684275034,27.434953662491697],[84.43978044001233,27.435100801239184],[84.4392186026563,27.435609151715898],[84.43882179627188,27.436175434311863],[84.43849628965562,27.436532213655866],[84.43823759753158,27.43675962136865],[84.43799685019701,27.43688894326393],[84.43786754323392,27.43700037006422],[84.43636038305334,27.43774502615591],[84.43618644664834,27.43793676684483],[84.43583865240942,27.43818205685853],[84.43551753578676,27.43831138661616],[84.43480855725693,27.438418382118456],[84.43416647121586,27.43860120035433],[84.43358679304163,27.43886430828978],[84.43326125736853,27.438975768448547],[84.43294020675788,27.439158601678823],[84.43268157024883,27.43923440473485],[84.43236051646564,27.43913629676154],[84.43195917673482,27.43882417078315],[84.43138396373672,27.4386279382364],[84.43125912919183,27.438547656282115],[84.43093806762433,27.438467410584455],[84.43074632724783,27.438485312751755],[84.43055458624472,27.438561099814883],[84.4293328135612,27.438681471263475],[84.42888241468208,27.438806341847044],[84.42842760526102,27.4389936541304],[84.428235856681,27.439029239309615],[84.42753135756321,27.438949052416053],[84.42733960605482,27.438886553536666],[84.42695610115848,27.438899924761625],[84.42675994056042,27.4390114396047],[84.42643885437575,27.439122881522277],[84.42592601030772,27.43906051857236],[84.4254801528549,27.43890444239049],[84.42490046899626,27.438859863971416],[84.42470870889271,27.438855335314493],[84.42432526694076,27.438966873372035],[84.42399967988551,27.439096173905565],[84.42358946807632,27.439359212849304],[84.4227021218055,27.440135141457922],[84.42261741731956,27.440170794690516],[84.42209564460767,27.440585515229788],[84.42170777799912,27.440848633822476],[84.42138225656625,27.441133982499455],[84.42034774035686,27.44190543502306],[84.41995978206197,27.442034731372615],[84.41879597194115,27.442708011563678],[84.41860419189972,27.442627813864185],[84.41822071008086,27.442569788268578],[84.41783281787778,27.442681304376713],[84.41744933102241,27.442730378030642],[84.41686515992228,27.443011266211947],[84.41666896560857,27.44308256426536],[84.41660653272179,27.443104900460572],[84.41635239251964,27.443082590512336],[84.41596440783248,27.44313612473713],[84.4155765007291,27.44324763301927],[84.4152732261187,27.443510715252998],[84.41509489927563,27.44408142644308],[84.41498341466865,27.444250882882674],[84.41485413714202,27.44432672969791],[84.41457762814808,27.44432665669038],[84.41425655549207,27.44409032318445],[84.41413176467272,27.444050226674285],[84.41336922850006,27.44350619298967],[84.4131730225109,27.443448231883405],[84.41259778573459,27.44338135767167],[84.41221434485573,27.443225327879542],[84.41208498108506,27.443220865870117],[84.41189325928524,27.443162903803362],[84.41157666046219,27.442989002389552],[84.410996999665,27.443037977790436],[84.41054662043874,27.44301575280254],[84.41041733315012,27.442975562388934],[84.4093872728069,27.44330556052601],[84.40925790281293,27.443323426762213],[84.40880310170161,27.443510663525938],[84.40822341354834,27.443635551201147],[84.40790238633014,27.44378714136745],[84.40764371967812,27.443858513902615],[84.40738513204539,27.443894159406828],[84.40691244117276,27.443947668714205],[84.40633273437437,27.443978846020826],[84.40531166057293,27.44371579093515],[84.40499053729303,27.443559738212716],[84.4047987923515,27.44355527093996],[84.40344774233378,27.443751503538216],[84.40305975261128,27.443769270449014],[84.40248008799007,27.44391199843602],[84.40170417338157,27.444322239729942],[84.40092832870238,27.444621002655996],[84.4004734631549,27.444866265471777],[84.40001867425725,27.445205139530344],[84.39945685720495,27.44569567536457],[84.39917586649779,27.44588287891351],[84.39906443186561,27.445994438659657],[84.39878351945315,27.446181644076326],[84.39813695082678,27.44653845018404],[84.39768655325578,27.44670339988177],[84.39729860569878,27.446739104186317],[84.39684828188143,27.446850550007206],[84.3967189644708,27.44692637517229],[84.39643355120081,27.447229600657376],[84.39629974321073,27.44749264112069],[84.39625516720398,27.447724516428842],[84.3961258484897,27.447876174083657],[84.39597424137717,27.447947441144294],[84.39554619570778,27.448001002186217],[84.39533213161839,27.44799651819425],[84.39496653721551,27.447996580044205],[84.39385170078569,27.448018811696876],[84.39295099694328,27.448161552570703],[84.39185408236276,27.44839787405828],[84.39127438750307,27.448678812971885],[84.39081952749754,27.448821494600672],[84.39043161484805,27.44901322137342],[84.38991436727848,27.449195998373455],[84.38978503463056,27.449271814523836],[84.38972257319419,27.449271805572188],[84.38959332030667,27.449347624689313],[84.38926778137967,27.44943681371659],[84.38862567863283,27.449525962377038],[84.38784982186488,27.44974451434145],[84.38759563754607,27.449780206678003],[84.38720770365329,27.449891623433953],[84.38694902618123,27.45004324874785],[84.38659677074725,27.450435666250467],[84.38633817077746,27.45064526073728],[84.38561576875145,27.45159505309089],[84.38535716447353,27.451875919593633],[84.3849647253008,27.45221928380734],[84.38485326375935,27.452500260548153],[84.38465704282092,27.45278559806217],[84.38389452541551,27.45357932426359],[84.38322566065936,27.45391825700844],[84.38283777816936,27.454181318665544],[84.3824498129335,27.454346305608006],[84.38206184514229,27.454573723334388],[84.38145542984667,27.45500626006979],[84.38142864542492,27.455157823481564],[84.38125919758828,27.455273812977726],[84.38022469714855,27.45564391656534],[84.3799660692002,27.455675125586176],[84.37931953446007,27.455857914620374],[84.37861501041954,27.45587134487402],[84.37816013282433,27.456058630430412],[84.37796396978756,27.4562637472873],[84.37783020001594,27.456665011843334],[84.37746008602579,27.457177866653957],[84.37628733462176,27.458252503048932],[84.3762115456717,27.45833269039942],[84.37598409803638,27.45857351660327],[84.37576563199175,27.45876522398119],[84.3755515761868,27.458742933727482],[84.37527512304698,27.458662664786488],[84.37510124643052,27.45873854129401],[84.3749986686104,27.45861812083667],[84.3748514984003,27.45844865610009],[84.37468652296498,27.458332687181628],[84.3743386855437,27.45808305811924],[84.37356729239609,27.457753032108062],[84.37324623652329,27.45767721333325],[84.37247482907925,27.457677285934043],[84.37227856691368,27.457735197727345],[84.37172121729954,27.45819001904308],[84.37160973070313,27.458332712668966],[84.37152944418192,27.458435311954236],[84.37139574001232,27.458742964494338],[84.37109696985128,27.45941184097456],[84.37100777964665,27.459523279404458],[84.3708784856932,27.459616934667356],[84.37070451590021,27.459688335250743],[84.37060201063662,27.459732876651323],[84.37025864076753,27.45986666175613],[84.3698706729195,27.46005839707831],[84.36967897399153,27.460209998149736],[84.36957189503035,27.460321517119326],[84.36926870410792,27.46078076655254],[84.36862213222742,27.461520978683726],[84.36821634679995,27.461752892475253],[84.36750735860174,27.461980249580936],[84.36712386454447,27.462015948201124],[84.36694996388663,27.462033758234256],[84.36692766477994,27.462029285773305],[84.36678055463463,27.46199369684245],[84.36658435372802,27.461958001867462],[84.36622315305044,27.461859916056582],[84.36594224439878,27.461859919351888],[84.36577275203808,27.461819764102113],[84.36549184124134,27.461779576245817],[84.36504151485975,27.461645826557202],[84.36465800476928,27.461413940541814],[84.36433698060117,27.461373827726433],[84.36406047487604,27.46143178966849],[84.36369484680682,27.46147195146432],[84.36348082739455,27.461507606960133],[84.36337381739726,27.4615254345623],[84.36311511551497,27.46160126123397],[84.3628564927164,27.46173505352438],[84.36262016952766,27.462096238756367],[84.36227242136262,27.462898850237323],[84.3619067019923,27.463353671067654],[84.36106840271303,27.464040357109777],[84.36096138834016,27.464116144201732],[84.36061804256514,27.4643659133277],[84.3601676789799,27.464611177716332],[84.35915992385803,27.464954479480106],[84.35900830183208,27.46502587141609],[84.35836619026766,27.465199789422613],[84.35819234401839,27.46519526217693],[84.35797830464729,27.46521313393652],[84.3574655055152,27.46511505981776],[84.35682337716564,27.46509722308964],[84.35650231037124,27.465039228204997],[84.35631056799944,27.464923321040747],[84.35605191537809,27.46488312100804],[84.35553909950978,27.464883189908907],[84.35521810595853,27.46491879089271],[84.35444221056376,27.465146222439746],[84.35418354975612,27.465279991989135],[84.35399179985272,27.465333500225785],[84.35386254883426,27.465431601086802],[84.35375552139563,27.465565431203757],[84.35349685757944,27.466002400591584],[84.35306882424064,27.466519679453764],[84.35295730239255,27.466747010039157],[84.35263629480374,27.467090447049],[84.35246235144723,27.467375800747142],[84.35239993068974,27.46754519145002],[84.3523776260843,27.468120499476182],[84.35264961332376,27.468811580016162],[84.35295288965322,27.469155003061363],[84.35305542558369,27.469382419266697],[84.35305542558369,27.46949833928234],[84.35299300545317,27.46960976845217],[84.3528814834619,27.4701850325021],[84.35279675870039,27.47041246025122],[84.35264520056144,27.470639861954304],[84.35234641566902,27.47092971262647],[84.35211005039463,27.471081342683235],[84.35090614537246,27.471705614304124],[84.35058504639807,27.47180370986491],[84.34987608705741,27.471857164504744],[84.34955506271868,27.4719507951746],[84.34942572175217,27.47202664639172],[84.34910469496548,27.472329874405244],[84.34884601077663,27.472485951167506],[84.34858740569236,27.47259737807492],[84.34826637434918,27.472691004671105],[84.34800768648876,27.47284261392451],[84.34749046784727,27.473471350759315],[84.3469954710838,27.4738548616165],[84.34637569622944,27.4740599748262],[84.34626865522198,27.47411797145739],[84.34594311777276,27.47434536395237],[84.34549280272192,27.474537067273406],[84.34497997539678,27.474800178192858],[84.34446273024669,27.475143569556508],[84.343236441539,27.475848107581708],[84.34287084498031,27.476133429838193],[84.34248735133937,27.476610560388504],[84.34209944165953,27.476949448296576],[84.3418408070428,27.477065410891896],[84.34145281287181,27.477176929914766],[84.34023103589074,27.47788143266292],[84.33952203254488,27.47818468955442],[84.33937044034676,27.478354104756963],[84.33898251020912,27.47909876073976],[84.33880860689854,27.479326207274447],[84.33867924240582,27.479442138377554],[84.33829580181815,27.479593747683666],[84.33777857841642,27.479669557084193],[84.33726576440085,27.479838951410077],[84.33655672548902,27.479950458676495],[84.3358477583287,27.480195736186698],[84.33526807465157,27.48057922638629],[84.33496928213295,27.480882409548006],[84.33458140337193,27.4812079594461],[84.33423357034731,27.4817206972743],[84.33350226360069,27.48240297173353],[84.3333328386337,27.482501015090865],[84.33326590319797,27.48253669431257],[84.3326015207484,27.48307183603856],[84.33189250616678,27.483526665785163],[84.33137530701282,27.483758540067917],[84.33053697568678,27.484191048807155],[84.32963177319401,27.484743972926285],[84.32905210885188,27.485011515360508],[84.32853480459788,27.485350437990682],[84.32827619090719,27.485484225764026],[84.32788826825156,27.4856179337232],[84.32769651328273,27.4856402287004],[84.32737544873716,27.485635833390468],[84.3264078299256,27.485519861450285],[84.32615370194677,27.48544407003526],[84.32583262902956,27.485270186270387],[84.32551155437025,27.48506058306178],[84.32527524230807,27.484793080748645],[84.32480253508287,27.4844853311196],[84.32461085038422,27.484445206581583],[84.32431208430187,27.48444519442437],[84.3241604531151,27.484445185919476],[84.32372787265,27.48482423817834],[84.32310359944273,27.48516762584454],[84.32259081873634,27.485185420184717],[84.3221404863683,27.485261207522747],[84.32143150697014,27.485238953477843],[84.32085176229745,27.485274642377505],[84.3204638712488,27.48535046604926],[84.32001344242344,27.48548419508858],[84.3194962197111,27.4855198344437],[84.31917519095597,27.485577839181275],[84.31846617604505,27.485898909268172],[84.31794893981593,27.486202070390778],[84.31775715264388,27.486277926819525],[84.317177532551,27.48666140812173],[84.31700356513637,27.486848714745356],[84.31693669150874,27.487004755985744],[84.31680735946483,27.48711619429702],[84.31659333076918,27.487406074080386],[84.31601369928468,27.487976796392175],[84.3159021878124,27.4881462860684],[84.3156480147301,27.488378181719757],[84.3150638781428,27.488699225740206],[84.31442177083245,27.488868693571753],[84.31397137632966,27.488904354682468],[84.31364590194946,27.48886420763591],[84.31306616133328,27.4889043250386],[84.31255337398218,27.488841893400004],[84.31203616639893,27.488864197599888],[84.31100607326769,27.488766107227278],[84.30998053875291,27.48861006544806],[84.30920461170238,27.488436163218655],[84.30817454963409,27.48829787165268],[84.30772418792928,27.48818198336051],[84.3074700600512,27.488083836086727],[84.30689033929677,27.48774050373518],[84.30646228976521,27.48731692438737],[84.30554371121114,27.486665887789535],[84.30470983190101,27.485939009948172],[84.30458055346126,27.48584095471084],[84.30447351712357,27.48597472155856],[84.30447351712357,27.48603267324433],[84.30449134314371,27.486433972754064],[84.30470541556146,27.487009192282787],[84.3050888329069,27.487753838335397],[84.30515130360278,27.48781184013083],[84.30525833871658,27.488039264474438],[84.30549465036516,27.488387065406787],[84.30557936260239,27.488614470476772],[84.30568190038063,27.489706953913924],[84.30576669264588,27.489934360777795],[84.30582908233175,27.489992358519167],[84.30608771377838,27.490085959637305],[84.30625713643649,27.490393701546164],[84.3062125727037,27.49067904497841],[84.3059539418019,27.491365764278726],[84.30588705570045,27.491709126897486],[84.305780021722,27.49199897135016],[84.30552138893275,27.492395845984237],[84.30540993800689,27.492627648069565],[84.30515130360278,27.49297103516973],[84.30498187778373,27.493064657507915],[84.30479012892661,27.493122633858235],[84.30454931782079,27.493372366473977],[84.30427285358108,27.49348384921785],[84.30384028844422,27.493902988691804],[84.30304211838785,27.494375675008943],[84.30246243462568,27.494794779082415],[84.30194521927005,27.495080176308367],[84.30177578428793,27.49523183055311],[84.301557284717,27.495521663354975],[84.30099991042643,27.495517189173366],[84.30087054359427,27.49555735008869],[84.30067878143923,27.495517189934567],[84.3000991548738,27.495512695510925],[84.2997781013122,27.49561082577042],[84.29968888376823,27.495744594218873],[84.29964873181444,27.4958961723844],[84.29964431509786,27.49607010480564],[84.29981375617072,27.496640888608656],[84.29980925916271,27.49778689683901],[84.29976918759422,27.498018746385473],[84.29946595977728,27.49841555520471],[84.29905568429092,27.49881691419654],[84.29877477765271,27.49893284150425],[84.29819513247683,27.499102267365085],[84.29755300299958,27.499155829731684],[84.29703574482204,27.49928958681051],[84.29652289908297,27.49930744932433],[84.296197409188,27.499191454749464],[84.29594323189929,27.49917364588497],[84.29549285758641,27.499075576692405],[84.29497566175382,27.499071112463223],[84.29465458045755,27.499169136553192],[84.29432908031109,27.499414391094685],[84.29403032212815,27.499815739887737],[84.2939990809302,27.499998569695823],[84.29382520609605,27.50006100781753],[84.29318752682332,27.500774464550144],[84.29307155519636,27.501117842644476],[84.29289767764396,27.50134072494273],[84.29228231567306,27.501978388595862],[84.29195680251173,27.50225934562232],[84.29173834708189,27.502410935868753],[84.29166694732032,27.502446583583342],[84.29109173035917,27.50274088454828],[84.29050759271252,27.50298169265764],[84.2899948511754,27.50312444120508],[84.28986546034126,27.503124409528603],[84.28928580843056,27.50324477209582],[84.28896919417461,27.50324037395438],[84.28877305633779,27.50327153498093],[84.28858125507445,27.503253677797368],[84.28832712547778,27.50330272991099],[84.28813540309297,27.503280500421663],[84.28793918218106,27.503338442025644],[84.28652561744329,27.503503460761767],[84.28588802037825,27.503507864400387],[84.28569179203751,27.50354357057012],[84.28415784720472,27.503516759393822],[84.28326599312301,27.503231447454088],[84.28301184077273,27.503204686765432],[84.28288251504415,27.503146706134284],[84.28243662026384,27.50304413653654],[84.28212004980615,27.502883567525533],[84.28180347766089,27.502785496266952],[84.28047017711418,27.502165727933342],[84.28021601279869,27.502009589636764],[84.28009117948439,27.50189366692412],[84.27996626557714,27.501813454317226],[84.2796496819514,27.50165287901533],[84.27857058583187,27.501082092352735],[84.2783833305749,27.501019676710293],[84.27819157608141,27.50088145253311],[84.27736663106923,27.500542600222705],[84.27675576753076,27.500110032699624],[84.2763009095118,27.500003058285678],[84.27591746679884,27.500003030613787],[84.27535109497113,27.499971830769823],[84.27491855999915,27.499967373965017],[84.27447710436195,27.50000299518946],[84.2739375519447,27.500212618544623],[84.27341591032383,27.500640648774795],[84.27337132192419,27.50071649417494],[84.27293427349726,27.50113121016337],[84.27275591825253,27.501394233657805],[84.27270691063659,27.5016796231763],[84.27270241157474,27.501969519140932],[84.27274258175777,27.502080987435583],[84.27268907506796,27.5025402925415],[84.27270241157474,27.502772171930136],[84.27288076698005,27.50346331365431],[84.27285401370337,27.503690688041395],[84.27288968473626,27.504034014896877],[84.27294769028907,27.504207997936955],[84.27300561544529,27.504667233147643],[84.27301903222099,27.50587567433105],[84.2729521089923,27.506103091938385],[84.27268015728164,27.506669388692856],[84.27239470707215,27.506990410056343],[84.2722654385696,27.50712419792163],[84.27200232126485,27.50742301139496],[84.27149849858884,27.50793129367983],[84.27108819047325,27.508247892466812],[84.26959886149807,27.50881422274527],[84.26825227094785,27.5089212578038],[84.2675477091199,27.50883202140465],[84.26723113967748,27.508827573157745],[84.26684763844801,27.508725021090587],[84.26627242214052,27.50873394860265],[84.26601377787776,27.50882312355219],[84.26543405389181,27.508832040608198],[84.26440403554673,27.509117405172713],[84.26394916335332,27.50935822095324],[84.2637752808891,27.50950980283054],[84.2634899486275,27.509866602028612],[84.26331156504817,27.51026342338284],[84.26323571168835,27.510606789829602],[84.26305740769995,27.511066017514846],[84.26282550725603,27.511806315074814],[84.26272739525758,27.512493014743622],[84.26274081435292,27.512720420083426],[84.26266946008667,27.513121728689047],[84.26266054079738,27.513411510917642],[84.26263820239127,27.513465050130375],[84.26261594433082,27.513598852286208],[84.26246881593104,27.51350075155359],[84.26221907448264,27.51324656677997],[84.26205410634205,27.513014708762878],[84.26195149319575,27.512782828421432],[84.26179102420099,27.512243238416556],[84.26178210477997,27.510713816117597],[84.26170182993059,27.510486334648323],[84.2616705717267,27.510022587685174],[84.26157253817865,27.50971938062464],[84.26158587717912,27.508952403117675],[84.26149226304646,27.508417340846265],[84.26146100473245,27.50795805302524],[84.26151010197408,27.507574566879082],[84.2615457798133,27.506120957161635],[84.26148776313595,27.505813231394686],[84.2614966826011,27.50551004618143],[84.26141640736654,27.5051220329975],[84.2614431657901,27.504894665938203],[84.26141198780593,27.504359573919785],[84.26128269542404,27.503440997303727],[84.26116674185556,27.503053029258467],[84.2608991558349,27.5025134681882],[84.2608590580062,27.502397537169944],[84.26084121888334,27.502187973153475],[84.26093483404055,27.501884787050813],[84.26115782234093,27.50142996807237],[84.26138964893094,27.500591597113377],[84.26150118251094,27.500364231910673],[84.26168399106047,27.500003018727448],[84.2614966826011,27.49968639093602],[84.26143424631692,27.499516951383267],[84.26128269542403,27.499347504353477],[84.26115782234093,27.49911567488508],[84.2610730467072,27.498772284441202],[84.26109538570107,27.49848249748091],[84.26126927599974,27.497737797889524],[84.2617464270825,27.496654242367548],[84.26224583254513,27.495851590689245],[84.26257134783081,27.49545025705017],[84.26308858482165,27.495013327682557],[84.26351670611825,27.494710049681725],[84.26431484519478,27.49402341875114],[84.26483206702311,27.493506119718155],[84.26498368922314,27.493278693805514],[84.26532702730717,27.492917543552146],[84.26550098558447,27.49240469260663],[84.26578638854723,27.49108480276314],[84.26579080778278,27.490683548412854],[84.26575071325179,27.49034019632266],[84.2654518916372,27.489613338870782],[84.26530477025298,27.489403712590903],[84.2650907164257,27.48922981676264],[84.2648365666806,27.489078200851964],[84.264408454885,27.488922197959052],[84.2638912293725,27.488614488696783],[84.26372176612824,27.488578767702844],[84.26357014071091,27.48848074273582],[84.26314659993761,27.488137329259946],[84.26291020003856,27.487789558754784],[84.2624866545658,27.486759511903273],[84.26242421932072,27.486411662859002],[84.2622547518966,27.485898867922046],[84.2622145746271,27.485667027134973],[84.26219681626534,27.484445260347858],[84.26239296149646,27.48386999708793],[84.26256684800194,27.483526685500905],[84.26304398867605,27.482781983993313],[84.26356122155667,27.48219339967586],[84.2638198764864,27.482001613803728],[84.26418105941605,27.48194815886805],[84.26433268327585,27.482023951727594],[84.2646760251184,27.482309336565777],[84.26484548564358,27.482501047838024],[84.2650372028485,27.48280877004725],[84.26535828358942,27.483098594757262],[84.2654875671119,27.483116410819836],[84.26561693070329,27.48308074478668],[84.26608954734493,27.48279533469081],[84.26634819127811,27.482603633097856],[84.26658449716243,27.482429674405427],[84.26666926494035,27.482202340435357],[84.26669602100061,27.48159143553097],[84.26674061440762,27.481497726251366],[84.26695466229576,27.48126588243188],[84.26744960491202,27.48098495278659],[84.26770824292909,27.480735295060246],[84.26792228733376,27.48044987277631],[84.26829236379201,27.479763150736417],[84.26887647891598,27.479018516578343],[84.26928230297749,27.478617207236233],[84.26941157796783,27.478447770701948],[84.26956318849018,27.478046373574415],[84.26952309650306,27.477529144229514],[84.26942049624455,27.47712783909513],[84.26942049624455,27.476842454966818],[84.26950525997906,27.476615021901186],[84.26985307123176,27.476249360878064],[84.27024097197943,27.476021965452674],[84.2705174340784,27.47581240475122],[84.27069137716954,27.475527018345268],[84.27071363220729,27.47518369991608],[84.27053085141578,27.473636382493243],[84.27053085141578,27.47306113801056],[84.2709009116353,27.47208460958254],[84.2709856732588,27.471973165413726],[84.2711194437268,27.471629776015426],[84.27120412469625,27.47122847024763],[84.27120862387153,27.470885129156873],[84.27103918148214,27.470024489330864],[84.2709767552169,27.46985056407485],[84.27089199358068,27.46973465800733],[84.27089199358068,27.469623214519327],[84.27076272180983,27.469315454984635],[84.27067795986838,27.46916391868936],[84.27057094272323,27.46894985281726],[84.27050851596624,27.46881611066385],[84.2703168164031,27.46820520848226],[84.27020979860775,27.46793765174058],[84.26984857195389,27.46736238057136],[84.26931347683556,27.466769340158596],[84.2688229687459,27.466403697187356],[84.26847965084815,27.466269935283737],[84.26762347663241,27.466055899729646],[84.26719546524885,27.46577050836543],[84.26693682500118,27.465690229010615],[84.26633927254052,27.465609954500817],[84.26582206382126,27.46547618490512],[84.26539395912029,27.465226503831172],[84.26505062142269,27.46507487297773],[84.26436835942198,27.464918865866753],[84.26374410412737,27.464686924666292],[84.26363707450135,27.46458885007318],[84.26351220636089,27.464361451105248],[84.2631911960063,27.46405374520223],[84.26179994362067,27.463037109074076],[84.26101069033454,27.462363748343545],[84.26058255100067,27.462056094272004],[84.2602837837768,27.461752866755617],[84.25990031810517,27.461422847201373],[84.25929835558706,27.4607317268999],[84.2590441810918,27.46033040250297],[84.25855366865787,27.45979531548096],[84.25782689280074,27.459179957313474],[84.25738097075603,27.45872064047733],[84.25712678807002,27.458332704836458],[84.25693054511446,27.458033953466675],[84.25686818440012,27.457570233977346],[84.25687260429827,27.456999420059358],[84.25681016316133,27.4566516090454],[84.2566005790464,27.45607645145449],[84.25645343577008,27.455849015817194],[84.25630187218974,27.455505661846246],[84.25609228628467,27.45487245385268],[84.25605210485352,27.454529127357578],[84.25609670624044,27.454011843856488],[84.25635981356163,27.4532671639924],[84.25649361693026,27.452749975113175],[84.25649361693026,27.452406601529177],[84.25643117539566,27.452116741050965],[84.25636873379557,27.451965123090357],[84.2563152123719,27.45191612539694],[84.25636873379557,27.451867067065724],[84.25645343577008,27.45175552842772],[84.2565203775679,27.451679784363375],[84.25656489824166,27.451447906620842],[84.25644901584081,27.450877126161554],[84.2564400956189,27.450837018536387],[84.2563330528518,27.450605065590867],[84.25627511145386,27.45022161752758],[84.25636423349754,27.44983814708501],[84.25685926424104,27.449173721038346],[84.257443411294,27.448540551629467],[84.25785357247831,27.44820162857125],[84.2583262508068,27.4479341298018],[84.25888370425467,27.447555088451345],[84.25979328156278,27.44703780815286],[84.26002519382789,27.446904095528904],[84.26054245295855,27.446565187084104],[84.26088581668047,27.446391222163495],[84.26133613202364,27.44605232567881],[84.26159929653198,27.44561088958733],[84.26171074936364,27.444843940174948],[84.2616527328472,27.444157276348612],[84.26156803827422,27.443889710345093],[84.2614431657901,27.44358200057471],[84.26131837339962,27.443350116660707],[84.26110430522506,27.442815021050485],[84.26097051222477,27.442596519744523],[84.26060039020109,27.44199016863712],[84.26051569412984,27.441682410334778],[84.26051569412984,27.44153085233702],[84.26035072126535,27.44091551553824],[84.2602882837784,27.440304570506665],[84.26033730163081,27.439542090918632],[84.26044883718386,27.43915862208029],[84.26077436230321,27.438547721100733],[84.26120683947687,27.43808839725319],[84.26142090728246,27.43791008825234],[84.26155019936395,27.437803048247527],[84.26159479662955,27.43772718023718],[84.26198275125203,27.43736605032869],[84.26211204211234,27.43720997725767],[84.26221907448264,27.436982522393368],[84.26234394533792,27.436813138247587],[84.2624375581302,27.43667935523367],[84.26263378292145,27.436465299011555],[84.26289236153083,27.43623790643523],[84.26340517631755,27.43589449129229],[84.26388231026642,27.435399562504195],[84.26403393488789,27.435283611037338],[84.26472062004026,27.43509639302863],[84.26475187664124,27.435096337056827],[84.26497477028089,27.435096381270085],[84.26514872958865,27.435060655269425],[84.26600927830933,27.434757496770445],[84.26609404690728,27.434757494204582],[84.26643737858042,27.43462368846788],[84.26678070827114,27.43454784590948],[84.26720880298818,27.434396261241382],[84.26755212822455,27.43434274468553],[84.26798021738735,27.434324948650765],[84.26815416790254,27.434249116278618],[84.26828344534606,27.43413322385198],[84.2683236185155,27.434097539609056],[84.26847965084815,27.433749725365605],[84.26884530482876,27.433138819623252],[84.2690861001244,27.432835565683938],[84.26928230297749,27.43251449354453],[84.269322395127,27.43245210023585],[84.2695185972002,27.43222471797727],[84.26975497082807,27.431841253441913],[84.27014287221589,27.43146221815264],[84.27098117406666,27.4308869433511],[84.27165010378842,27.430374201399207],[84.27251063874671,27.429959431549673],[84.27301903222099,27.429745467438945],[84.27319738667609,27.429674093255898],[84.2736299341764,27.429406552505],[84.27414273669017,27.429156858546037],[84.27446818684393,27.428911539608713],[84.27472687466036,27.428608374226233],[84.27481604939194,27.428300670874002],[84.27479821445634,27.42730628586528],[84.27467778833207,27.426766784043117],[84.2746466172875,27.426681994295723],[84.27450835583339,27.42630744442588],[84.27444593321209,27.42592841053838],[84.27445035180392,27.425620801513713],[84.2746688708442,27.42477801857765],[84.27495422979278,27.424167073769247],[84.27507915423905,27.42395756041988],[84.27544918613805,27.423346598202127],[84.27560528010171,27.42288737288606],[84.27559194424643,27.422133771987326],[84.27559194424643,27.42189296546471],[84.275703370849,27.421125983948876],[84.27611364710069,27.420532914838738],[84.27691627647025,27.41925760347141],[84.27801765494351,27.4180938390341],[84.27821832695489,27.41788866756743],[84.27845016735384,27.41765234800476],[84.27859733653467,27.417536450201677],[84.27924392868653,27.41666693395655],[84.27937768056395,27.416488495004415],[84.28015359617433,27.41567249792184],[84.28028292784565,27.415440639117193],[84.28032751105836,27.415289006575282],[84.28039434564971,27.41490550743732],[84.28039434564971,27.41421887513648],[84.28046126049574,27.414067262455767],[84.2805058435746,27.41360790678869],[84.2804790937313,27.412961353507306],[84.28044784540059,27.412310326403933],[84.28023826426924,27.41139179295321],[84.27998409896134,27.410780854079594],[84.2797120991053,27.409938097266064],[84.27969426563945,27.409554605553804],[84.27977901471995,27.40909983178693],[84.28004209758818,27.40841305097471],[84.28071092530631,27.407342867074664],[84.28075558852727,27.40728046878293],[84.28092500320933,27.407039697841395],[84.28122824544734,27.4066963167534],[84.28127282795047,27.406464460325232],[84.28122824544734,27.406312833460294],[84.28078233824606,27.405621678958795],[84.28030517929113,27.404689753250945],[84.28027401119908,27.40462728772118],[84.28023384610789,27.40450246005685],[84.2801268461724,27.404168012142332],[84.27997968078107,27.403860326247912],[84.27972551436662,27.403173615102652],[84.27966309722683,27.403097810617254],[84.27961851351537,27.402946270400538],[84.27944901477542,27.402638561618396],[84.27896300859767,27.402063307995544],[84.27870433922546,27.401604017550266],[84.27862408722544,27.40150595369481],[84.27857950273415,27.401452406738038],[84.27845016735384,27.401354298672288],[84.27799982096894,27.40120276077614],[84.27780806523751,27.40108235470262],[84.27774564608289,27.401028791890052],[84.277660974435,27.400854884123977],[84.27772781202667,27.400395606576467],[84.27794631901313,27.399557345062455],[84.2779552360091,27.399432468899402],[84.27801323661697,27.39871903733227],[84.27808007381232,27.398335506904612],[84.27812915732976,27.39758642024987],[84.27812915732976,27.39756855399276],[84.27821382831034,27.39718950307484],[84.27824065950671,27.396886338177403],[84.27847691811088,27.39619957848284],[84.27845908427419,27.395664553416896],[84.2785260013004,27.39543261661941],[84.27869542234191,27.395223098773993],[84.27886934149547,27.395147227259955],[84.2790610938011,27.395147303288116],[84.2796585986917,27.395321209296686],[84.28059950809613,27.395726956519532],[84.2811122504536,27.395883005734667],[84.28119257942076,27.395936496990643],[84.28128174444707,27.395998925599525],[84.2816250687127,27.396092566296687],[84.28231179161703,27.39624867128556],[84.2829940082977,27.39630659108194],[84.28333740299027,27.39638692004806],[84.28410435079608,27.396467148900722],[84.2843629966493,27.39644931745144],[84.28459931122342,27.396315512116225],[84.28479104502864,27.396123782551165],[84.28500952602933,27.395762609657062],[84.28509426752458,27.395459394306922],[84.28517900889891,27.395325643277612],[84.28533507729357,27.395093772254725],[84.28561154947965,27.39496446408227],[84.28602175729164,27.394772728502318],[84.28636513447319,27.394656783889285],[84.28660144107806,27.394411484394947],[84.28668618030103,27.394086021060417],[84.28670401166715,27.393376991561695],[84.28671734502751,27.392939977502202],[84.28677983507407,27.39271258474861],[84.28684666240325,27.39263679090653],[84.28708304741227,27.39181188680183],[84.2874530848482,27.391281260513857],[84.28751557412023,27.391205467027053],[84.2878410313219,27.390879916719772],[84.28801050610782,27.390750604737047],[84.28831821003918,27.390630155997744],[84.28869723547695,27.39048305001548],[84.28886662749967,27.390442890150744],[84.28912525260469,27.39033142253379],[84.28927689313596,27.390219961653745],[84.28975406030959,27.389323668239655],[84.28999035342301,27.38901599639882],[84.29011966366801,27.388904514843674],[84.29044068918869,27.388463080632683],[84.29069938775051,27.38800828940858],[84.29082869645059,27.387700532725823],[84.29100258006581,27.387490990393385],[84.29128352350926,27.38726357391989],[84.29158221520834,27.387076278932778],[84.29166694732032,27.38700049601886],[84.29184090879376,27.386844467951427],[84.2919924620717,27.38663481539939],[84.29238045918727,27.386273649151775],[84.29276837345246,27.385796516481072],[84.29300023735198,27.38557807874859],[84.29304930853563,27.385533447058425],[84.29332574478902,27.38516781097232],[84.29345504776583,27.385056322769522],[84.29397233716671,27.38473079968663],[84.29407931214837,27.384713009159466],[84.29424876911945,27.384619328726465],[84.29545278310152,27.38433843707861],[84.2958808318107,27.38416453530075],[84.29639360279275,27.384070830315473],[84.2967370002705,27.38411101383356],[84.296995591072,27.384209113727554],[84.29750393554126,27.384556917855434],[84.29799444768547,27.38526590536713],[84.29820846325525,27.385667188172402],[84.29854735312189,27.386068559179698],[84.29916273040985,27.386929145625917],[84.29933217285874,27.387276969370955],[84.29933217285874,27.387388463465992],[84.29933217285874,27.387905730920814],[84.29954176687689,27.388307006025602],[84.2997781013122,27.388614672518205],[84.30003226216652,27.388864370285155],[84.30029083860026,27.388998197969155],[84.30097308951731,27.38905165007474],[84.30105780821582,27.389060553028077],[84.30148589677383,27.38917654168259],[84.30182926476586,27.389328116657126],[84.30195854920545,27.389461942611536],[84.30196304605045,27.389475258503918],[84.30221278101409,27.389863244702767],[84.30253382139307,27.390135227938085],[84.30268093086084,27.390211084747314],[84.3027879704352,27.390193201777425],[84.30296189929393,27.390095139402746],[84.30345686302297,27.389582320457315],[84.30351925514003,27.38953769236156],[84.30390717685528,27.38926127387383],[84.30442003903097,27.389033808500205],[84.30510673903854,27.388864433801025],[84.30545008605908,27.388690451312172],[84.30588255915312,27.388387251314107],[84.30631069316654,27.387950311174727],[84.30678330713015,27.387664911507354],[84.3073852702229,27.387477599272355],[84.30798281110596,27.387419645685828],[84.3081567247217,27.38736615380863],[84.30892816917769,27.387254703351303],[84.30944098790657,27.387085193900546],[84.30978430981718,27.38702724841069],[84.31029712113643,27.38706741493461],[84.31072963914784,27.387009433794745],[84.31109976993055,27.386929168761633],[84.31167053757488,27.38680426562202],[84.3118444403668,27.386728522501667],[84.31227245101965,27.38663488482062],[84.31261583680912,27.386541198364664],[84.31270053886638,27.386523380805702],[84.31274068197916,27.386501070530464],[84.3128922621278,27.386447556905583],[84.31340954252181,27.386197895304253],[84.31366372521045,27.38606850458405],[84.31390008362384,27.385952593503603],[84.31452429330936,27.3855736213156],[84.31469826800704,27.385515655330476],[84.31538492918746,27.385176740187458],[84.31589769202508,27.385002822360537],[84.31607166268843,27.384815488134326],[84.31635256763225,27.3842626268871],[84.31641494617149,27.384204588888405],[84.31706152757125,27.383825615317228],[84.31774824162999,27.383522422071245],[84.31851972173835,27.383103218090262],[84.31895217970839,27.382688550247543],[84.3191350522045,27.382438851972157],[84.31935798248607,27.382131188738835],[84.3196611887994,27.38192604536724],[84.32057087869798,27.381783326431023],[84.3206243422123,27.38177441928343],[84.32071352823756,27.38172979622703],[84.32088298934295,27.381640634705242],[84.32100789736016,27.38162283559473],[84.32114163534351,27.3816049482361],[84.32138687437791,27.381497956988454],[84.32156973935345,27.381413269812022],[84.32199775999368,27.381301727327042],[84.3220200760637,27.381301740009004],[84.32251054583789,27.381283951081727],[84.32293863994752,27.38130624498553],[84.32311258992269,27.381341896652316],[84.32405345215501,27.381346316697055],[84.32422290369857,27.38132853563753],[84.32439676962883,27.381310665494972],[84.32456622018941,27.38123489990599],[84.32484716509948,27.380931633011308],[84.32512810867581,27.380681971231184],[84.32548032976669,27.3805035489709],[84.32613580217749,27.380169104988266],[84.32664863243605,27.38011566585399],[84.32673780938376,27.380079972104323],[84.32742007681324,27.380115600650498],[84.32827619090719,27.380120126626878],[84.3283698602423,27.380133485457044],[84.32870424330862,27.38017804914361],[84.33007763410646,27.380164675965535],[84.33075994328257,27.38001311238238],[84.33119247233796,27.379825778124147],[84.3314465786733,27.379749949723642],[84.33222253529296,27.37933083215559],[84.33281998605953,27.37906770939182],[84.33299390698485,27.378876052535258],[84.33301621890782,27.37880020871739],[84.33331943550097,27.37843902982346],[84.33333283863371,27.37840776576717],[84.33335515042877,27.378372127340846],[84.33348886050635,27.37813130751387],[84.33361823635605,27.377961877855206],[84.3336627794646,27.377903910009604],[84.33379207467617,27.377712140086874],[84.33389913828108,27.377560568429075],[84.33411318465222,27.37740895276166],[84.33428260738354,27.377315301635996],[84.33454119481355,27.37725733768131],[84.33471511067685,27.377181558518927],[84.33557127969829,27.377034417124673],[84.33608410841155,27.376976472131812],[84.33651218456043,27.37698085244893],[84.33668160041798,27.376940716362675],[84.33685550998564,27.37694525679374],[84.33710967224077,27.377003170166518],[84.33753774096404,27.3771191413916],[84.3379033705125,27.377248397894988],[84.33813529853151,27.377333196186445],[84.33899141802527,27.377547171782425],[84.33933472905238,27.37760520520409],[84.3399322684548,27.377609643853443],[84.34053429573237,27.37747586290609],[84.3408775977981,27.377364400665236],[84.3423357667469,27.37672228667711],[84.34236248867522,27.37670442595106],[84.3425096596796,27.37660628927016],[84.34261662725157,27.376477041334162],[84.34285303051601,27.376320952885486],[84.34405693918931,27.375834895855334],[84.34630436232624,27.375304253997975],[84.3473165895735,27.375067917957303],[84.34765543910038,27.375027824195385],[84.34768223886162,27.375001030364277],[84.3476911453664,27.374992098003908],[84.3478516227,27.374956499827178],[84.34791404826498,27.374755842701262],[84.34792744808846,27.374706706074605],[84.34802999274469,27.37468887003376],[84.3500366386902,27.37402003337121],[84.35018820352425,27.37396655945129],[84.35227059595393,27.373801551547153],[84.35465626275732,27.373609795335316],[84.35466958082166,27.373592016039495],[84.35471868112937,27.373578629500912],[84.3548301194213,27.37355185453184],[84.35496835395764,27.373516153678327],[84.35499065758437,27.37350722527373],[84.35500846838815,27.373498294242268],[84.35515568811452,27.373493871069634],[84.35543656789282,27.373480456270556],[84.35650231037124,27.373400246093578],[84.35819234401839,27.373266491740466],[84.35826366356146,27.373230768821298],[84.35853562368281,27.373253085572937],[84.35943637232705,27.373360089055353],[84.35982432858658,27.373409150696915],[84.36018107602251,27.373427020310945],[84.3601676789799,27.373391275812168],[84.3601676789799,27.373386897610263],[84.36059574106484,27.373373509508042],[84.36161245629087,27.37347606082455],[84.36324001451885,27.373645485898898],[84.36341833807188,27.373649902220656],[84.36497461534981,27.37382385104369],[84.3662766554889,27.374020066845574],[84.36794435109087,27.374251903032057],[84.36829663783253,27.374256348488718],[84.3687470195703,27.374292084005763],[84.36885401981942,27.374283167801075],[84.36891642317342,27.37427424311719],[84.3696477727263,27.37435452579726],[84.37350489396466,27.37500108289748],[84.37382145704676,27.375050093695346],[84.37426738543601,27.375455906109686],[84.37436988432634,27.375536156349188],[84.37484259599434,27.375915166035192],[84.37490058191176,27.37610692318573],[84.37497188125347,27.376419035684183],[84.3749986686104,27.376410105664004],[84.37545349040832,27.376303126122778],[84.37590381747313,27.376138153759005],[84.37649248559762,27.37578583158662],[84.37674214647465,27.375634231886096],[84.37713006909897,27.375469247280886],[84.37777670806183,27.3752864257477],[84.37829390184694,27.37521509204438],[84.37867740344063,27.375125873980938],[84.37903860801242,27.375090263596398],[84.37953357657801,27.37500105482556],[84.38168285636223,27.374608652038035],[84.38188349778483,27.3745730176438],[84.38253008457787,27.37441688573809],[84.38312317717347,27.374180596999935],[84.38389452541551,27.37387292075988],[84.3844787033216,27.373672276323678],[84.38486665519311,27.373529516143332],[84.38504058317888,27.373453756639154],[84.38525460450896,27.37338684388901],[84.38564696156278,27.37327982070039],[84.38668593735723,27.37286072029818],[84.38735035264726,27.372704652225035],[84.38767590217664,27.372615403803234],[84.38820206980238,27.372535186074362],[84.38877281443374,27.372445942498118],[84.38948627753302,27.372231962966357],[84.38974486367589,27.372124922230935],[84.39028889313903,27.371848473973426],[84.39065900669881,27.37158980027795],[84.39085520763561,27.371402516074983],[84.3910558979867,27.371179579846356],[84.3914571964569,27.370613250763007],[84.39156864549666,27.370461704035105],[84.3917961131337,27.370020201998848],[84.39195214083185,27.36973042056364],[84.39263437630416,27.368883148915973],[84.39283506058888,27.36867807728518],[84.39305354350073,27.368472914206805],[84.39325422635613,27.368285623307145],[84.39355745420659,27.36808054898527],[84.39396763513732,27.367955713126104],[84.39435111484063,27.367946774497632],[84.39480153794503,27.36801361119397],[84.39549712940104,27.36842830663369],[84.39601440808015,27.368838536217932],[84.39606347395555,27.368878746495884],[84.39682150446203,27.36923990929003],[84.39724513142905,27.36949402935451],[84.39764197829976,27.369792826189162],[84.39853379168157,27.37009607266084],[84.39878792876222,27.370136183041957],[84.39917586649779,27.370149571015823],[84.3994969413619,27.370060380241014],[84.3997689517294,27.369890947830775],[84.39991165044655,27.369801763366482],[84.40017476031967,27.36957880603275],[84.4004155024174,27.369431620918718],[84.40080791874294,27.36924430829691],[84.400932818017,27.36923098905551],[84.40112898469825,27.369235444675034],[84.40131625232132,27.369297894189764],[84.40169976429111,27.3694762299327],[84.40197176447121,27.369672441619674],[84.40267184049279,27.369975674794592],[84.40331395029924,27.369966694836343],[84.40395156401033,27.370020260819885],[84.40440640265619,27.369971168875015],[84.40485682892988,27.36986417400718],[84.40575751080586,27.369770537181413],[84.40618564248408,27.36979730796693],[84.40635501856326,27.369841878893084],[84.40678314589017,27.36990876926384],[84.40687228191209,27.369935476724063],[84.40697488435993,27.36996674362303],[84.40731379179772,27.37006929326084],[84.40746088086527,27.370109397571742],[84.40773734319026,27.37019416963571],[84.4082100274297,27.37016740301755],[84.40833931957386,27.37013173462242],[84.40877192116518,27.369931082089515],[84.4092534942889,27.369614432403186],[84.41009623776092,27.369248767917664],[84.41040835596888,27.369074927061906],[84.41042174158684,27.36906598990349],[84.41081417128333,27.368900986259145],[84.4116123280098,27.36861564913178],[84.4117193305227,27.36857551217089],[84.41230796108712,27.368303514411906],[84.41249968153387,27.368290083088272],[84.41294563754451,27.368374823566583],[84.41335135518749,27.368517558208076],[84.41370809906576,27.368718206565863],[84.4140871220352,27.368865324020707],[84.41427891682476,27.368936694883185],[84.41451078490901,27.369074897385023],[84.4146400631912,27.369195331711406],[84.41478272581347,27.369329078536676],[84.4153847101757,27.370069320202447],[84.41563444651906,27.370323416783485],[84.41597330401906,27.370501809406413],[84.4161650926508,27.37055977360196],[84.41661542881111,27.37053306910474],[84.41666447749569,27.37054190733386],[84.41729769874749,27.37064447398748],[84.4178550977059,27.370617748825463],[84.41819843039143,27.3704170774337],[84.41882714715824,27.37020303843917],[84.41913040341947,27.370055899435496],[84.41938453160155,27.36982852131209],[84.41958969262397,27.369645655759605],[84.42006236165794,27.36950294837205],[84.42025854463618,27.369507466985617],[84.42070444174536,27.369614431408234],[84.4210254791563,27.369618924224465],[84.42187718947346,27.36975270185399],[84.4224791812593,27.369654549927912],[84.42271101697148,27.369734833551448],[84.4229429319045,27.369895364639934],[84.42310793233052,27.37004697261241],[84.42343785165578,27.370457236798],[84.4240041674378,27.37095216275212],[84.42404431498858,27.37098789812737],[84.42459275502847,27.371304463200147],[84.42514567740947,27.371451601605703],[84.42561389441983,27.371594290212787],[84.42595277446834,27.37167901268954],[84.42612225382489,27.371719185903807],[84.42637643187635,27.371763716562118],[84.42669743827133,27.3717726637],[84.42701852304135,27.371741491070498],[84.42721476290566,27.371687919258044],[84.42749561955273,27.37159875733446],[84.4276249493799,27.37153188573049],[84.42784346325446,27.371415933872587],[84.42803521311662,27.37138023238795],[84.4283562905677,27.371447172513413],[84.42854803875422,27.371451592530494],[84.42886903327128,27.371380289452254],[84.42975644656947,27.370961145621],[84.43010868382922,27.370684662371556],[84.43023800789753,27.370648973991607],[84.43055458624472,27.370693568800224],[84.43089351788942,27.370796153678338],[84.4310852577849,27.37082290966447],[84.43123685445052,27.370840739900682],[84.43129927177985,27.37084519047201],[84.43142859322394,27.37086749538045],[84.43200829272475,27.37084070692026],[84.43224906464167,27.37088085094954],[84.43264591549816,27.370952226950315],[84.43283764966644,27.370938768396787],[84.43316318769033,27.37083180206183],[84.43353327167183,27.370590958719703],[84.43372500293981,27.370515214662838],[84.43456330910082,27.37036359183624],[84.43486656418473,27.370216415667173],[84.43510732436994,27.370127249729002],[84.4351519510245,27.37010498694104],[84.43579851292773,27.36974377304863],[84.4362087195102,27.369636769874692],[84.43646734046679,27.369605502297798],[84.43700693163434,27.36940936603318],[84.43745726813815,27.36932459680897],[84.4379700915304,27.36931567585171],[84.43916508642597,27.369529750033063],[84.43941928808499,27.369556475265437],[84.43961100011049,27.36957875040257],[84.44089528627624,27.369587700419817],[84.44142586425765,27.369716999443746],[84.44255405752283,27.369988978053588],[84.44287064950161,27.37001576281215],[84.44332102107553,27.36998906079516],[84.44377579512097,27.36986414510275],[84.44429304924488,27.369645645156165],[84.44499318151851,27.369110556803104],[84.445278519069,27.368789548673824],[84.44592961538586,27.368441685304973],[84.44601877208169,27.368388211512194],[84.44617033014283,27.36817859637175],[84.44616143853378,27.36783973778575],[84.44610344278045,27.367514210386748],[84.44616143853378,27.367037080405048],[84.4461525469234,27.367014833490064],[84.44613916945298,27.366961310146525],[84.44633534534505,27.36664024096789],[84.44649587425121,27.366377182569483],[84.44661178481972,27.366109582276216],[84.44661627064224,27.366078393728067],[84.44664302536219,27.36565479966911],[84.44673666678588,27.36542733226959],[84.44674555830764,27.36508399152734],[84.44681244493707,27.364914531101007],[84.44712460823267,27.36448206531873],[84.44738766679845,27.364259085258805],[84.447472415622,27.36421892797821],[84.44789159207434,27.36390678970768],[84.44858271001112,27.36351884447996],[84.44929616778516,27.363287007829058],[84.45043774623028,27.363064015219734],[84.45112442875131,27.363059613152075],[84.45129383536735,27.363077412465255],[84.4518913602289,27.36313542266139],[84.45270738031367,27.362930242884367],[84.45273413225198,27.362925762800142],[84.45276536952974,27.362925839445502],[84.45352338902916,27.36294364580218],[84.45423246157503,27.362881223652842],[84.45518668842914,27.362658270624628],[84.45610525925181,27.362444264033588],[84.45715756537409,27.36231490562641],[84.45741625406585,27.362243561204778],[84.4575767526053,27.362234636907],[84.45763025202066,27.362230142865577],[84.45832141522175,27.36209192133114],[84.45833478991004,27.362091914822226],[84.45878960758151,27.362060774996085],[84.45894121268672,27.362029512672972],[84.4592176727553,27.36203402567329],[84.45988655336022,27.361895717721474],[84.46005601471374,27.3618244097632],[84.46025662877265,27.36163708543608],[84.46049744482073,27.361231330177695],[84.46050192957978,27.36122239226502],[84.46059106409439,27.360994995876148],[84.46079175640405,27.360678447462302],[84.46085862699286,27.360620413987327],[84.4610994405641,27.360473284898735],[84.4612287763432,27.36043765263468],[84.4622632921217,27.360379666388596],[84.46242377737128,27.36037073544746],[84.46281617957109,27.36012995631654],[84.46286526970194,27.36007202227168],[84.46288304784683,27.36005413720432],[84.46292765334876,27.359866888857287],[84.46301686425063,27.359755402059474],[84.46316845840661,27.35966175476089],[84.46352073512143,27.35934511951254],[84.46373919526955,27.35921586703981],[84.46399785487428,27.359126632835732],[84.46438135767612,27.359077637171254],[84.464702396197,27.359086493426663],[84.46489410556379,27.35912660656368],[84.46546042129462,27.359367422220345],[84.4658439145103,27.359492333434765],[84.46641910958222,27.359563606832925],[84.46667335313053,27.359568119377958],[84.4668918015078,27.3595145564219],[84.46715044717547,27.35929162004453],[84.46726191269575,27.35912220477193],[84.4676275373295,27.35821696268717],[84.46787280723875,27.35795390347277],[84.46804672964622,27.35786023808249],[84.46822065153658,27.357695255452576],[84.46824291222003,27.357579329295216],[84.46808236285649,27.35730737625719],[84.46807347457461,27.356990745126396],[84.46807347457461,27.35684802136287],[84.46809573531407,27.356736563235295],[84.46825180047615,27.35654924598164],[84.46838112044637,27.356437818907896],[84.46870670122301,27.356272840705422],[84.4691570342636,27.35618813099855],[84.46942015399091,27.35600084193217],[84.4695048709245,27.355983008965048],[84.46954947137802,27.35591166638209],[84.46974564891165,27.35576007088809],[84.47020045796872,27.355541567330086],[84.47078457814521,27.355327455688247],[84.47110566159697,27.35516247108456],[84.47175222703899,27.354966282565915],[84.47252369236442,27.354890491227277],[84.47297399601403,27.354765638464297],[84.47335752003652,27.35479240215722],[84.47399517319784,27.35501535983462],[84.47432961005286,27.35529185252051],[84.47436972313106,27.355367614445345],[84.47469967417325,27.35570202016022],[84.47484683445983,27.355933938917953],[84.47488254359213,27.35608558140555],[84.47488694718318,27.356696426435175],[84.47498062349575,27.35716467329541],[84.47503859064307,27.3574634036535],[84.47502521977302,27.357998471902636],[84.47510104137281,27.358230342188463],[84.47522586256733,27.358444395896125],[84.4756628547458,27.35887248074918],[84.47587246251355,27.359028572789565],[84.47601961984797,27.3591980177612],[84.47605973176661,27.35924705645232],[84.4763674156883,27.359652785465858],[84.47644763902076,27.359826737178384],[84.4770273734231,27.360526770797065],[84.47719230164597,27.360682884151014],[84.47729045773636,27.36090133335207],[84.47743312804039,27.36122243667075],[84.47754457396155,27.361895760582737],[84.47758476489537,27.36197152272487],[84.4778567334961,27.362167785068987],[84.47811092732024,27.362252439012924],[84.47856126799526,27.362279235792172],[84.47959131417203,27.36201611177275],[84.47967601636864,27.3620161466838],[84.48042960432538,27.36169956914108],[84.48054112459027,27.36165499371308],[84.48108511306829,27.3612090484414],[84.4814329588225,27.36100836957884],[84.48182091047077,27.36084341019539],[84.48227570564617,27.36071853102492],[84.4824049945983,27.360723003292915],[84.48343505307646,27.360517847059594],[84.48395235701216,27.360361822817193],[84.48420652432125,27.36028604607786],[84.4847282242752,27.360031884470832],[84.48492443092398,27.359902523186108],[84.48544164162031,27.359666233866463],[84.48565569714503,27.35952354329101],[84.48596341059383,27.359313939750063],[84.48655201611639,27.359024064995914],[84.48681057480678,27.358917086124745],[84.48689534658645,27.35887690209282],[84.48711828217142,27.358769949028844],[84.48726541118654,27.358698617633365],[84.48731448079197,27.35866739390754],[84.48767565743482,27.35845774603501],[84.48787185418294,27.358364126883647],[84.4880234639481,27.35831066642472],[84.48801009604904,27.358341866745576],[84.48788522211363,27.358689696744303],[84.48783623303528,27.35886356021695],[84.48784960097413,27.359148912314886],[84.48779164653446,27.359661763244613],[84.48757311615488,27.36063381788457],[84.48743487325441,27.360972715518567],[84.48734569960591,27.361142133728883],[84.48727885930435,27.361195714326456],[84.48682842572056,27.362042889515934],[84.48642265629249,27.36309075426755],[84.4862576740717,27.363523323066534],[84.48603025240077,27.36483433475946],[84.48602136684761,27.36586430837316]]]},"id":"0000000000000000018f","properties":{"DISTRICT":"CHITAWAN","GaPa_NaPa":"Madi","Province":"Bagmati","STATE_CODE":3,"Type_GN":"Nagarpalika"}},{"type":"Feature","geometry":{"type":"Polygon","coordinates":[[[84.69481876122796,27.721027304272965],[84.69484109457709,27.720893518649316],[84.69480089454238,27.720376263770866],[84.69493473502499,27.720037330683784],[84.69521565545267,27.71963603063586],[84.69532261542469,27.719408670037847],[84.69530482865717,27.71906527585568],[84.69524237552399,27.718944932248764],[84.69517992232292,27.718659521435367],[84.69513980228692,27.7182581676465],[84.69522450897021,27.71774541318533],[84.69546530817192,27.71717018795622],[84.69553669429307,27.716541461679004],[84.69554562752211,27.714994162177028],[84.6955010411241,27.714824710426267],[84.69546530817192,27.714249433180303],[84.6952735622184,27.71373216679712],[84.6952513087988,27.713580610188814],[84.69497485520425,27.713255067135012],[84.69446653125878,27.712942965527603],[84.69386894775597,27.712657518886047],[84.69320459542408,27.71225182414298],[84.69292813197835,27.712019876104],[84.69262933300163,27.711828207508265],[84.69184005273588,27.711154860030685],[84.69152346016118,27.71078922563673],[84.69077883456765,27.710115882785793],[84.69018129247064,27.70952284706399],[84.6894990291579,27.708738023683107],[84.68923148209089,27.708332230510987],[84.68884356056202,27.707757021853702],[84.68858941190976,27.70718175493684],[84.68859387906464,27.70661102942245],[84.68924041630046,27.70558097164105],[84.68917803634383,27.704952270323883],[84.68896840090387,27.704626673971973],[84.6888836849954,27.704376974599512],[84.6888836849954,27.704203061959685],[84.68903532797866,27.703841942959563],[84.68925381761224,27.703498550079306],[84.68942771530297,27.703097233619893],[84.68936525578012,27.702526522258722],[84.68915570079302,27.70206270397516],[84.68889708639037,27.701701588404536],[84.6887945018231,27.701353759148464],[84.68877224589357,27.701068342954446],[84.68890602065194,27.700439636486188],[84.68901745949434,27.70015424777565],[84.68901745949434,27.699980331189852],[84.68912451077719,27.699463122278598],[84.68912897789048,27.699177654763513],[84.6887900346838,27.698089680035974],[84.68873212138239,27.697625942022835],[84.68874991018504,27.69757245702678],[84.68875437732744,27.69728261423938],[84.68866966110343,27.697224582729497],[84.6884110445133,27.697130985435606],[84.68806770964784,27.69693473811952],[84.6877287601814,27.69687679375406],[84.68747013935683,27.69676088575986],[84.68719372808957,27.696533466289203],[84.68687710991347,27.696127642840004],[84.68664074202002,27.695976087497783],[84.68629739657815,27.6958199909564],[84.68569988765425,27.695641671523063],[84.6852316884039,27.695222455826347],[84.68463416840135,27.69489251985418],[84.68386272818395,27.69466059514635],[84.68345697998132,27.69437074666082],[84.68314034122108,27.69406307124914],[84.68285944153126,27.69385349552596],[84.68190073435596,27.693215858851968],[84.68158416680481,27.69290818163482],[84.68134777714641,27.69256038442008],[84.68137458344745,27.69233296559646],[84.68143697187351,27.69216348564528],[84.68163323169819,27.69193167052208],[84.68195426665011,27.69165073489234],[84.68215044492943,27.691574901546847],[84.6826007987969,27.691271699231514],[84.68332766010373,27.690968463813654],[84.68347923796915,27.690857009882457],[84.68378247227828,27.690513633259187],[84.68391179113273,27.69033975205636],[84.68395638652464,27.690223843950967],[84.68400098188197,27.689822463207292],[84.6839207261693,27.68907782025545],[84.68390285609478,27.688449074686897],[84.68404110969627,27.68758848194059],[84.68425961831683,27.68684384525883],[84.6842818759939,27.686558416576155],[84.68441566120454,27.68598321125721],[84.6845539135727,27.684605367627956],[84.684536043695,27.68380267611957],[84.68445578872937,27.683401410267244],[84.68420608816935,27.68271468873266],[84.68382260024512,27.682135020140823],[84.6835060432764,27.681827332895065],[84.68299323005229,27.681443860751838],[84.6828683767314,27.681310036582207],[84.68150837542385,27.680400431916784],[84.68093315547591,27.68005704035439],[84.68075923208403,27.679999064612158],[84.68054964571974,27.679860832320504],[84.68042031930261,27.679825179332447],[84.67973809968724,27.679588880321447],[84.67922525285576,27.679606715098387],[84.67896667355745,27.67968248099688],[84.67767798827197,27.680248782572765],[84.67744613036302,27.68032458742339],[84.67724993603416,27.680395957961114],[84.67673706701439,27.6805118587778],[84.67630900777401,27.680583264254146],[84.67562681917633,27.680636715303876],[84.67528340796004,27.68071252280051],[84.67510954727122,27.68078840507376],[84.67451200187034,27.68091764898179],[84.67365584708865,27.681029118494727],[84.67348198148107,27.681104998188427],[84.67275068692929,27.68155983090057],[84.67249646713702,27.68146173018616],[84.67237167082043,27.681153969484562],[84.67246079967519,27.68058321071614],[84.67246526808324,27.680293436759964],[84.67242066378006,27.68008379289985],[84.67233600328125,27.67990991520501],[84.67186777501179,27.679624494975407],[84.6716136311128,27.67956209188427],[84.67114539696519,27.679352524400468],[84.67088678134543,27.679307975266397],[84.67058802739002,27.67940601083325],[84.6704140727165,27.67959334674223],[84.67038734110308,27.68028447756485],[84.67023572873235,27.680685777388565],[84.67008411596221,27.68087307630397],[84.66982549557306,27.68102467650227],[84.66939746470506,27.681100522552903],[84.66863044840785,27.68115398369579],[84.66828707523221,27.68124762226375],[84.66802844676785,27.681359149050692],[84.66783676889021,27.681376955381552],[84.66760040253524,27.681243210695712],[84.66728383608222,27.680667946471686],[84.66698953225725,27.680266662593468],[84.66682003555376,27.680128433992085],[84.66666849358694,27.68006603559655],[84.66639198233507,27.679954484853365],[84.66613781425525,27.67989653314743],[84.66596839484593,27.679896540787897],[84.66570975596368,27.679972367329217],[84.66536636536526,27.68011945393866],[84.66519247471328,27.68015962568096],[84.66485362983205,27.680159638085257],[84.66448796879932,27.680003518923716],[84.6642560577396,27.679829691908576],[84.66355154036734,27.679423883901393],[84.66312793197967,27.679285613638488],[84.66253042178377,27.679187510317842],[84.66210233667191,27.67918310492332],[84.66167424837771,27.67928114663367],[84.66090281949141,27.67933466432891],[84.66043465783741,27.6790983824885],[84.66011358261773,27.678870967146338],[84.6596676817486,27.678808487418593],[84.65949377388722,27.67873272763875],[84.65936886956914,27.678616819571367],[84.65919943024338,27.678291267085655],[84.65911475029935,27.67823330585047],[84.65885608063242,27.678193194694046],[84.65829875169742,27.678420563790056],[84.6580445478936,27.67845620995443],[84.65770119139874,27.678340286374926],[84.6574247168992,27.67816642943452],[84.65742918647442,27.677974643925168],[84.65738457052062,27.677916705748384],[84.65715271066948,27.67728800600974],[84.65709476551444,27.676770675022592],[84.65699220404348,27.676480888449344],[84.65642144811756,27.67521445093524],[84.65625200012218,27.67492913865481],[84.65599778728676,27.674237901888002],[84.65570350559582,27.67364489445365],[84.65553405548894,27.673185555296484],[84.6554314912396,27.672779835805486],[84.65524424117413,27.67174981029285],[84.65522197226396,27.671464354732446],[84.65503464170044,27.670541323174746],[84.65476262418647,27.66985465057646],[84.65433903097626,27.66916348114279],[84.65397785284762,27.66866408881317],[84.65378612820074,27.668472329764928],[84.65342494660659,27.667955085528757],[84.65297899396606,27.66745117617687],[84.65278726599593,27.66718364525377],[84.65225661839648,27.666666387426574],[84.6519177772334,27.666336430934994],[84.65134250099577,27.665685365760606],[84.6505176117423,27.664954091382302],[84.65013413878776,27.664472475764924],[84.64943399871723,27.66383934838955],[84.64900597593821,27.663491489243942],[84.64843075046554,27.663085748761016],[84.64809180698481,27.66277808725929],[84.64758346785483,27.662412403032224],[84.64709300575237,27.661953159945504],[84.6469859560962,27.661895129931725],[84.64666496559263,27.66175692303796],[84.64636616581338,27.66181493358455],[84.645960392755,27.661850525382018],[84.64557241899202,27.661770333892854],[84.64460925885,27.661765876042445],[84.64396716976223,27.661877316194072],[84.64370851193665,27.661953111196734],[84.64306641282013,27.662216177244723],[84.64231285731938,27.66272902719114],[84.64184015369075,27.663125883421284],[84.64151466373491,27.663603024748138],[84.64133631010793,27.66398650826445],[84.64116681776606,27.664097953823987],[84.64097513034878,27.664039957270187],[84.64059159392896,27.663656486622166],[84.64044445386378,27.663558440594866],[84.63999856048993,27.66315712256327],[84.6396998060094,27.662849387435607],[84.63927171097572,27.66255959715836],[84.6389551485432,27.662403516744178],[84.63882580853755,27.662309814687603],[84.63844233766838,27.662171588653006],[84.63818373490835,27.662171604335192],[84.63805439317335,27.662247380781693],[84.63786269541427,27.66253280000708],[84.63789830445891,27.662876166277893],[84.63802764654383,27.6632194904937],[84.6385761495708,27.663834858674445],[84.63872776542647,27.66397306124945],[84.63923610277872,27.664320923255136],[84.63966411823819,27.66454832602259],[84.64021707661695,27.664936281284426],[84.64064069375867,27.665261770334226],[84.64083246212411,27.66545354913584],[84.64097960119959,27.66566752368447],[84.64100187561183,27.665877127436712],[84.64090375636219,27.666666372967313],[84.64081904953643,27.66736644176046],[84.64051135753192,27.668302879661432],[84.64012342694957,27.669065403498067],[84.63930292800929,27.670091006525453],[84.63858948284,27.67079552963076],[84.63809455301471,27.671196846614727],[84.63738556403239,27.671687348747845],[84.63719378420936,27.671785428525858],[84.63648031295982,27.672391853770115],[84.63510244853926,27.67395256658481],[84.63479927722305,27.67441186774299],[84.63434439749396,27.67498265686247],[84.63384951110487,27.67549094562329],[84.63339462389027,27.67589226088742],[84.63309591506476,27.67608400610203],[84.63247158387487,27.676364899164405],[84.6322798675706,27.676418440139408],[84.63202123719502,27.676440748761827],[84.63131225344978,27.676663659971947],[84.63067009622455,27.677042730522718],[84.63041153848819,27.677234502960715],[84.62963561877453,27.67791671346281],[84.62922541598438,27.67835373417179],[84.62901133001478,27.678523127536423],[84.62729014899398,27.679472966918205],[84.62677284237975,27.679927783411873],[84.6266034669781,27.680137361799012],[84.62646962731829,27.68038704347508],[84.62630025102735,27.680614468114364],[84.6261486025264,27.680824016998848],[84.62499816917675,27.681426010602262],[84.62461468630131,27.681550910627745],[84.62434715717336,27.681715814044455],[84.62416875049308,27.681898712326],[84.62405726600308,27.68205029135376],[84.6239190281311,27.682349054771297],[84.6235846524304,27.683254251612784],[84.62342413223992,27.683539656633503],[84.62270170600105,27.68454742964257],[84.62252337410096,27.684716850623044],[84.62214881941503,27.684953182133462],[84.62203733102673,27.685028996403588],[84.62184110774626,27.68513597292049],[84.6214531315492,27.68527871079616],[84.62092698757913,27.685568506209474],[84.62061487683974,27.685827149810645],[84.62043645863311,27.686032256319425],[84.62021802735694,27.686197263154664],[84.61986574029387,27.68636225837406],[84.61928159872556,27.686576269241453],[84.61876430025734,27.686692212891554],[84.61843883991624,27.686723412283765],[84.61722148218955,27.686669888305225],[84.61369881149146,27.686290923017403],[84.61235658744634,27.686023351433672],[84.61063091632049,27.685809325889313],[84.6096053461172,27.685742388591194],[84.60928430751319,27.685693339626418],[84.60864214507733,27.68568000706086],[84.60806691676915,27.68556406572377],[84.60698785898427,27.68523411652254],[84.60647947743436,27.68514048546497],[84.60418307732115,27.684591986363014],[84.6037371436522,27.684520671045707],[84.60303260618781,27.68446268203687],[84.60252426976962,27.68435119207169],[84.60188219206945,27.684311062426765],[84.60124450127987,27.684159470659157],[84.60060240937968,27.684101488153935],[84.60015652800857,27.68400785549182],[84.59887670715734,27.683891868877236],[84.59874743720637,27.683869618679402],[84.5984040475168,27.683860722488816],[84.59866714268482,27.683753705644545],[84.59884107405999,27.68362439188799],[84.59910416724153,27.68345937272542],[84.5995188182035,27.68332112779646],[84.59984885907132,27.68313827615402],[84.6000896574906,27.682915367482167],[84.60144071457897,27.68123427379509],[84.60236824482476,27.679923339168695],[84.60254655901312,27.679740467866306],[84.6029880280667,27.67944619648832],[84.60327786512876,27.679165215917596],[84.60341607247788,27.678884320620323],[84.60345625640242,27.678309065225026],[84.6036390409793,27.67751536738288],[84.60383524615875,27.67683310766746],[84.60395116348262,27.67603046863079],[84.60387982362711,27.67562470408602],[84.60391105978968,27.675339378300944],[84.60379961611453,27.67499157526187],[84.60351417552884,27.674523322765193],[84.60327786512876,27.67400165064158],[84.60309507941088,27.673747449468145],[84.60212298202823,27.672815511041822],[84.60190000768466,27.672463189842244],[84.60184648093187,27.672177867761025],[84.60185990257006,27.67183000323873],[84.60198477159045,27.67137518888509],[84.60199363943771,27.671147796554635],[84.60187771819213,27.670799989975617],[84.60177513848136,27.67066178807871],[84.60123563331783,27.6702827037437],[84.60064251536579,27.670055291935803],[84.60021892444372,27.669979481538725],[84.59996478438099,27.66985912368365],[84.59971503735346,27.6696405946186],[84.59947423737555,27.66923483186112],[84.59932267828249,27.668766589772243],[84.59893471076214,27.668182513040932],[84.59882325750311,27.66777668930543],[84.59887670715734,27.66753148350047],[84.59890347191333,27.667375372339226],[84.59909521905702,27.666809101831486],[84.59912645780233,27.66667083353623],[84.59914874835454,27.666581656492696],[84.5991576965308,27.665779016217463],[84.59945642101356,27.664646378909218],[84.59971951139798,27.66339338848792],[84.599764092037,27.662822632366286],[84.59972845948599,27.662077945957506],[84.59961253370298,27.661159413497643],[84.59953671444018,27.66092755747013],[84.59943860464607,27.660182844807792],[84.59959911154357,27.658813923887966],[84.59962140191374,27.658243179860108],[84.59946089507807,27.657436059048685],[84.59923343639578,27.656628920638013],[84.59907292848419,27.656339149299342],[84.59897929200565,27.65604929943287],[84.59872067237824,27.65552751208936],[84.59840852166265,27.654716002254883],[84.59819000717057,27.654252262877833],[84.59796262339,27.653503123975824],[84.59790909299555,27.653213311643267],[84.59792698972994,27.652811950373835],[84.59807407830621,27.651732868647905],[84.5980339705403,27.651157625991583],[84.59796262339,27.650756360989078],[84.5977485814115,27.650234596501118],[84.59759701779988,27.649712849641624],[84.59717779893279,27.648959270028367],[84.59702175957402,27.648495535853918],[84.59696822830949,27.648263638661213],[84.59689687984563,27.647349541219914],[84.59661148511084,27.646364107368726],[84.59589807201736,27.644914882159657],[84.5957420292092,27.644509150801806],[84.59567954804879,27.644451118158308],[84.59551008154409,27.64392946241114],[84.59537185531487,27.64306879445067],[84.59538080407494,27.64284137302958],[84.59523362875561,27.64163298408604],[84.59504634322633,27.64094185201918],[84.5947743626503,27.64024617447458],[84.59439091900398,27.63960408476069],[84.59393156631259,27.638730105933412],[84.59354811708502,27.638150397936172],[84.59328947319433,27.637682200000555],[84.59310665593215,27.637445885904828],[84.59283019166833,27.636870691268758],[84.59232632016719,27.635974437340824],[84.59216131847694,27.635854040894202],[84.59205880145149,27.635738038595587],[84.5920631961835,27.635662254056236],[84.59240214887348,27.635747021541242],[84.59328947319433,27.63604126543989],[84.59354811708502,27.635996700987228],[84.59370416580599,27.635885221706744],[84.59376664909811,27.635827226367677],[84.59401634188782,27.635492859997694],[84.5940876939016,27.635269820116687],[84.59409656295875,27.635095939515985],[84.59406540140058,27.634810539936872],[84.59378894171415,27.634172950162156],[84.59332071507257,27.633472829601043],[84.59302195892798,27.632893187241365],[84.59291936352305,27.632777180957753],[84.59248684678417,27.631791751676744],[84.59224162202172,27.631439469045823],[84.59210338798992,27.63114963173287],[84.59173774539954,27.630623521923585],[84.59124720858688,27.630039354337956],[84.59015473245763,27.62899592067309],[84.58998972458048,27.628853204210987],[84.59002096823882,27.628572276981583],[84.59015473245763,27.628344876293454],[84.59031079032249,27.62825571022369],[84.59076561709277,27.628121935110872],[84.59119367198349,27.628037190518334],[84.59179567625232,27.628019370483297],[84.59255372608462,27.62823790234227],[84.59306654472486,27.62827355492263],[84.59375770008855,27.628144228821352],[84.59419020733523,27.62796583732237],[84.59430614397718,27.62774291455392],[84.59431061843975,27.6275912599374],[84.59429727495213,27.62736384603995],[84.5942036307488,27.627056190452784],[84.59385134501305,27.626128661352602],[84.59278560568947,27.62500057925588],[84.5927454942598,27.624955996367493],[84.59276778726897,27.62486680037144],[84.59296394939894,27.624750803698667],[84.59286143379434,27.62434952224623],[84.59295060560098,27.624180093297454],[84.59305759560709,27.624064109601008],[84.59340093710722,27.62389465492594],[84.59385134501305,27.623667236499678],[84.59410998639403,27.623573660373154],[84.59449790634888,27.623328367775986],[84.59462718578939,27.623292690339788],[84.59494830572176,27.62308755506941],[84.59520686230282,27.622971657827556],[84.59566173051883,27.622690758977846],[84.5957866129116,27.622655087826185],[84.59611212083809,27.622463329803487],[84.59643315263621,27.622333968816022],[84.597940332381,27.62144662187862],[84.59828364492596,27.621143435289927],[84.59830601569834,27.621031923474778],[84.59824353730524,27.620893729159743],[84.59767275970707,27.62020253764349],[84.59756577822913,27.620033157211587],[84.59754796127969,27.619841354300636],[84.59763265166306,27.619725389597203],[84.59776200400003,27.619685336840462],[84.59791356717966,27.61967194358672],[84.59874743720637,27.619698708663943],[84.59883212583479,27.619694231953794],[84.59906845438968,27.61968082676002],[84.59915322244284,27.61958271636462],[84.59906845438968,27.619471237911196],[84.5984932906823,27.61914130022463],[84.5981142659402,27.61873551767972],[84.59781992882561,27.61823608335969],[84.5977396330174,27.617625170200732],[84.59780658614679,27.617357659350198],[84.5978511682592,27.617090082482093],[84.59802502219031,27.616902864996955],[84.59808750081928,27.616844860062873],[84.59843081249134,27.616617449050416],[84.5988633647221,27.616394484265502],[84.59916656481124,27.616184883148023],[84.59957234710926,27.615863845199343],[84.60021892444372,27.615618566934547],[84.60079862485586,27.61550708550505],[84.60150318952073,27.61530645201072],[84.60186877043644,27.615137023094416],[84.60206498161881,27.614891750000655],[84.60219879790272,27.61448596575617],[84.60219879790272,27.614258606587224],[84.60211403431046,27.61403117117504],[84.60207392934417,27.613763603002067],[84.60207392934417,27.613741286563354],[84.60201145501861,27.613513912169033],[84.6019936394377,27.61339797850594],[84.60199811330607,27.612688933127007],[84.60208727103922,27.61255965418554],[84.60219432404988,27.61247936263673],[84.60322433965054,27.61218511634009],[84.60393334849896,27.61184618325579],[84.60431680881922,27.61173474580305],[84.6046423486589,27.611583122018114],[84.60569468859516,27.610941041532595],[84.60595335693975,27.61071808418083],[84.60617184211725,27.610432687230254],[84.60656423463102,27.60934463855511],[84.6066980405087,27.609135046784505],[84.60682729269843,27.60892992000558],[84.60695662448299,27.60858214461216],[84.60705024805272,27.60789992166246],[84.60720634025438,27.60732465206725],[84.6074203472505,27.606753946347933],[84.6077458696252,27.606299058798196],[84.60785291216533,27.606013705483328],[84.60798224165664,27.605790722500444],[84.60830776086895,27.605331456298483],[84.60845937630859,27.604992569751563],[84.60858862456237,27.604537745569967],[84.60857081100686,27.603962507882965],[84.6078573855806,27.60262033975424],[84.60779052396268,27.602602482986075],[84.60768795473547,27.602334977860792],[84.60747834229113,27.601817647419352],[84.6073980598847,27.60113097963377],[84.60746500183929,27.600787643993623],[84.60746500183929,27.60044430208885],[84.60755415114775,27.60015887103167],[84.60755862458613,27.599472179092643],[84.60747386884654,27.599182327749226],[84.6073935864339,27.598553589172223],[84.6073935864339,27.598437712231515],[84.60747834229113,27.598366364337924],[84.60801347560408,27.598540206570167],[84.60852176378977,27.598776569280545],[84.60928878081775,27.59901295555482],[84.60960981939694,27.599035213144294],[84.60999324208773,27.598981683061268],[84.61044368062211,27.598812281618958],[84.61080928491808,27.598589331542993],[84.61091632178818,27.59847331464728],[84.611388959091,27.598134434206198],[84.61173235159183,27.597911512914816],[84.6119463418397,27.59781784814814],[84.6123967651598,27.597630582833574],[84.6126509304855,27.597577038770062],[84.61303441288639,27.597541445453125],[84.61386822472532,27.59755033336387],[84.61427398377607,27.597514616788608],[84.6144032989066,27.597514622516865],[84.61448804448993,27.597519152351058],[84.61465753528392,27.597577045075848],[84.61506328879447,27.59746562099706],[84.61536201101543,27.597389781067534],[84.61551368783027,27.597336282706518],[84.61626280092226,27.597077624518047],[84.61639211160357,27.597037543644614],[84.61660616447358,27.597001812449616],[84.6184878787205,27.5965826919463],[84.6186349948836,27.596564901962374],[84.61874201726422,27.596546989721354],[84.61925484339882,27.59649352552873],[84.61985232283438,27.59632852383171],[84.61991925036926,27.59627058252222],[84.61994153290841,27.596176900967933],[84.61991925036926,27.595927227596857],[84.61983451274938,27.595699779390053],[84.61954020628998,27.595218182922],[84.61951792359605,27.5951602738452],[84.61943765790693,27.594723287306458],[84.61941984769413,27.594339780888713],[84.61933510934188,27.59403207094595],[84.61901851745242,27.593479168791006],[84.6188936852089,27.59301992148602],[84.6188980779028,27.59271217406891],[84.61898728945006,27.59218156581037],[84.61913887688418,27.59180255089191],[84.6194599406318,27.591347683716002],[84.6196962647729,27.591196119705735],[84.62023136486623,27.591066818301037],[84.62067725120367,27.591035575693994],[84.62117225049043,27.591022210616448],[84.62176531762353,27.591160389329428],[84.62210864848043,27.591182763348495],[84.62279091167555,27.59122733891107],[84.62347316681308,27.59136556393097],[84.62407068248606,27.59156175731899],[84.62443188817451,27.591584012683462],[84.62493571961923,27.59161079370083],[84.62499816917675,27.591552853396376],[84.62528797576645,27.591289782216094],[84.62546637898971,27.59106231535163],[84.62580082365484,27.590455902563182],[84.62612632238134,27.589465953545737],[84.62617982665789,27.589006711233708],[84.62617535466056,27.588315511608076],[84.62608168220821,27.587856208544956],[84.62603712185786,27.587107120909508],[84.6259390570231,27.58674147964243],[84.62577846351796,27.586375833957057],[84.62563136554459,27.585394846231686],[84.62545296283096,27.58479727085802],[84.62545743488423,27.584605577062025],[84.62525675115282,27.584088296301513],[84.62526122322129,27.583397157106486],[84.62526122322129,27.583334748743553],[84.6252656952894,27.582973506064363],[84.6253370087574,27.58267028809891],[84.62551541182921,27.582286832005053],[84.62552882797347,27.581885487324932],[84.62568487027967,27.581658125783417],[84.6258453841875,27.58112746212208],[84.62597914543659,27.580900042496733],[84.62609509822094,27.580592383137922],[84.62649198718756,27.57998593088055],[84.6267104745975,27.579780796797913],[84.62712516717787,27.57954002120905],[84.62746846617709,27.579473093195134],[84.62763791889685,27.579513292982856],[84.62789209704412,27.57963363599274],[84.62806154852076,27.579651514136042],[84.62875715679418,27.580124151705977],[84.62923875141388,27.5804050497937],[84.62966236929327,27.580583443449914],[84.62980953685077,27.580681529847205],[84.63031787290763,27.5808643503418],[84.63083514776264,27.580837606964725],[84.6314816948889,27.58065924256757],[84.63185179733955,27.58037834102981],[84.63200343086224,27.58013312027193],[84.63210148539788,27.579789762631542],[84.63208367908987,27.579615863598544],[84.63215498413781,27.579330401523194],[84.63216392720592,27.578982624071003],[84.63208367908987,27.578639264007585],[84.63209701385917,27.57812201229663],[84.63206140123486,27.577890193140814],[84.63193651732945,27.57764046725519],[84.63177154878957,27.57742642752566],[84.63171357812587,27.57725249553633],[84.63150397296761,27.57695816234237],[84.6314460020352,27.57678431917413],[84.63140591741704,27.57661036200038],[84.63142372393412,27.575923722775645],[84.6314727517151,27.575754272540806],[84.63151291613657,27.575005098596947],[84.63145494521315,27.5747732172494],[84.63114281151331,27.57432733525958],[84.63098223248024,27.57386354577707],[84.63087970441046,27.57368967810428],[84.63086189772558,27.573515773719432],[84.63074595451303,27.573109954803574],[84.63075042615641,27.57288262205915],[84.63079945450919,27.57274879521733],[84.6309956473544,27.572463406992735],[84.63121411772343,27.572298433769067],[84.63134347478909,27.57222261582541],[84.63160210820122,27.572151246439688],[84.63199001622228,27.57210227174087],[84.63232889462446,27.57212899732976],[84.63254743979611,27.572075456158547],[84.63260988112177,27.57209331009906],[84.63340356676632,27.571955059006367],[84.63359527933837,27.5719595015259],[84.63398325381141,27.571888201376314],[84.63430431488852,27.571799053100374],[84.63465212238617,27.571651825451763],[84.63516935840188,27.571375405681913],[84.6356687845799,27.571174728589853],[84.63614145893196,27.571067754569142],[84.63639559963939,27.571072187084905],[84.63692623352456,27.571232721178415],[84.63739003516136,27.571455681854037],[84.63821048146553,27.57200863685942],[84.63919594373196,27.572851342365933],[84.63950803387871,27.573239263164304],[84.63965525617077,27.573377524589414],[84.64019480190166,27.573850184265282],[84.64034194260361,27.573983977170567],[84.64055151566299,27.574140084387388],[84.6408502657327,27.57428274834176],[84.64118917194233,27.574363026894456],[84.64151019292557,27.57434957800416],[84.6416395269128,27.57435410913508],[84.64189372323766,27.57431844411057],[84.64228164191464,27.574233726409215],[84.64269183174231,27.57408655894818],[84.64297276777874,27.57401522306787],[84.64342318865626,27.573850225317614],[84.64386011430291,27.573533629992355],[84.64434621314675,27.572891500762786],[84.64456918337571,27.572570421087498],[84.64500618017101,27.572173550379016],[84.64539854842154,27.571816837745654],[84.6457196258053,27.571879276368083],[84.64592917932453,27.57192385389508],[84.6471242185528,27.571963997117667],[84.64750771152976,27.57208883398763],[84.64778415378174,27.57226723613116],[84.64849317460103,27.57287362191879],[84.64872506929498,27.573029773096398],[84.64893461189085,27.57318577912164],[84.64912635267694,27.573306188460464],[84.64925566958306,27.57339089362388],[84.64965255891798,27.57360499299779],[84.65018315066894,27.573671811603123],[84.65052647214053,27.57368071685197],[84.65078509938061,27.573627257774096],[84.65146734289276,27.573600518488167],[84.65198019759264,27.573685221180277],[84.65233691827176,27.573863572478945],[84.65259553738792,27.573926007529526],[84.65284968541341,27.574046397875595],[84.65361220258418,27.57415791551022],[84.654463866382,27.574327318305922],[84.65471808598525,27.574447708067343],[84.6549901037095,27.57470191117564],[84.65515955541613,27.57480002718582],[84.65565896812191,27.575401989173653],[84.65596218941873,27.575986149481817],[84.656104820206,27.576329493107217],[84.65633229442987,27.576721897605054],[84.65716611945737,27.577520083392702],[84.65756295431484,27.577836659910236],[84.65779481251484,27.57797038193311],[84.65794198811355,27.578184427841446],[84.65806242599999,27.57849655713154],[84.65805795647391,27.578630317513582],[84.6580981023832,27.578688287890767],[84.6580936328599,27.57889794276291],[84.65804901742071,27.579031680304286],[84.65808916333624,27.579147598275092],[84.65795092718335,27.57954890937909],[84.65770566095249,27.579963612450225],[84.6574381256238,27.580342637392505],[84.65737124159749,27.58045409004996],[84.65706355811344,27.58087326909648],[84.65704128990646,27.580966969067116],[84.65696993580892,27.581176464778792],[84.6570323506955,27.58131475448257],[84.65726421103106,27.581488654800633],[84.65758083257069,27.581649200323938],[84.658173844788,27.58175615443708],[84.65875352229726,27.5817472363085],[84.65907460509858,27.58169821570019],[84.65972115491847,27.58147971394645],[84.66065309650516,27.58101599068272],[84.66149140805626,27.58078411907647],[84.66183482176483,27.58069496475691],[84.66196411015073,27.58067706480014],[84.66211574430757,27.580641449765444],[84.66217815361824,27.580605717043284],[84.66276225998739,27.580324802657575],[84.66295850371324,27.58029357542816],[84.66410889827579,27.58035606689334],[84.664559313583,27.580231184003217],[84.66486248802556,27.58006619162147],[84.66518800574053,27.57997250276181],[84.6653797722409,27.579959136465114],[84.66627156186821,27.580075094351375],[84.66653019822641,27.58013304024656],[84.66666849358694,27.580137534858768],[84.66691372164648,27.580142018557236],[84.66742651863149,27.58007514189885],[84.66781442504944,27.579985889956486],[84.66902289518526,27.57953108453578],[84.66947319224737,27.579441894847104],[84.6702401973132,27.579455278200093],[84.67049434727797,27.579517688167474],[84.67068609610035,27.57958011972809],[84.67094024409586,27.57975851483401],[84.67102498644326,27.579776312720156],[84.67121226499248,27.579972505376574],[84.6715065472249,27.580168775322964],[84.6717161665415,27.5802668905453],[84.6721620538918,27.58039172693967],[84.67312523218497,27.58046305063331],[84.67350871165685,27.58041397148052],[84.67357110861585,27.58043627020672],[84.67395905340787,27.5803470914046],[84.6742845994664,27.58021775516214],[84.67454319981422,27.58007067797559],[84.67525221041758,27.579870021965792],[84.67551088620452,27.579745178311335],[84.67570708646521,27.579687143810673],[84.67615741100704,27.57948649973935],[84.6762644064509,27.579450857570574],[84.67637594958764,27.579375030403778],[84.67654980644883,27.57924569067124],[84.6769244067571,27.57879088654602],[84.67705812930073,27.578563488753865],[84.67715626676922,27.577992749138406],[84.67712507024251,27.576614876483614],[84.67715626676922,27.576097557028916],[84.67722759584854,27.57575428101132],[84.67752192709817,27.575210230230194],[84.67791431323101,27.574737608121985],[84.67845828778894,27.57430506516963],[84.67917626569135,27.573917117249223],[84.67968903317674,27.573774377872642],[84.67988521918485,27.57368079508907],[84.68027320117403,27.573591593162334],[84.68117840252083,27.57326159240477],[84.68130764745214,27.573190273366805],[84.68188733132966,27.57304758034657],[84.68201665444715,27.573047519219575],[84.68245815387924,27.573190283649197],[84.68271679725534,27.573176855488107],[84.6831448087995,27.573185788371475],[84.68317161426268,27.57318136505935],[84.68337672350918,27.573190268440236],[84.68408570498787,27.573069825605366],[84.68460297593154,27.572922683984288],[84.68486160965784,27.572815671930137],[84.6852941524194,27.572534745945564],[84.68542346787304,27.57249905314122],[84.68661401794796,27.571946131191694],[84.68680579280469,27.571892639759152],[84.68706441661891,27.571763387835425],[84.68732303926927,27.571691997791543],[84.68777781983017,27.571451198931012],[84.6882950575461,27.571228228439598],[84.68932959878069,27.570942834391268],[84.68958821123674,27.570831345654458],[84.68997620750709,27.57072434370433],[84.6912068658418,27.57000199006494],[84.69185345344131,27.56978348753287],[84.69204967769831,27.569672025651705],[84.69282555460842,27.56934209349631],[84.69328037138145,27.569212713418526],[84.69386001426615,27.568994237931328],[84.6945289054732,27.568780231278296],[84.69459135938219,27.568762340433146],[84.6949168683755,27.56863302817493],[84.69530482865717,27.56853047182032],[84.69543412158164,27.568454672938373],[84.69653106581788,27.568151500363363],[84.69704383798812,27.56804886963045],[84.69736933308116,27.567901779869782],[84.6978197271935,27.567776946758368],[84.69814521788847,27.567616370702012],[84.698921171968,27.567344353465966],[84.69924665641912,27.567197257751708],[84.70002698212416,27.56672010413546],[84.70035254006058,27.56657291841462],[84.70086974430389,27.566238533167883],[84.70148065341367,27.56583269959575],[84.70193548139176,27.565440302128394],[84.70198006279342,27.565364576296876],[84.70265340522718,27.56498102320821],[84.70413827163414,27.564530722352075],[84.7051683008689,27.56430323799799],[84.70594870556812,27.56395990098003],[84.70620732293244,27.563808277487986],[84.70640349813907,27.563759296484022],[84.7068539011165,27.563558612545712],[84.70730422081387,27.563451599203447],[84.70747814359008,27.56349616085937],[84.70764313449389,27.563594230745768],[84.70798204617199,27.56377267062186],[84.70810684490914,27.563835100206003],[84.70812917308908,27.56384845055877],[84.70832095584812,27.56395102025746],[84.70833427296394,27.563959920413872],[84.70909677236736,27.564481644965642],[84.7094178930637,27.56461984552136],[84.70975232874918,27.564838384890436],[84.71034089573438,27.565270892823616],[84.71118813133316,27.565649907919198],[84.71211118525743,27.566296479205274],[84.71293606840717,27.56659971265923],[84.71319026876891,27.56666213850371],[84.71357372006868,27.566671068624657],[84.71400628577908,27.566564076333105],[84.71433176440758,27.56638122165107],[84.71484461674369,27.565868371204765],[84.71503183221861,27.565685624749687],[84.71541088586983,27.565217342951804],[84.71557138890094,27.565355596902343],[84.71626705630842,27.565788126763533],[84.71653902209682,27.566024462096617],[84.71704292480948,27.566376754616165],[84.7172926420442,27.566613047837983],[84.71797935883123,27.567388941288012],[84.71820674773898,27.567772443072162],[84.71901830829918,27.568726659904012],[84.71943743867226,27.569038846144117],[84.71987888958627,27.569449033873997],[84.71995917476727,27.56958281075803],[84.72035605457613,27.569993092300844],[84.7207082850979,27.570421146466202],[84.72114079698092,27.5711167425482],[84.72163580980154,27.571888196362416],[84.72172055709851,27.572004102066302],[84.72209063742912,27.572548108929066],[84.7221530613424,27.572681920357436],[84.72264798569643,27.573422108729616],[84.72271040900259,27.57351573586967],[84.72293785886477,27.573747687042207],[84.72367361671135,27.574371891570777],[84.72450742166596,27.57524590632447],[84.72555534079336,27.57603069223672],[84.7264382246868,27.576753051157116],[84.72721411493795,27.57730597613743],[84.72765558566184,27.577542360858313],[84.72798999468036,27.577836661181493],[84.72912705045458,27.578679439133364],[84.72937679474896,27.57883551604746],[84.72988512823939,27.579076299408246],[84.73065212375258,27.579205608310897],[84.73094642028104,27.579383906357258],[84.73142795692401,27.57975850501797],[84.73155732785646,27.579874483258937],[84.73165983597863,27.58003052037238],[84.73203439558958,27.580378298028215],[84.7322618084334,27.58066818030464],[84.73234654001214,27.580824258213557],[84.73272109513132,27.58127016729015],[84.73286377455997,27.58150201525382],[84.73313582099932,27.58181412118798],[84.73376455977281,27.58320097400204],[84.73383589823149,27.583334755219358],[84.73452257616793,27.58466351487431],[84.73468310537649,27.58519864558128],[84.73488826965807,27.585657868002706],[84.73496407026144,27.585961114114077],[84.73516915383028,27.586500694327945],[84.73539655422353,27.58692878795999],[84.73541440826455,27.586964376282637],[84.73563288069924,27.58772688492597],[84.73563288069924,27.587802693335135],[84.73562841720656,27.58787851149109],[84.73555708098144,27.588257533743604],[84.735289589272,27.58878816337727],[84.73524495406173,27.588939787560772],[84.73527619871257,27.58939465547468],[84.73543672580796,27.589934148490492],[84.73572207077497,27.590567383034184],[84.73590937745212,27.59075911892964],[84.73614570181077,27.590843863725436],[84.73629283614633,27.590941932460474],[84.73630176302775,27.591436935968776],[84.73592723133318,27.592092354075167],[84.7358112607117,27.592471376239697],[84.73567751560705,27.592774633068682],[84.73565073466654,27.59307782774218],[84.73570868031669,27.593305295302912],[84.7356998330479,27.593612917582437],[84.73563288069924,27.593840392655906],[84.73543226229998,27.594214958810056],[84.73538316368912,27.594593916093398],[84.7352672716712,27.5948971297184],[84.73521825262468,27.59520037237289],[84.7352360270155,27.59550801628715],[84.73518254441474,27.595887072794255],[84.73526280815,27.596172436230066],[84.7353029001226,27.596248240022334],[84.73549020817124,27.59642220374707],[84.73578894331429,27.596618328771015],[84.73610561042842,27.59677888071889],[84.73699741786356,27.59706431031842],[84.73748344666762,27.597358587356783],[84.73758602388222,27.597496843289335],[84.73781341467452,27.597880268395077],[84.7379115279831,27.598147820898944],[84.73811660099233,27.598589329765595],[84.7382548833879,27.599124384279552],[84.73841986540545,27.599512321096125],[84.73855806736715,27.600007280598444],[84.73859823673286,27.60012326395117],[84.73880330728159,27.600582535775203],[84.7392760108271,27.60142978060417],[84.73936519522616,27.601652704855],[84.739396357928,27.60173745396163],[84.73979326246709,27.602317097523795],[84.73989583554192,27.602490973598776],[84.74033282506635,27.602936952165102],[84.7404754855236,27.60335608978161],[84.74034175131769,27.6035478178963],[84.74012321715718,27.603712769029535],[84.73952124766512,27.603966972335055],[84.7394142107214,27.60400265713579],[84.73926262120023,27.604038353809067],[84.73900399356658,27.60406955683807],[84.73887463946112,27.60410520091601],[84.7386829589336,27.604158755655362],[84.73848673479307,27.604328118153244],[84.73835745921996,27.604515457912004],[84.73836630607796,27.605046048442777],[84.7384822715229,27.60542953144442],[84.73860716325476,27.60583085073274],[84.73858038368492,27.606058313770262],[84.73846888171032,27.6062856976203],[84.73813891748223,27.606624636970675],[84.73812106429101,27.606646907477426],[84.73794269147646,27.60688318921139],[84.73783126796171,27.607150751414306],[84.73778217140853,27.607338084147948],[84.73767074758129,27.607507524168156],[84.73760379753786,27.607734893878543],[84.73759941390134,27.608038108932664],[84.73760379753786,27.608403795352594],[84.73760379753786,27.608649052685116],[84.73760379753786,27.60876494045923],[84.73752800042989,27.609295620557674],[84.73760379753786,27.60967909431675],[84.73763057756463,27.610437122279208],[84.73773315451555,27.610744825253676],[84.73770637453677,27.61095442571266],[84.73761718755281,27.61112381031699],[84.73744327651951,27.611311149290916],[84.73718464066461,27.61144046449938],[84.73714901338438,27.611449383982517],[84.73656040287186,27.61163665669792],[84.73638648862774,27.611730249140695],[84.73614570181077,27.61199335385884],[84.73610114697259,27.612140497882034],[84.73609222005987,27.612372377336712],[84.73619472006317,27.612755873638037],[84.7363553242871,27.61310371313754],[84.73639541549457,27.61325530903862],[84.73639095206131,27.613411379290667],[84.73630176302775,27.61371012606106],[84.7363106899078,27.61424515693554],[84.73641326922404,27.61445473722921],[84.7366183476012,27.614865055399225],[84.73686805922314,27.615154838792222],[84.73709553257088,27.61556064572337],[84.73715347675852,27.615712200903022],[84.73710884300156,27.615939689903588],[84.73701965508654,27.616091302658948],[84.73667190856432,27.616354371898044],[84.73651584835646,27.616559430869437],[84.73625274486703,27.61680472058758],[84.73590937745212,27.6168938605193],[84.73581572419013,27.61690281517803],[84.7355660079776,27.616925147441297],[84.7348035418407,27.6167066629222],[84.7343799008729,27.61654608606843],[84.73429070870617,27.616541638375303],[84.73414356922486,27.61655945907768],[84.73399196574512,27.616630855813398],[84.73377348704848,27.616876043815505],[84.73372438701506,27.617027653008346],[84.7336308098867,27.61741112772483],[84.73366197571049,27.61802207078396],[84.7335861733832,27.618476923557413],[84.73338554781182,27.618931691260894],[84.73329189042123,27.619239362852884],[84.7330912638187,27.61961395790825],[84.73304662689458,27.619765554859768],[84.73301538102696,27.620224857475048],[84.73317591446138,27.620764359449662],[84.73346135040474,27.621303947135022],[84.73358170973094,27.621611594564143],[84.7338091164295,27.621959451172476],[84.73399642936539,27.622173483223758],[84.73414356922486,27.622423221538348],[84.7341837416885,27.622574813766903],[84.73417481447679,27.62280667975069],[84.73415249644144,27.623034110353295],[84.73403652222481,27.623435383137053],[84.7338314345987,27.623961567748754],[84.73330528144476,27.62456352692992],[84.7332695720417,27.624585832207675],[84.73266761018125,27.625000565290897],[84.73219046801356,27.625294860962324],[84.73206117822167,27.62529040997584],[84.73180251805164,27.625366225057007],[84.73148152274295,27.625499937591936],[84.73051828688413,27.6257942895361],[84.73006799008517,27.625981572467865],[84.7295551942516,27.626093013437938],[84.72897551340807,27.626257980466757],[84.72859200570903,27.62629370451574],[84.7283333298704,27.626271400907086],[84.72814161404982,27.626159952204414],[84.7275663830217,27.625999415189142],[84.72699114621716,27.6260707166523],[84.72660324075412,27.626048419835605],[84.72621971717255,27.62596817168967],[84.72589869057524,27.62596813834102],[84.7252119889538,27.62611528230116],[84.7251495683728,27.62615103399803],[84.72502026268724,27.626284769263453],[84.72493105594369,27.626476534612195],[84.72490881402621,27.626819834880266],[84.72501579836735,27.627105278247456],[84.7250558975138,27.6273326570536],[84.72522538186654,27.627738398186455],[84.7252833380659,27.628023855165463],[84.72551524199646,27.628652551644045],[84.72553748367852,27.62882649208096],[84.72547506345214,27.629660325344663],[84.72546613488291,27.629780680675598],[84.72544389317314,27.629856520518675],[84.72544389317314,27.630030419653934],[84.72535468708917,27.63037376241821],[84.72524323907865,27.630712689910016],[84.7249399845963,27.6313414307996],[84.72478835675322,27.631550997334923],[84.72452974345993,27.63181408336037],[84.7237137167971,27.632304543875758],[84.72210849561814,27.632866363446166],[84.72178298141489,27.633031384258835],[84.7217472648284,27.633058148088054],[84.7215911639503,27.633165147183757],[84.72127011142071,27.633468344885223],[84.72085992373702,27.633999004663035],[84.72073060837175,27.63422645975721],[84.72043187441177,27.635051378284654],[84.72042294505675,27.63508255070919],[84.72031140772799,27.63542592330733],[84.72026684057168,27.635711315000158],[84.7201375238683,27.636054635884673],[84.71978975456639,27.636567479424286],[84.71953111871515,27.637196181628855],[84.71949093597509,27.63774462612415],[84.71948208620115,27.637882920558113],[84.71952218921979,27.638168310268316],[84.71953111871515,27.638190608895453],[84.71981646319601,27.638970919158865],[84.71998149833288,27.6392607844116],[84.7200661683491,27.639492609368773],[84.72061915136781,27.640237285024455],[84.72127457603241,27.640932912233723],[84.72165805298945,27.641414507097707],[84.72180522454568,27.641641918010627],[84.72197025395609,27.642047732393568],[84.72222441426344,27.642355346956734],[84.72256778400528,27.642622875768588],[84.72295125230904,27.64287264467371],[84.72316084335976,27.643122328390493],[84.72330793133433,27.64358164104631],[84.72334811139832,27.643982979129454],[84.72342839171955,27.64427283082578],[84.72340606949653,27.644593867921817],[84.72338374726482,27.64490151495149],[84.72341946283139,27.645360791140423],[84.72346402753612,27.645476739602174],[84.72393223386871,27.64597617514165],[84.72410164182394,27.646051962544874],[84.7246769076411,27.646497883795423],[84.72516742560853,27.6466895795925],[84.72559105500632,27.646752071800808],[84.72653635748749,27.646529076671044],[84.7266745881336,27.646520217367488],[84.72667905232423,27.64651574505752],[84.72730778226827,27.646462205229856],[84.7275663830217,27.646368558660527],[84.72810598114259,27.646248167967368],[84.72867674271741,27.646127796324045],[84.72908695415778,27.64613219422742],[84.72936340280678,27.64613223306662],[84.72961761003218,27.6461901633425],[84.73013486922821,27.64621691595157],[84.73091070940697,27.64606976459617],[84.73141902928263,27.645976203201485],[84.7320166202048,27.646020721986453],[84.73218600425248,27.646118815105904],[84.73219046801356,27.64612326892659],[84.73227073594339,27.646230302987828],[84.73237778624471,27.64648001314267],[84.7323956412271,27.646711882105784],[84.73237332249825,27.646881350769775],[84.7321101999712,27.64751005673376],[84.73187385895481,27.64777317268154],[84.73131652072942,27.64819238054787],[84.73088400594862,27.648415297823878],[84.73056292577913,27.64852675399815],[84.72979146512367,27.64903959372406],[84.72972458557963,27.6491153405805],[84.72961761003218,27.649360592777043],[84.72961314607056,27.649650435076314],[84.72969788156824,27.649935804295204],[84.72995200759597,27.650261336888487],[84.73007683822419,27.650377289871084],[84.73054507022532,27.650649259384718],[84.7312496429663,27.65114869827138],[84.73216376515198,27.652053911677566],[84.7323554675089,27.652209975462522],[84.7325249302638,27.652285753951283],[84.73286377455997,27.652517641861284],[84.7331001114906,27.65273171948645],[84.73337215680706,27.653092912167],[84.73341671376912,27.65323107988226],[84.73355054386346,27.653471887962382],[84.73366643935651,27.65369041509602],[84.73371107579744,27.65397577531171],[84.73379134159565,27.654207679606778],[84.7338091164295,27.654551021944396],[84.73369768486883,27.6551618877756],[84.73369768486882,27.655549809286583],[84.73369768486883,27.655581050054664],[84.73376009613445,27.65567472741049],[84.73405884030537,27.655754956152133],[84.73433088106657,27.655728221661956],[84.73483024347118,27.655683589340985],[84.73542779879163,27.65572818555914],[84.73577116909512,27.655786179757033],[84.73717133025154,27.656535345422007],[84.73736747919897,27.65664229766982],[84.73788028477068,27.65670027649685],[84.73814338077916,27.656628923465412],[84.73822364036289,27.656611075722576],[84.73880330728159,27.65623206932532],[84.73923584193709,27.656044842768697],[84.7395123212858,27.655875361181124],[84.73985566708697,27.655759466393548],[84.74028373065913,27.655781737988],[84.74079658979912,27.655924415557834],[84.74130936464536,27.656138495951765],[84.74156351883033,27.656196402662445],[84.74183106091546,27.656223217497754],[84.74199156962679,27.65623652062174],[84.74231712836601,27.65616966451052],[84.74267830911305,27.656089427271354],[84.74302163591767,27.65596004538606],[84.74353447051773,27.655888755718735],[84.74379307767505,27.65581293659509],[84.74464475960767,27.65582184972795],[84.7449880746113,27.65578618531115],[84.74532700450995,27.655835240824498],[84.74541617947759,27.65584414676526],[84.74567031541898,27.655848578491927],[84.7458442811399,27.65580847263248],[84.7465265117355,27.655799542115957],[84.74721319678312,27.655728204891755],[84.74766359777051,27.655616782133183],[84.74802920728717,27.655429495050203],[84.7481585406956,27.655313523470674],[84.74837258166426,27.654952339239333],[84.74839935665088,27.654421711225325],[84.74855092196378,27.653735036879972],[84.74851522207345,27.65327568569183],[84.74846621437523,27.653164220247977],[84.7483458066651,27.652892241507917],[84.74817639075488,27.65267821608549],[84.74806044495789,27.652593498757255],[84.74796234905193,27.652526594192015],[84.74764128499548,27.652388333562687],[84.74711063682683,27.65204050755806],[84.74698576365586,27.65190680381453],[84.74673163355907,27.651429641676906],[84.74656213317724,27.651255778273597],[84.74609395250283,27.65086781938625],[84.74541171674792,27.650426331317366],[84.74521997842689,27.65025242842596],[84.74501038842136,27.649962611597505],[84.74492567558906,27.649543442200994],[84.7450594787729,27.648932583180343],[84.74521105293661,27.648629282771342],[84.74547411523997,27.647773188550897],[84.74554105607528,27.647626022976464],[84.74559006628006,27.647527899655827],[84.74569262896291,27.647313882329847],[84.74588436569962,27.647166702468812],[84.74618312627481,27.64705525633171],[84.7465265117355,27.647095371339976],[84.7469546050876,27.64725142799223],[84.74718642124118,27.64738524820227],[84.74748517501523,27.64763496335414],[84.74797573664284,27.647773203603972],[84.74799350707116,27.647782087383796],[84.74818977829568,27.64788912239933],[84.7482744862937,27.648040769589624],[84.7483368816626,27.648388579767342],[84.74850637678468,27.648580296046532],[84.74899238751573,27.64887010960799],[84.74967466024445,27.649159926112997],[84.74986192124915,27.64915994769264],[84.75000017525697,27.64917775603697],[84.75005810637585,27.649182265031396],[84.75093654850158,27.6488612418358],[84.75124420723424,27.6488121603448],[84.75195768863593,27.649084131520233],[84.75234119913868,27.649293742823275],[84.75278263542711,27.649440912588144],[84.75303681831389,27.649423014798067],[84.7538439012486,27.649356181567995],[84.75453504012062,27.649588020237783],[84.7546018906704,27.649708461120394],[84.75459304632325,27.6499849353766],[84.75429425000722,27.65074739780451],[84.7542897879704,27.65076079747523],[84.75428086389572,27.651001561642936],[84.75445480342185,27.651300285777886],[84.7546911308534,27.651523258450172],[84.75475798122065,27.6515500609715],[84.75548034265717,27.651844307042953],[84.75560519727684,27.651924624258086],[84.75580144237216,27.652160899957984],[84.7555651195314,27.65284314588856],[84.75546695682343,27.653124100553992],[84.75544472677119,27.65380192443115],[84.7556185830782,27.654047172380555],[84.7560377642358,27.654292393546445],[84.75682703712064,27.65434145313685],[84.75733536579405,27.654261191628187],[84.7580978503261,27.653949059474424],[84.75874886224422,27.653904433798203],[84.75877563237115,27.653891072081727],[84.75932856016438,27.65370376248757],[84.76010002093842,27.653699287834616],[84.76071093590816,27.65352986862164],[84.76172313784278,27.653619081322102],[84.7621511970666,27.653761789512],[84.76242318389626,27.653962437778016],[84.76247225929643,27.654038196933055],[84.76277993560112,27.654488607696212],[84.76324813895745,27.654675849801023],[84.76410431100732,27.654662494977472],[84.76434952103443,27.654742786084356],[84.76505407576101,27.65548298175202],[84.7655133381552,27.65563453141592],[84.76617326745163,27.655612255536354],[84.7667574307566,27.65545171199501],[84.76707400605525,27.65541605554727],[84.76720783705782,27.655460638090293],[84.7677607628928,27.655639004836683],[84.76798365238656,27.65579958903831],[84.7684206662167,27.656111678498014],[84.76865255462496,27.656147364914542],[84.76897804119704,27.65619192982058],[84.76939274313298,27.656330185548782],[84.76971830514297,27.65651301921071],[84.76978513792685,27.65658435583123],[84.7700705504726,27.656914299349957],[84.77012854090194,27.6573156623632],[84.77017753002369,27.657627780886386],[84.77059230290313,27.65838140640499],[84.77120318529934,27.658898634572402],[84.77149297179366,27.65931335666787],[84.77158218559141,27.659683398488294],[84.7714484444978,27.66011155024764],[84.77143506240569,27.660530661913022],[84.7715331180199,27.66076250170992],[84.77169808366507,27.66092304024168],[84.77204593578305,27.660985488904178],[84.77217075419661,27.661074714613836],[84.7723625614118,27.661217338858737],[84.77253644588417,27.66138678076265],[84.7727103298268,27.661716801687934],[84.77274155400593,27.66193978801454],[84.77245615481479,27.662577436216218],[84.77238478488053,27.662733455144643],[84.77228227009783,27.66366985847373],[84.77236256141181,27.664418996629244],[84.77275047519682,27.665395532752854],[84.77301357004791,27.66627400383063],[84.77292881906874,27.666666407204783],[84.7729243584874,27.666675343704604],[84.7726835662311,27.666942894723913],[84.77214853064454,27.667308535512543],[84.77204593578305,27.667549329957087],[84.77216629355604,27.66783912550399],[84.77226888820118,27.6679238530494],[84.77287083148416,27.66807101528123],[84.77351299290503,27.668120076741577],[84.77390981988079,27.668075469552456],[84.77428888185197,27.66789264716967],[84.77502461650825,27.66765629407496],[84.77525201769025,27.667678591500742],[84.77607694670097,27.66775441838554],[84.77651397821877,27.667950615081054],[84.77750829807219,27.668128932672307],[84.77777591083743,27.668244940815665],[84.77835111474073,27.668891452797197],[84.77839125614254,27.668985164412355],[84.77878812883915,27.669921571598373],[84.78073223153875,27.67057702342819],[84.7809641495675,27.670688470736593],[84.78103996871852,27.670728628379823],[84.78165527881495,27.67118347718223],[84.78206550840498,27.671401944744495],[84.78267196743903,27.67209753749458],[84.78317584517464,27.673042939379947],[84.7834434313514,27.67367162005774],[84.78360390281645,27.67443417581732],[84.78383134943948,27.6750049352654],[84.7840899334863,27.675985916631205],[84.78412561114385,27.676262338969675],[84.78426386185605,27.677403915543497],[84.78454036227488,27.678126275670774],[84.78495057111168,27.67856777430761],[84.78502192532751,27.678648014600583],[84.78507990056212,27.67881298956327],[84.78526274514671,27.679365905970062],[84.78560605497569,27.679927790313158],[84.78597619974525,27.680253267559095],[84.78602963481792,27.68025777254554],[84.78622585498306,27.680262192964136],[84.7866896454162,27.68048515101654],[84.78687686469557,27.680636767530046],[84.78758145985827,27.68178270580752],[84.78773753988702,27.68202802694684],[84.78788462103323,27.68223311429741],[84.788335019844,27.68259872348887],[84.78876757772812,27.682736961698513],[84.78909756813354,27.682799413337463],[84.78954341844872,27.68287968788503],[84.79060471768754,27.683289894909088],[84.79093023828368,27.68349952936283],[84.7916659971642,27.68409253258029],[84.7918978707217,27.684279820347825],[84.79405603319087,27.686304269197187],[84.79430573266357,27.686553981444927],[84.7943547806457,27.68667434482006],[84.79437261626511,27.686710088860778],[84.79410954031285,27.686848293994245],[84.79202272532343,27.687954131389922],[84.79195583896367,27.687989821857588],[84.7916659971642,27.68816816090287],[84.79153668265505,27.688248454974488],[84.7913493990526,27.68840002692814],[84.79063147287516,27.688975262137145],[84.79006515205664,27.68950146942794],[84.78909310881646,27.690406658047934],[84.78836623547129,27.691352004408365],[84.7882547510096,27.69172649805323],[84.7882815073003,27.691837990795054],[84.7883974510815,27.69193614163736],[84.79056904408452,27.693135632134993],[84.79065376885525,27.693148984967294],[84.79100158501524,27.693211387285437],[84.79146979572482,27.6934388605629],[84.7916659971642,27.693635067032258],[84.79237945124967,27.69435295516963],[84.79276738815979,27.694633905947722],[84.79295020808692,27.69484344123911],[84.79316424042705,27.69551679989736],[84.79324450234733,27.695766486349104],[84.79381970946773,27.69660929769815],[84.79405603319087,27.69684555727117],[84.79427897920098,27.697068552546448],[84.79430573266357,27.69728704717286],[84.79435032173998,27.697648199739287],[84.79486317323318,27.698678308019222],[84.7949345150407,27.69958797690299],[84.79557658728827,27.70052876588727],[84.79588878274942,27.701215510726776],[84.79598687594583,27.702004799737107],[84.79596904083176,27.702504161620922],[84.79659772523176,27.703511900013932],[84.7968206612959,27.703730422983508],[84.79738253592707,27.70460000038817],[84.79807816359707,27.70546503602819],[84.79810045666335,27.705491751632845],[84.79832784544112,27.705879729420467],[84.79863110868341,27.706833931308513],[84.7988005341236,27.707484958903105],[84.798845119682,27.708332187398636],[84.79885403678949,27.708492797820927],[84.7986578601022,27.708978768231344],[84.79822529767334,27.70941134722478],[84.79743158126035,27.709964246505983],[84.79690099768517,27.71008464237118],[84.7966021839616,27.7101559870499],[84.79511286916863,27.710650931025327],[84.79422547223811,27.711186013738924],[84.7939044294057,27.71133317394441],[84.79319545340948,27.71181033052878],[84.79258010860187,27.71232758227456],[84.7916659971642,27.71340670222542],[84.7915768147755,27.7135137422243],[84.79098820750988,27.714432301300665],[84.79094361580266,27.71450362347816],[84.79014095910658,27.71552479145303],[84.7895567962932,27.715948416914966],[84.78802732203167,27.71647904802467],[84.7877598369991,27.716545922971783],[84.78698389236982,27.71672871147228],[84.78593160411718,27.717040854898496],[84.78491489397028,27.717504597828665],[84.7820699682717,27.719239182777564],[84.78090171019097,27.71994820105856],[84.78026855193835,27.720148807039347],[84.77904673575121,27.7203985593221],[84.7783600350547,27.720398597471245],[84.77751275829525,27.720394105637656],[84.77698660886476,27.720492178494236],[84.77630880400653,27.72073748476805],[84.7758094056163,27.721076327219826],[84.7750959831414,27.72155791013538],[84.774297802801,27.7218923643348],[84.77348622968572,27.722035084811832],[84.77269694803051,27.722173286028788],[84.77226888820118,27.72241405620362],[84.77141275891184,27.723350490024835],[84.77025336350813,27.72438942837803],[84.77010177609573,27.724585642386245],[84.76970492264527,27.72508509347209],[84.76929914470723,27.72550871693119],[84.76879076317337,27.725878768433642],[84.76862132820919,27.726003636121654],[84.7682423082602,27.726355897614408],[84.76818877686665,27.72648076269739],[84.76799257432103,27.726980183919746],[84.76753333186565,27.727345833616408],[84.76713646056214,27.727546530041113],[84.76640070389578,27.72791664519938],[84.76596375426898,27.72832238796839],[84.7650585369573,27.729597647442443],[84.76362265107961,27.730868563327117],[84.76347104606411,27.731060298678546],[84.76202189531645,27.73200563326561],[84.7610319265627,27.73238903669113],[84.76063062820995,27.732750232820468],[84.76047455369977,27.733066886823845],[84.760224865465,27.734676616346075],[84.7602114807426,27.734774703592464],[84.75966302311124,27.73543913595663],[84.75899417493235,27.73539004249313],[84.75834754785589,27.735563952746787],[84.75782138114376,27.73558180970793],[84.75740667486228,27.735443542595306],[84.75716143503425,27.73536780156531],[84.75588167718054,27.73518496328636],[84.75528417613715,27.735220635178983],[84.7540177624248,27.735131433866204],[84.75389736640538,27.73512696958294],[84.75382159088524,27.735104652897732],[84.75191752865055,27.73456955461207],[84.75109264906,27.734395674127175],[84.75000017525697,27.734324350237255],[84.74945616173524,27.734288680021496],[84.7494249248269,27.734293118686043],[84.7483368816626,27.734168237000553],[84.7482298612116,27.734154905830867],[84.74805598243455,27.73413708022751],[84.74797573664284,27.734114769611075],[84.74737369039381,27.733940828320865],[84.74660229692383,27.733860579496675],[84.74592006723216,27.733686718026654],[84.74532254177332,27.733588600690656],[84.74489443620625,27.733570776396057],[84.74421218614494,27.733450350720116],[84.74380200338658,27.733405721409525],[84.7432713196002,27.733352241617272],[84.74274963646229,27.73321398194408],[84.74224572078155,27.73308023040777],[84.7414788008941,27.732924194136338],[84.74134498933573,27.73290190123997],[84.74036845036468,27.732745852907545],[84.73966391014558,27.732554073722245],[84.73872304851075,27.732130447829913],[84.73755031714929,27.73147496028554],[84.7370821424339,27.73098003020523],[84.73695278398495,27.730859577484956],[84.73650692150841,27.73045828396109],[84.7359138409229,27.730074778797693],[84.73579340679447,27.730039158604313],[84.7356551981575,27.729999027145002],[84.73507996289314,27.72970916695661],[84.73469649607463,27.72936582131637],[84.73397411126051,27.728861942725047],[84.73277912345581,27.72824660914931],[84.73260966145318,27.72810830074779],[84.7323510037607,27.727898794408606],[84.73166876358246,27.727461739197068],[84.73145920365782,27.727287911640385],[84.73111580749426,27.72713184234667],[84.73077248898356,27.727073833479974],[84.73051828688415,27.727091659493805],[84.73030425884177,27.7271094942273],[84.73021952424124,27.72714517762085],[84.73000549508237,27.727301221178312],[84.72993861578827,27.72739486494567],[84.72959529022063,27.727738274865683],[84.72927420282622,27.728001333708608],[84.7288952408596,27.728228733109443],[84.72869451913883,27.72834468184239],[84.72830662521035,27.72870584325248],[84.72822188765444,27.728723679964347],[84.72815947035292,27.728781712614417],[84.72678156917748,27.729307868895177],[84.7262643594176,27.729437121364782],[84.72575152953226,27.729490698306332],[84.72540817886843,27.72945051964015],[84.7251495683728,27.7293881337229],[84.7249800837958,27.729312273231354],[84.7245520652452,27.729062588342583],[84.72446285777269,27.728995668749302],[84.72395902028931,27.7286211298831],[84.72361565888373,27.72840713887563],[84.72310280529088,27.728215340633927],[84.7224161498849,27.72805484871281],[84.7222466572229,27.728059285844825],[84.72190336528132,27.728148475366496],[84.72123893885434,27.728166289268373],[84.72069935578592,27.728179660979187],[84.72027130526152,27.72808155254631],[84.71993238647707,27.72796568933566],[84.71958908067353,27.727791752220032],[84.71901384351175,27.727390387367777],[84.71860810450066,27.72717641855799],[84.71843860057737,27.727042643064546],[84.71820228288831,27.72685091551472],[84.71773410947516,27.726329153049072],[84.71754235819121,27.726177576462078],[84.71735060626594,27.725927852872378],[84.71664163682163,27.726115171265604],[84.71595490401138,27.72637373014127],[84.71526816297596,27.726543239227247],[84.71483568651837,27.726730461542857],[84.71450120073804,27.726824161936236],[84.71380559164231,27.72701143714328],[84.71346224915041,27.727158598807378],[84.7119149498294,27.727533161423207],[84.71114355708505,27.72764017633306],[84.71071543521712,27.7277739263363],[84.7101982399636,27.72771146816241],[84.7097701110403,27.727707008893297],[84.70955608525118,27.727782805402324],[84.70929748298094,27.727724852065503],[84.70904326536692,27.72772042058862],[84.70886049592197,27.727657953219236],[84.70842350553441,27.727506380661453],[84.70833427296394,27.727488522863595],[84.70799544311014,27.727412695904334],[84.7077367540611,27.727296830925052],[84.70772343680659,27.727287846733645],[84.70756729774783,27.72718535117267],[84.70716155749197,27.72702925659613],[84.70696985060256,27.726989108328482],[84.70628308172994,27.727029285086687],[84.7060289305058,27.726966856055128],[84.70585946914879,27.72696681314849],[84.70551615884227,27.72700251594888],[84.70525753836303,27.727100604732776],[84.70491414470747,27.727287891593093],[84.704548499181,27.72736815337028],[84.70448605610248,27.72738593400078],[84.70388411091109,27.72739935750424],[84.70226102850492,27.72716750462029],[84.7018998321959,27.727015862341812],[84.70155649820326,27.726940026434228],[84.70125766436671,27.726783983418894],[84.70100357064148,27.726632414572226],[84.70089654149778,27.72657443605507],[84.70072706498652,27.726400491995264],[84.70061110288772,27.726306839933354],[84.70017412943578,27.725945659105548],[84.69985311652191,27.725749507542425],[84.69933135704454,27.725535424511474],[84.699255589071,27.725499784813962],[84.69874722326047,27.725214387031016],[84.69840387041346,27.7250627926234],[84.69806498193164,27.724795199830602],[84.6974719023361,27.72416206943003],[84.69742731743365,27.72405053168955],[84.69713300835393,27.723591292769704],[84.69709735617597,27.723439677878805],[84.69709288968232,27.723417379749414],[84.69681644495269,27.72302047529731],[84.69662917004041,27.722672660816258],[84.69613864725189,27.7221955668867],[84.69609406131427,27.72211980656968],[84.69588445111151,27.72196814271272],[84.6954831746508,27.721486605519466],[84.69520225553163,27.721276984223998],[84.69509968222287,27.721143241032056],[84.69499264207396,27.721085256825944],[84.69481876122796,27.721027304272965]]]},"id":"00000000000000000190","properties":{"DISTRICT":"CHITAWAN","GaPa_NaPa":"Rapti","Province":"Bagmati","STATE_CODE":3,"Type_GN":"Nagarpalika"}},{"type":"Feature","geometry":{"type":"Polygon","coordinates":[[[84.46861749899665,27.569667602913455],[84.46858178603847,27.56945353661717],[84.46860412665836,27.56937773901069],[84.46867098831927,27.569324242959432],[84.468862764755,27.569248392224967],[84.46963859211057,27.569208241253236],[84.47032528962477,27.569128033076375],[84.47041000524729,27.569092296263378],[84.47135091692132,27.569114666352668],[84.4729695922789,27.56941783161426],[84.47347794125656,27.569676460576687],[84.47364287949326,27.569796920357245],[84.47448117489253,27.570559375572255],[84.4746461903647,27.570755629500052],[84.47520800810877,27.57128624465165],[84.47550232575239,27.57150021591019],[84.47593483228866,27.57202640957256],[84.47624700041976,27.5724366823866],[84.47646549310072,27.57290037111322],[84.47700055252731,27.573662912775006],[84.47720567202035,27.574064202413155],[84.47774080473302,27.57482674085662],[84.477905811004,27.575000669946263],[84.47833829975698,27.575642722506398],[84.47856575136943,27.575874653751928],[84.47893586873263,27.576400765605957],[84.47928813053963,27.576811008579014],[84.47969835274974,27.5774129800311],[84.480630308626,27.578523319064598],[84.4808844903868,27.578741842634813],[84.4809870434078,27.578875617713436],[84.48149091957083,27.579254638029017],[84.48157561901407,27.579272457794083],[84.48224896721418,27.57965149888291],[84.48335035632876,27.58007508680313],[84.48349749483454,27.580137515277496],[84.48372940934402,27.580200000541396],[84.4850894169105,27.580574549574752],[84.48603025240077,27.58070832517457],[84.48670803200801,27.58087773766459],[84.48782286509336,27.580940193704002],[84.48850510650945,27.58091784526134],[84.4887859894601,27.58088665384563],[84.48895992969233,27.580833195010314],[84.48921855776818,27.580726135046497],[84.48948158718984,27.580556670699153],[84.49085947058786,27.579419639132652],[84.49130539068355,27.578893452074116],[84.49171120622741,27.578211235761948],[84.49224180379477,27.57684674043149],[84.49266986420999,27.576012826442508],[84.49335661127337,27.57522806287108],[84.493891676084,27.574496747715514],[84.49431972440128,27.573743161122987],[84.49481027928036,27.572989630949237],[84.49494850471893,27.572690851827588],[84.49548803701288,27.571785609507742],[84.49578681458138,27.571027607862778],[84.49601419825296,27.57065298346939],[84.49658053261389,27.569520417665093],[84.49662511240304,27.569368804392774],[84.49680791319311,27.56906561849816],[84.4973296606349,27.567246256925237],[84.49733406253395,27.567018864468224],[84.49740545328682,27.56686723697919],[84.49750797729818,27.566278667881175],[84.49769525722863,27.565747994648692],[84.4977844951037,27.565444763569104],[84.49782459207759,27.56490969975859],[84.49792711535258,27.56430326816256],[84.49802083475394,27.56400003293976],[84.49798954161447,27.563616595758592],[84.49806093156542,27.563313369802756],[84.49807877903952,27.56270242632131],[84.49804308408586,27.562470587002412],[84.49813224139562,27.560107219608156],[84.49817690003277,27.559955600740025],[84.49819466743806,27.55934473251517],[84.49827053899973,27.55888543519531],[84.4982794226888,27.558582231595818],[84.49848006564815,27.557516553019596],[84.4985157603345,27.557057270806524],[84.49865845882881,27.556526592650602],[84.49944773606498,27.555095236088746],[84.49949231366377,27.55502387422027],[84.49969743420453,27.554702789848626],[84.499920400935,27.554248038353204],[84.49994713127549,27.554096419930215],[84.5000006719506,27.55409192730005],[84.50020130899117,27.55399378189852],[84.50054463922312,27.553695026123],[84.50080329600281,27.553525600863285],[84.50164160178709,27.553070762498834],[84.50202509765833,27.5529058157539],[84.50245316634495,27.552638253984355],[84.50348319124765,27.552205699535016],[84.50476743580629,27.551759772761905],[84.50553886522863,27.551536904915203],[84.50618096841004,27.551429823093475],[84.50676064771216,27.55126036587872],[84.50765688266812,27.55111767413394],[84.50810731555298,27.551099899131124],[84.50842835388637,27.55100621787483],[84.50868249464352,27.550970523229047],[84.5088742197461,27.550970581695278],[84.5095832610692,27.55086353241271],[84.50990429127548,27.550850114824893],[84.51125096652223,27.550480062029187],[84.51144268317792,27.55038645547695],[84.51185291949614,27.55023038678536],[84.51264217820618,27.54993603324472],[84.51354296345916,27.549561512600004],[84.51519279339949,27.548772188118257],[84.51558076068888,27.548625050305823],[84.51569221379636,27.54858943769028],[84.51585719280747,27.548723167355117],[84.5158973573651,27.54876332071405],[84.51602665184862,27.54885698386745],[84.51664199684784,27.549414341399096],[84.51706115740333,27.549895936636414],[84.51731534052794,27.55012781934965],[84.51761408628927,27.550341812329915],[84.51829189905787,27.5509973340335],[84.51863072247964,27.551269330604786],[84.51877793204174,27.55147887493882],[84.51890273985732,27.551577001113966],[84.5192015574832,27.551920368360413],[84.5195582165144,27.552272617626343],[84.51995959532037,27.55274975022995],[84.52053033729933,27.553347293732905],[84.52114123462837,27.554154358882],[84.52137755961338,27.554386243097994],[84.52264836997749,27.555429610927742],[84.52347332186207,27.555973653487694],[84.52374979652767,27.55624121803414],[84.52427594274997,27.556798594261778],[84.52457473280931,27.557164264431723],[84.5247219273485,27.5573961188722],[84.52480216421506,27.55762355491824],[84.52486456170185,27.55814081904586],[84.52468176887525,27.559117358760723],[84.52457473280931,27.559398231864872],[84.52420466489485,27.55996902072334],[84.52387915358103,27.560370314466983],[84.52340644295528,27.560825190261184],[84.52304084757384,27.561279990214206],[84.52209100884573,27.562149554692823],[84.52152916230642,27.562889736434364],[84.521118914108,27.56334455334791],[84.52034753086828,27.56400898317312],[84.52004431893647,27.564196235613636],[84.51985255057538,27.564365731578555],[84.51974110542635,27.564517318217973],[84.51961173918193,27.564882918055563],[84.51965190115125,27.565034578575823],[84.51975894626497,27.565204048954318],[84.51996847570518,27.565382373700054],[84.52052145700019,27.565712330092406],[84.52083802682824,27.565944237326907],[84.52132403856841,27.5664837724836],[84.52151580208495,27.566787011455663],[84.52157820309309,27.566960883126203],[84.52161836370658,27.567308688299438],[84.52159156330025,27.567589666548372],[84.52133299874679,27.568048921233846],[84.52090042856256,27.568539448538626],[84.52068642233628,27.568713333331228],[84.52036089135773,27.5689005947166],[84.51969646330396,27.569123529523615],[84.51899194527964,27.569462461342532],[84.51845239039775,27.569801366070255],[84.5180243591715,27.57023831100603],[84.51735102368552,27.571246072605557],[84.51713252400795,27.57164296295427],[84.5170477961571,27.57187478078487],[84.51689170137085,27.57232965679245],[84.5168024927327,27.572788951312653],[84.51679809230306,27.573132312258092],[84.51683817620435,27.57336413363402],[84.51692290436003,27.573538076888717],[84.5169853902958,27.57382345276981],[84.51711020195155,27.574055307192438],[84.51748919570608,27.574572586646457],[84.51797523538661,27.575054173614383],[84.51827405776994,27.575250383442132],[84.51852823560293,27.575477777123638],[84.51899642554835,27.5757899268214],[84.51992839395761,27.576293794105723],[84.5201825645724,27.576369595371347],[84.52044113423288,27.576507793875027],[84.5207800251563,27.576739678016327],[84.52113675452462,27.57708751684665],[84.52152028215956,27.577609244372347],[84.52174764549336,27.578010553051296],[84.52181012625404,27.578179954718145],[84.52181012625404,27.578295921792375],[84.52201964831566,27.57887114645111],[84.52218468940889,27.579562281410062],[84.52260381008318,27.58032929623248],[84.52292044859244,27.58065921149794],[84.52300516790166,27.580793062379588],[84.52323700538115,27.581100713681963],[84.52395491172193,27.581965802962575],[84.52461041151983,27.582661402522984],[84.52496711742592,27.58312063541389],[84.52502959473246,27.583160765930124],[84.52518118791845,27.583330275561234],[84.52560036702198,27.583811870867173],[84.52587683158832,27.58400807327179],[84.52647431374928,27.58426216097277],[84.52672845579538,27.58432018369931],[84.52689796320372,27.58432015418586],[84.52711194660338,27.584400432579134],[84.5273661658593,27.584382576171603],[84.5278789206409,27.584427197754813],[84.52839175089798,27.58429345512428],[84.52867268173298,27.584146309182586],[84.52899816624705,27.5838608457349],[84.52918990449083,27.583557625631606],[84.52923453933555,27.58340609931719],[84.52923005985447,27.583330220174037],[84.52921670139993,27.583098389899014],[84.52901152475175,27.582581113427736],[84.52896696972712,27.582500891245246],[84.52867268173298,27.58211741214821],[84.52833375674982,27.581693789712133],[84.5282490451937,27.581542176758955],[84.52816433351431,27.581484211328437],[84.52787004146235,27.581020472209946],[84.52742856059825,27.580503183331782],[84.52723681655283,27.58019550626978],[84.52704955152508,27.580003792889645],[84.52671061709181,27.579539989725177],[84.52662590317375,27.579312580762767],[84.52663038285522,27.579160990859442],[84.52671509676675,27.578853290366578],[84.52693364049061,27.578474253791732],[84.52708522871906,27.578380672783766],[84.52749095527034,27.578286994994162],[84.52782988516053,27.578367275389937],[84.52836495360911,27.578657114931758],[84.5288509825192,27.579022782903127],[84.52921222191748,27.579218922369904],[84.52938164210302,27.579254595134543],[84.52980974983618,27.579241245003015],[84.53075058390593,27.578964771914304],[84.53143728238871,27.578817665687765],[84.53220427941969,27.578804229869732],[84.5332298591945,27.57896476500559],[84.53382734586373,27.579120891708204],[84.53425102178272,27.579294741696437],[84.5345051298731,27.57937506800572],[84.53516506987445,27.579704959722445],[84.53559321504386,27.579883355528512],[84.5361862784789,27.58019106568556],[84.53648500740023,27.580387232925954],[84.53671687117358,27.58065478362442],[84.53675702134332,27.580752865254098],[84.53679717148536,27.58098030545979],[84.53681940601425,27.58117204670176],[84.53683724161941,27.581345938806734],[84.53674806353894,27.581858710642887],[84.53672135007835,27.58243401399188],[84.53684619941006,27.582777350800708],[84.5371003761452,27.58312513815469],[84.53733671632315,27.583334743662668],[84.53768894538506,27.583646829588815],[84.53796543250729,27.58383854777632],[84.53815714120405,27.584030330810123],[84.53871010968315,27.58440046245968],[84.53896427827341,27.584516402588577],[84.53964208240933,27.584748234699283],[84.53990064561063,27.58478837427856],[84.54049374510348,27.585006880684386],[84.54121607709291,27.585488451747782],[84.54166649037268,27.585925430876568],[84.5418938549841,27.586143959678054],[84.54248693414789,27.586643396800206],[84.54267422946621,27.586933198740002],[84.54275452155285,27.587236390890386],[84.54266975101987,27.587445980575662],[84.54260289417273,27.587597620779402],[84.54223278095353,27.58809704412136],[84.54221046852125,27.588208472758485],[84.54221046852123,27.588382373696803],[84.54237545236114,27.588743608476545],[84.54248245568712,27.588859572441553],[84.54265191720333,27.589149386320543],[84.54292398227612,27.589416888167417],[84.54349913740472,27.589746890250083],[84.54409220019411,27.58994306059682],[84.544605047483,27.589983252008437],[84.5448636685851,27.589911885714486],[84.54563064852002,27.589894010462068],[84.54614788044809,27.58984054400099],[84.54640201652738,27.589787031615778],[84.54828825046876,27.589363427305845],[84.5487162990215,27.589269766124733],[84.54893036209742,27.58921628575369],[84.54899281367177,27.58929211335486],[84.54907749502071,27.589483793585934],[84.54928260089274,27.590112532331947],[84.54934505208855,27.590228442343633],[84.54942973292421,27.59046038291081],[84.54949218396192,27.590687792397418],[84.54946547635606,27.590919654650712],[84.54929155676616,27.59112923541855],[84.54901504353737,27.59125855969296],[84.54880106073719,27.59127633394516],[84.5485423771895,27.591236205401106],[84.54835070273313,27.59127190358392],[84.54826594036061,27.591312057774786],[84.54802516656959,27.591655422457322],[84.54755249217098,27.59195417009186],[84.54727605063374,27.59206563853736],[84.54708429203487,27.592065623161517],[84.54637530750144,27.59227074506824],[84.54599178372773,27.59244023495705],[84.5456885454581,27.592743382905134],[84.54557706981048,27.592917285107152],[84.54544776099017,27.59325617232579],[84.54520697552485,27.593657551529482],[84.5450776658813,27.593768978844626],[84.54462727902678,27.59405439087145],[84.54441328007265,27.59410786423564],[84.54368195109403,27.594353155354803],[84.54316917563376,27.594540418487224],[84.54291054699377,27.59470988425927],[84.5420722752015,27.59508442711975],[84.54188049943704,27.595236069955707],[84.54166649037268,27.595360863132257],[84.54149254744749,27.59546348229784],[84.54112690572626,27.595824688296915],[84.54108235997889,27.595900425165347],[84.54067208964186,27.596221492750576],[84.54039561538653,27.596390965247537],[84.54013697441015,27.596466780997563],[84.53968662925998,27.59676556149183],[84.53916933985072,27.597028594231563],[84.53865660457407,27.597198072780042],[84.53775580788164,27.59755477205155],[84.53768894538506,27.597554825118472],[84.53691754176502,27.597813405190617],[84.53646717168708,27.598022993132584],[84.53620851324128,27.598170123098555],[84.53588746804198,27.598437721794653],[84.53537022482759,27.598776613627404],[84.53519634305438,27.59896384796008],[84.53511156150455,27.599003990299984],[84.53493767895826,27.599173460078767],[84.53453192433479,27.599458792629246],[84.53356427651862,27.599869067040053],[84.53289991914738,27.600167797852023],[84.53272595000564,27.60026147379892],[84.53259669259619,27.600359584497024],[84.53264124484214,27.600377403003964],[84.53270371391233,27.600470997340256],[84.53282857186574,27.600702904325733],[84.53294895035638,27.601394079590275],[84.53283297108405,27.60208078442298],[84.53263676562327,27.602611424701575],[84.5326323663901,27.602919122540676],[84.53277946056944,27.603320430430422],[84.53294895035638,27.603529987175374],[84.5331585123174,27.603668190127323],[84.53380063106202,27.603864451025803],[84.5345051298731,27.60385106998391],[84.53495103609961,27.603739512969913],[84.53533903172345,27.603570068254054],[84.53557537905729,27.603418498935163],[84.53581612442373,27.603173285411142],[84.53590082496525,27.603137603906458],[84.53654739236286,27.60256680266809],[84.53667672097613,27.60249100814753],[84.53706022621245,27.602401807456307],[84.53744372892038,27.60242409677267],[84.53752842709207,27.60246428865749],[84.53763543933661,27.60257569697094],[84.5378049149773,27.602959225049037],[84.53780043615598,27.603115261499745],[84.5376042474471,27.60339623826474],[84.53747492089597,27.603529965610683],[84.53736790835613,27.60383318821855],[84.53740357922463,27.60414085262153],[84.53751059169885,27.60431474474417],[84.53839795586394,27.605068335067884],[84.53869675340492,27.605353746938256],[84.53914262750212,27.60560788747817],[84.53945925601863,27.60572386192733],[84.53965095979163,27.60572388881978],[84.53997198421915,27.60565249284582],[84.54023062592933,27.605656931486084],[84.54100206558323,27.605411740398438],[84.54151486015526,27.605322515038008],[84.54166649037268,27.605273478400612],[84.54254491418922,27.605001500622873],[84.54305769515511,27.604988142623238],[84.54369538619812,27.605184274730725],[84.54460944581069,27.6057461548452],[84.54492604455994,27.605826410792247],[84.54535411787391,27.60582641524243],[84.54561281561173,27.605697128997317],[84.54582681015013,27.605469684448952],[84.54593828531881,27.605295795044814],[84.54602744930631,27.604952410759967],[84.54602744930631,27.60472505489494],[84.54584016479065,27.604207745037513],[84.54584464299276,27.60380640866405],[84.54586695403034,27.60369052519389],[84.54602305108592,27.603405106212698],[84.54619250228188,27.603217865930173],[84.54651796874319,27.603026118572803],[84.54677218317103,27.60295476309993],[84.54767292015296,27.60282546250345],[84.54786459684468,27.602749600702385],[84.54876091888349,27.602776423264206],[84.54914442438483,27.60287446681794],[84.54940302528965,27.60299046765043],[84.54961260792453,27.60314650228129],[84.54974190747906,27.603280288521074],[84.5499291794221,27.603512127312076],[84.55011645076159,27.603971413018556],[84.5500496024791,27.60435495421723],[84.54943868877498,27.60542067162401],[84.54937183971279,27.60564808620516],[84.54936736178244,27.60595569327287],[84.5494520425856,27.606107367974634],[84.54951449359932,27.60616533708215],[84.54940750321727,27.606241125429406],[84.549215751651,27.606352600678647],[84.54859595316564,27.606557720827134],[84.54852902316985,27.606575539286528],[84.54846657109711,27.606597817850172],[84.54839972091669,27.606633492082427],[84.54825258627744,27.606727165370586],[84.54798950221682,27.60707051618451],[84.5479002612741,27.607320169120253],[84.54789586319541,27.60785084430427],[84.5481856558862,27.608773843086052],[84.54824810826084,27.609077105410133],[84.5482391522266,27.609688022465733],[84.5480653089315,27.610071462294062],[84.54776655953357,27.610236490748086],[84.5474231877452,27.610312292568853],[84.54716457803065,27.610312241225284],[84.54682568081243,27.61015622565998],[84.54648230346558,27.610058143026883],[84.54616571319222,27.60988416619188],[84.54599626191816,27.609844048826798],[84.54531405360817,27.609572095136148],[84.54489037830558,27.60947398387499],[84.54463175732235,27.60949177994434],[84.54452475795198,27.60950963105163],[84.54422599035652,27.609696877267424],[84.54342780312331,27.610379123768798],[84.54329401112409,27.61053079639451],[84.54320932134918,27.610838459763272],[84.54318253088479,27.61121748199353],[84.54324051023248,27.611676771894913],[84.54338765755874,27.61206020637119],[84.54351257255107,27.612292096316413],[84.5438291772737,27.612733591133956],[84.54414570030198,27.61305904318285],[84.54429292530726,27.613366785121812],[84.54422599035652,27.613518400707882],[84.5439896781757,27.613629810071195],[84.54364628407642,27.613611965019643],[84.5432182781584,27.6137012137903],[84.54272325243669,27.613964297618615],[84.54253155879172,27.61411592547708],[84.54240224319742,27.61426750139385],[84.54216144511844,27.61466882322335],[84.54166649037268,27.615065702999544],[84.54140785504867,27.615199437445373],[84.54063642077793,27.615342140829213],[84.54029756547955,27.61537784180121],[84.53969998531088,27.615355541644824],[84.53927195034517,27.615391219778864],[84.53875465724762,27.615520504737507],[84.53793863962701,27.61598875106083],[84.53751059169885,27.616100202762883],[84.53645821383805,27.61655058487206],[84.53624418482072,27.616742291984625],[84.53615500583109,27.61689391792549],[84.53615500583109,27.616969697530713],[84.53625762164319,27.617313085739873],[84.53655187128068,27.61775450881534],[84.53665888532176,27.6179864078227],[84.53669903553151,27.618213805343732],[84.53667232204842,27.618445716345025],[84.5365652280514,27.618731057888176],[84.53645381489382,27.618900463391757],[84.53634680047548,27.61924382376101],[84.53636463622556,27.61941777114815],[84.53647165061108,27.61959165187492],[84.53674366461662,27.61980120160951],[84.53702007625198,27.619917204509854],[84.53717171818842,27.620015274053486],[84.5373812649395,27.62020701632194],[84.53755074132074,27.620269458762195],[84.5381527423883,27.620140119967658],[84.53866548210678,27.61995282635976],[84.53883495474625,27.619970728289047],[84.53900882564322,27.619934981154127],[84.53926299292809,27.61993505479069],[84.53952163779135,27.619997426238196],[84.53973125605278,27.620166854182493],[84.53981595089337,27.620340748553414],[84.5399229589292,27.62045669902913],[84.5402618963859,27.62063513084263],[84.54070327988609,27.62103643969389],[84.54114921857433,27.621633931332436],[84.54127405840146,27.62172755234078],[84.5416531347734,27.622155686729663],[84.54166649037268,27.622209139549366],[84.54205444120171,27.622539171761208],[84.54247805719852,27.623038580897266],[84.54294181600922,27.62352010573171],[84.54315134197041,27.62386348119695],[84.54321379975397,27.624037391000083],[84.54323163339818,27.624438666334175],[84.54308000726229,27.6246884302452],[84.54284369042351,27.6248355294909],[84.54254491418922,27.624929212374777],[84.54217032211614,27.625000550358994],[84.54200981619172,27.625027274072412],[84.54176901648759,27.6251744627238],[84.54166649037268,27.62524130575825],[84.54154604994747,27.62532163681008],[84.5415238172255,27.625433045630118],[84.54149254744749,27.625607023650783],[84.54166649037268,27.625772010193682],[84.54190729050136,27.626003883723378],[84.54219263456382,27.62633827263781],[84.54250476801502,27.626556789922066],[84.54279906601923,27.626797544526763],[84.54290167010907,27.626873331515444],[84.5430666519877,27.627051709023657],[84.54335199036059,27.627444108900352],[84.54372209645538,27.627836531925897],[84.54443559165958,27.6287016345199],[84.5449438776789,27.62938829624852],[84.54522480855765,27.629932334328213],[84.54541657329099,27.630547665503432],[84.5454745504107,27.63060563345903],[84.54549686159031,27.63068594309814],[84.54577778979665,27.631136262620398],[84.54621473321855,27.631510857536455],[84.54684351334863,27.631876464162538],[84.54752570370812,27.63246952233998],[84.54802516656959,27.63284852590252],[84.54922462757149,27.634471643529146],[84.5494743522384,27.63470804231497],[84.54984889724545,27.634930948728123],[84.55010309710366,27.63501570665308],[84.55036169374226,27.6350201326015],[84.55074966650348,27.634939843675898],[84.55100826026462,27.634926507416434],[84.55158797307963,27.63482838450003],[84.55275177906883,27.63475261256451],[84.55345636810837,27.634815028174202],[84.55373278024456,27.634823983539704],[84.55387998096406,27.634850724496],[84.5544507100477,27.63507809221681],[84.55463796681335,27.635256521378007],[84.55492340828785,27.635626579567916],[84.55528456570075,27.63678598681135],[84.55562789103314,27.637329936223182],[84.55579291673996,27.637543994867375],[84.55599360143961,27.63785610717085],[84.55617637582567,27.6381281583158],[84.5564439002023,27.63897981095736],[84.55669367379186,27.6402060555887],[84.55657326450667,27.64219487654075],[84.55657774188163,27.64272991263433],[84.55645285497184,27.6436485516322],[84.55652417326563,27.6441077536067],[84.5565152984603,27.644335252941673],[84.55671598066391,27.64526270877362],[84.55687204857558,27.645650616558367],[84.55703251345527,27.64588251526065],[84.55738478308105,27.646738702931295],[84.55750519068373,27.646992859861143],[84.5575631557421,27.64712658854456],[84.55766573376566,27.647242519500573],[84.55784410556376,27.647630493156274],[84.55804478317565,27.64848216399571],[84.55807596409691,27.64878538951185],[84.55804478317565,27.649704011829495],[84.55796890953062,27.649931379920893],[84.55797338679798,27.651006052347864],[84.55783962828643,27.652227821269605],[84.55781284456658,27.652379467159086],[84.55780396995817,27.652513162556648],[84.55778166350402,27.652589037838933],[84.55777270893938,27.65335599621443],[84.55791542214911,27.65473832587536],[84.5579823413317,27.655121741794854],[84.55800017044379,27.65523774040659],[84.55803582865157,27.65539379281611],[84.55803135138902,27.655621183460372],[84.5581428830945,27.65662005670857],[84.55811609951454,27.65723093258454],[84.5581472803975,27.65815400873774],[84.5584415791375,27.659389106202063],[84.55856198454902,27.660156106851492],[84.55858429070342,27.660695628946257],[84.55865120911523,27.66115497553856],[84.55896781130835,27.662465887817326],[84.55905695530129,27.662929670275705],[84.55908373844731,27.66331310443506],[84.55923084565599,27.663928539066255],[84.55924427716516,27.66416036913347],[84.55936907812274,27.664775730579432],[84.55960540770852,27.665395547351427],[84.55988634764941,27.666398863713695],[84.55999339868073,27.666666393258378],[84.56063106376654,27.668240415614694],[84.56072020520593,27.668704184170455],[84.56071572815034,27.669315093270757],[84.56061763257816,27.669694160082237],[84.5597481164141,27.671121056421462],[84.55953409319872,27.671727496762404],[84.55948948161107,27.67226258051878],[84.55967232494355,27.673649381582976],[84.56006918973218,27.675036168406407],[84.56022524863201,27.67542410691456],[84.56051066264548,27.676351522187392],[84.56083173174676,27.676975871118607],[84.56158530976951,27.677992552666666],[84.56195537967295,27.67840278545661],[84.56215604307579,27.678714921270068],[84.56241466600018,27.679258916890113],[84.56312369462437,27.68033353209908],[84.56356066747406,27.68070809691047],[84.56395302887643,27.681082698118],[84.56337783638743,27.680971216904567],[84.56235222885563,27.680904289407433],[84.56196433359257,27.680931037159088],[84.56087178531236,27.68089984600536],[84.5602297257254,27.68091770366094],[84.55978377354852,27.680846338059002],[84.55927545744235,27.68069918068962],[84.55889641606555,27.68051639828881],[84.55864673190011,27.680355815984385],[84.55829446992931,27.679981255284297],[84.55819189301636,27.679843033492617],[84.55805365774725,27.679513086193563],[84.55787080931786,27.67874166223213],[84.55779061806729,27.678590039832905],[84.55763007533062,27.67837155751938],[84.55727780719273,27.678054902070947],[84.5568586165177,27.67781414554154],[84.55660444621802,27.677729407273844],[84.55506604854389,27.67758673640967],[84.55493676083789,27.67754659938134],[84.55469153716899,27.677328094522547],[84.55458895389245,27.677189868726366],[84.55400479344921,27.676775147969124],[84.55368824415761,27.676650302620946],[84.55366593612277,27.676632473825226],[84.55345636810837,27.676489783428604],[84.55320666055552,27.676329278267314],[84.5530237968669,27.676133024961914],[84.55280527120556,27.675682669104024],[84.55273842601655,27.67514760219755],[84.55276073440756,27.674536703472633],[84.55266710307455,27.674229017229873],[84.55256451622306,27.674068480139375],[84.55217215782515,27.673693929839587],[84.55188230505502,27.673493297771685],[84.55156566423831,27.67329705728947],[84.5513605664248,27.67309644729622],[84.55082994743563,27.672356235272918],[84.55063372273041,27.6719637638883],[84.55042862162729,27.671673918368164],[84.55024574919503,27.67149559365127],[84.55003616884368,27.671259289758037],[84.549688412522,27.67088469460907],[84.5491042827683,27.670505640325633],[84.54885007854088,27.670420975207048],[84.54853350116481,27.67023811387012],[84.54840859696182,27.67019796410565],[84.54751682752816,27.669997341409633],[84.54680784827077,27.6699750399338],[84.54622816773731,27.670095409957288],[84.54570198009847,27.67038527963993],[84.54517130944286,27.67080890922634],[84.5448458354415,27.670987262987964],[84.54459161258913,27.67088474315819],[84.5444044034174,27.67070633017007],[84.54425278034009,27.67020691543109],[84.54412786693817,27.67010884924809],[84.54387819927035,27.67000177753227],[84.54349473899303,27.669975023978456],[84.54245574486036,27.670264900140733],[84.5420722752015,27.67030943932489],[84.54167984596886,27.670412072797074],[84.54166649037268,27.670411994094774],[84.54110459286964,27.670456656824875],[84.54095304116164,27.67044766631241],[84.54063642077793,27.670398635892564],[84.54012809710204,27.670211342988395],[84.53987393359792,27.67016681841925],[84.53891517215659,27.67003748213276],[84.53802781588223,27.66985910319039],[84.53751507054251,27.669818950286267],[84.5366232139966,27.669676257107813],[84.53611933419697,27.669448880777587],[84.5359320977497,27.669310610602423],[84.53568239489468,27.669052006049828],[84.5353657458188,27.66890935750443],[84.53498230939461,27.66891827483238],[84.53401466906887,27.66905643291248],[84.5333680735237,27.669225958763928],[84.53298462393434,27.669194715188606],[84.53285976631578,27.66915455375265],[84.53248519185266,27.668873628552014],[84.5322354742044,27.66873093095421],[84.5321150942378,27.668481248245648],[84.53204374599387,27.668017462515092],[84.53196791839213,27.66778559470888],[84.53186537500137,27.667629593858607],[84.53174499426918,27.667509119286336],[84.53157550097559,27.667428918338818],[84.53112964886934,27.66729955538327],[84.530920079602,27.667196984385797],[84.53074170516545,27.666867025592122],[84.53067475461923,27.666666380423116],[84.53052765511994,27.666247258410223],[84.53033144188666,27.665324171299176],[84.53005939790344,27.66462412458137],[84.52999700598444,27.6645661639149],[84.52996133057505,27.664410115809698],[84.52989893855091,27.6643343081532],[84.5297072026428,27.663790279243795],[84.52961801363425,27.66340680514462],[84.52932364894109,27.66270667517441],[84.52905615973326,27.66193532011214],[84.52879306881991,27.661007793752905],[84.52872171650344,27.66061984088145],[84.52866372268402,27.659933114546757],[84.52870835793222,27.659398025191056],[84.52864140504708,27.658858539642544],[84.5285879706701,27.658626649958418],[84.52841398863877,27.658238666136363],[84.52827136298107,27.658006832456273],[84.52808850085822,27.65778831632897],[84.52659918506637,27.656553142609763],[84.52600610392123,27.65582631395969],[84.52566724340899,27.65522434747176],[84.52539077784745,27.655251112791383],[84.52493143893399,27.65550527855374],[84.52466840937703,27.655688113696375],[84.52407978844228,27.655991258806083],[84.52297388817107,27.656397068190643],[84.52284012913356,27.656468450159025],[84.52238533010802,27.656611147420794],[84.52153812245324,27.6570034935257],[84.52056601848766,27.65733352769833],[84.51938436751064,27.65798448085863],[84.51879577317534,27.658287775706704],[84.51866640483158,27.658323452542582],[84.51814028793937,27.658613235328644],[84.51781474273227,27.658715771441944],[84.51755608140724,27.658840667221284],[84.51664647729729,27.659139402204087],[84.51645029729535,27.659286571725634],[84.51642349451133,27.659340125885997],[84.51649934235775,27.659612075209253],[84.51665983863555,27.65984399696707],[84.51679809230306,27.660138308141605],[84.51763640815261,27.66268888015622],[84.5178949891147,27.66315703355113],[84.51826061679607,27.663687679495695],[84.5185549574133,27.664271816638447],[84.51856383801223,27.664615179750818],[84.51849255316637,27.664766829313365],[84.51849255316637,27.664860434818273],[84.51814916860151,27.66488721707969],[84.51776569877711,27.664838174566146],[84.51751151761728,27.66475345448977],[84.51642797497756,27.66463751290882],[84.51623619471235,27.664575063653125],[84.51592408038212,27.66441452566661],[84.51547818843748,27.66432089455419],[84.51497428562864,27.664075684523844],[84.5142162629387,27.66378135304077],[84.51402895604511,27.66366098664705],[84.51390413778945,27.663620810021012],[84.5129721530307,27.66288503492847],[84.51216057483651,27.662358889406917],[84.51152741917831,27.662091337946304],[84.51120191704283,27.662287551297926],[84.51101908134405,27.662510549216833],[84.51031901935607,27.664017692457307],[84.50998006758921,27.664468037701482],[84.50972593248828,27.664976432412374],[84.50975713931413,27.665208241482095],[84.50998006758921,27.6656140454695],[84.51010049331282,27.6657166032309],[84.51135794705435,27.666349783074416],[84.51172809658027,27.666666368729206],[84.51175034068358,27.666688663212803],[84.51178602724883,27.666880403969415],[84.5117726647931,27.667335223312982],[84.51172361575269,27.667491313597377],[84.51171465409647,27.667678612428276],[84.51170129162438,27.668079891295665],[84.51130441680515,27.66904306784074],[84.51113950492127,27.66938196100558],[84.51071141997883,27.670059787060232],[84.51057315187155,27.670340660326783],[84.50992661609197,27.67106302570296],[84.50955205415029,27.671397461560634],[84.50929343616917,27.67150448426861],[84.5091194765229,27.671477797843448],[84.50876275360082,27.671352871557293],[84.50866024936958,27.671232553255976],[84.50828119819974,27.6704387730701],[84.5082098207563,27.67012668149837],[84.50811171663878,27.669894820787036],[84.50794671570343,27.66968074808983],[84.50771937853831,27.669502400332036],[84.50723333334716,27.669292762800204],[84.5069791062523,27.669248176524423],[84.50646632754973,27.669230393827323],[84.50601596201123,27.66927048973352],[84.50543179399543,27.669462245639888],[84.50472726357968,27.669457750046792],[84.50441516764948,27.669181281982294],[84.50422782926466,27.6690609046038],[84.50410299002398,27.66902080828378],[84.5039736690929,27.66903416149222],[84.50390684783112,27.66908764267498],[84.50364820481244,27.66915459101684],[84.503518882873,27.66917240519323],[84.50339404211492,27.66913230820855],[84.50333162163567,27.669087721563674],[84.50325135520329,27.66895391292485],[84.50322014489568,27.668606109885726],[84.50303280267256,27.66844557726152],[84.50265379495109,27.668285042862017],[84.5024932601104,27.66808434623516],[84.50243532020895,27.6679149252865],[84.50247989552497,27.667839148780434],[84.50251110622867,27.6675314696383],[84.50241299252438,27.667299603114248],[84.50220339997196,27.66716138787122],[84.50152115859443,27.667156867605648],[84.50139631356086,27.667058768940517],[84.50138743034637,27.666693108295405],[84.50139631356086,27.666666423141905],[84.50146321772746,27.66638995868435],[84.50123577525963,27.666247198134982],[84.50092814230545,27.66641223098471],[84.5005758509622,27.66666642045539],[84.50022355749167,27.666924980664717],[84.50011655653208,27.666956257388883],[84.5000006719506,27.666996372947064],[84.49948335012779,27.667143550339272],[84.49916234258787,27.667241571840567],[84.49901516352172,27.667317388193954],[84.49858706960887,27.667509141168768],[84.49832848303735,27.66758500530494],[84.49794496286759,27.667638430872703],[84.49768637345062,27.667678601714666],[84.49704425679843,27.667544837863144],[84.49679006533033,27.667428940318423],[84.49659838054075,27.667428929831335],[84.49646904297418,27.667469044404726],[84.49625502708906,27.667638487650287],[84.49599635014746,27.66767856252932],[84.49580458271434,27.667656329487617],[84.49432868873039,27.667197015181387],[84.49379803009127,27.667197037386526],[84.4934546601659,27.667040925369093],[84.49313361946463,27.667040956999994],[84.49287500873025,27.667000811577893],[84.49249153276547,27.66683141799148],[84.49231312073479,27.666666407319546],[84.49229975381776,27.666657489704033],[84.49213030586772,27.666349799148858],[84.49193860577532,27.666180334704173],[84.49159522491311,27.665645258522215],[84.4914703586443,27.665529304564085],[84.49102003743364,27.66526177940779],[84.49095760371756,27.6651814946012],[84.49091301959996,27.66510566535901],[84.4908951699347,27.664454647480973],[84.49081040396115,27.664325381403735],[84.49068113361345,27.664227276096],[84.4901504418185,27.66395968251119],[84.48989181786996,27.663861620729776],[84.48963767530049,27.663710019428002],[84.48892871174125,27.66344248739377],[84.48854520985752,27.663250684017513],[84.48829106142746,27.663041169148464],[84.48818403859227,27.662902897877387],[84.48809926868309,27.662867232647194],[84.48799224549641,27.66273342268266],[84.48782286509336,27.662251903293324],[84.48765340415127,27.662100267349928],[84.48754638014755,27.662064610935296],[84.48724764045465,27.662082469551226],[84.48673036570084,27.66229197778818],[84.48653864788054,27.662407953286277],[84.48608820858824,27.662577369604165],[84.48583404946633,27.66272896669382],[84.48572702212881,27.662746847243355],[84.48527665662863,27.663036724354892],[84.48488872792718,27.662769157330622],[84.4845899746414,27.662479252948945],[84.48429121982774,27.66226974451767],[84.48380521965197,27.661694537927648],[84.48355105059694,27.66112371659153],[84.48352871568855,27.660833898813536],[84.48363574705371,27.660490503522706],[84.48378736781427,27.660263094555283],[84.48391665342128,27.660147140923907],[84.48417530382946,27.659803874763],[84.48442947016856,27.659571969306942],[84.48475047867323,27.659366809364325],[84.48487984220039,27.659326704472672],[84.4855219325467,27.658983396882736],[84.48571813652953,27.658947728900177],[84.4859722961558,27.658791577044582],[84.48668129560467,27.658586462469135],[84.48693545103991,27.658470552078864],[84.48732344619664,27.658243146213323],[84.48775146262126,27.658127172660393],[84.48830891188874,27.65770803195392],[84.4888038397701,27.65717299142495],[84.48901788297263,27.65688754648463],[84.48908031876273,27.656597782332657],[84.48906246853726,27.65619641358618],[84.48887075837246,27.655621190060273],[84.4887235533553,27.655393781705115],[84.48859427838767,27.655050454694823],[84.48859427838767,27.654822995584524],[84.48883057520177,27.65419425047593],[84.48919622502687,27.653565546744268],[84.48943259945064,27.652936798702598],[84.48945485205621,27.65276295772252],[84.48958420516392,27.652477536003243],[84.48960645771173,27.652022690176043],[84.48939241666656,27.651563380012497],[84.4893523139003,27.651220103358217],[84.48883954037372,27.65049319039254],[84.48845603790438,27.6502212447311],[84.48794325650785,27.650011632657375],[84.4873680330549,27.64968612124691],[84.4871316502746,27.649436427723895],[84.48662334000568,27.64901728064496],[84.48636470043688,27.64861598032239],[84.48617298141635,27.648214657209728],[84.48615513030224,27.64787127631343],[84.48640928802703,27.647336206854],[84.4866455936817,27.64705082926272],[84.48711828217142,27.646787678959615],[84.4876310708114,27.646252600821047],[84.48776042795888,27.646158944844604],[84.4882954640081,27.645128931545415],[84.48827321096073,27.64478554842666],[84.4883177970939,27.64461169354398],[84.4883177970939,27.644326305439208],[84.48817067072997,27.643813499283322],[84.4879566244222,27.643447871580793],[84.4876400361675,27.643238272522083],[84.48729663002672,27.643180298674647],[84.48669914655797,27.643175872744912],[84.48592770823207,27.643269488429468],[84.4854149046373,27.643251639598315],[84.48488424503816,27.643055493012003],[84.48475496157253,27.64294398846178],[84.48460782623381,27.642712104483167],[84.48445620760263,27.642310753682565],[84.48447854215644,27.64202535737472],[84.48465241516506,27.6414546041734],[84.48486647358183,27.641209387608058],[84.48520981395932,27.640959662242913],[84.4857850586675,27.6406920966204],[84.48604362075298,27.640504864372126],[84.4864895776233,27.64024180329888],[84.48751964412797,27.63942130201191],[84.48803242924396,27.63911804772978],[84.48837126839004,27.638855012820915],[84.48899555015457,27.638261942272887],[84.48903573321175,27.63815046517754],[84.48931661361014,27.637749121827383],[84.48937904908085,27.63746369961071],[84.48963767530049,27.636892980254004],[84.48968226039189,27.636549643747966],[84.48974469547164,27.63643369280307],[84.48978928048133,27.636206282838753],[84.48991863284822,27.63586291397982],[84.49013267196455,27.63551959919595],[84.4903021257122,27.635350148423992],[84.49056074784343,27.635006814032792],[84.49107350625538,27.634511839372347],[84.49146147391885,27.63394105533471],[84.49156849074726,27.63348175782713],[84.49156849074726,27.63331228135596],[84.49146147391885,27.63300460684681],[84.49135445689429,27.632853022001296],[84.49110024064788,27.63271925365066],[84.49067216872425,27.6327950145602],[84.49041354708655,27.632888735148846],[84.48947270216176,27.63311168049876],[84.48827769358965,27.633490714887337],[84.48725204311395,27.6337002850581],[84.48708258051558,27.633771564020456],[84.48665455918906,27.63386971344594],[84.4859722961558,27.63392323884705],[84.48545949295247,27.634052558610573],[84.48445172468041,27.63447164605225],[84.48351086376637,27.634699096175883],[84.48334147036795,27.63460098793511],[84.48336372529425,27.63443150489551],[84.48340831517504,27.634088168547517],[84.48334147036795,27.633878648142126],[84.48327902844314,27.633780500385207],[84.48310955431849,27.633588771306673],[84.48215081945172,27.632955547890194],[84.48174509758806,27.632652343178734],[84.48149091957085,27.632251094088115],[84.48146858387491,27.63207716202962],[84.4813214402596,27.631617867835477],[84.48112970468804,27.631314676702512],[84.48080867628913,27.630931118121822],[84.48070163974513,27.63070375548632],[84.48070163974513,27.630413886700417],[84.48089785991652,27.629959028303123],[84.48115644363223,27.628813113244988],[84.48104948778207,27.628126400555935],[84.48085775131817,27.62743971119624],[84.48088000719052,27.626980348409624],[84.48105389090853,27.62652557568684],[84.48126796251002,27.626106399997344],[84.48180305802678,27.625210172600735],[84.48190560943566,27.625156588608707],[84.48204386542173,27.625063010467958],[84.48208397320592,27.6250005221454],[84.48239162541343,27.62455462068313],[84.4825120280221,27.624099769345342],[84.4827439464434,27.623587046172688],[84.4827706846489,27.623301618279957],[84.48269038994115,27.623069776176735],[84.48236040395177,27.62266398545772],[84.48221326258232,27.622432078006575],[84.48217763798394,27.622316157396728],[84.48218204102537,27.622030823253183],[84.48223111490098,27.621803399371867],[84.4823247794431,27.62157595965336],[84.48297130085413,27.62065288631468],[84.48307833324048,27.620559314716047],[84.48342616712856,27.620416569852615],[84.48364463296976,27.62026940570898],[84.48377840186686,27.620095497439358],[84.48393898818135,27.61964517216405],[84.48394787405127,27.619377593607926],[84.48371155748319,27.61857049292416],[84.48340383217241,27.618102300142453],[84.48334587332167,27.617874908540916],[84.48344842202259,27.61718816840414],[84.48349301183875,27.61639006014113],[84.48360452625691,27.61547589710673],[84.48368033672689,27.615016663911412],[84.48377399894572,27.614789213860092],[84.4838498091958,27.614276426781505],[84.48385869507928,27.613990989960563],[84.48395235701216,27.613705612827946],[84.48396124288004,27.613362338689747],[84.48412623158687,27.61273803592468],[84.48413511742831,27.61245259666708],[84.48409949400178,27.612278744664756],[84.4838542121112,27.611757053404375],[84.48356882245344,27.61129330263926],[84.48339942922306,27.611101558816085],[84.48279293979262,27.610651131224696],[84.48262354431266,27.61056640267621],[84.48236488703446,27.61050401672328],[84.48190112631771,27.610227581861366],[84.48175846692088,27.61005367612358],[84.48167817082211,27.60982172947924],[84.48164254589749,27.6095363951609],[84.48163357962089,27.60902362411008],[84.48157561901407,27.608787296360475],[84.48145521447576,27.60861784249447],[84.4813080708268,27.608385919513626],[84.4812055183692,27.608247698998387],[84.4811074489108,27.60796229466369],[84.4807997098846,27.607382682916057],[84.48062142225153,27.606918883875835],[84.48053664136766,27.606802967330967],[84.4804385707867,27.606513097868586],[84.4804028650486,27.606285683211794],[84.48038060899454,27.605541022662166],[84.48045642364758,27.605028213926452],[84.48047419644534,27.60434154758648],[84.48053223820226,27.603828744272228],[84.48049204929534,27.602910201575543],[84.48065256458497,27.60251330098546],[84.48078634033241,27.60228591160685],[84.4812278541657,27.601724049273408],[84.48153999402692,27.601389571368568],[84.4818743877143,27.600881294135394],[84.48224896721418,27.600430931042865],[84.48270375905769,27.60017672638583],[84.48296689787217,27.600087548012294],[84.48309170226824,27.600087588045707],[84.48335035632876,27.600016172226745],[84.48378288484074,27.59983784372874],[84.48409052810224,27.599650545348027],[84.48446509339388,27.59922248614026],[84.48458108886915,27.598937077432844],[84.48467026673838,27.59878547786495],[84.48475496157253,27.598731976398934],[84.48514289116228,27.598665056109397],[84.48565569714503,27.598696272613264],[84.485909857043,27.598758742434917],[84.48655641882813,27.598731970996035],[84.48752404676677,27.59852689981347],[84.48767565743482,27.59845551757908],[84.48780941710082,27.598339600627092],[84.48793877385326,27.598174593827185],[84.48803242924396,27.597942743696358],[84.48815282022642,27.597376418051947],[84.48810823396731,27.596747676716085],[84.48786745157035,27.596056532135872],[84.48748842540698,27.595762213738837],[84.48693993377152,27.595539283934617],[84.48617298141635,27.595347505725233],[84.48566466280435,27.595129019369182],[84.48543723882456,27.594914969791972],[84.48531235938832,27.594741135458182],[84.48527225382043,27.59462511117958],[84.48528562234611,27.594170311694917],[84.48543275597761,27.593425619428217],[84.48552641538679,27.593144759966403],[84.48551744970625,27.59251152627891],[84.485365833436,27.59182488084783],[84.48535246492867,27.59159297867172],[84.48555315231877,27.591294220419893],[84.48600799849031,27.5910578418382],[84.48661437449351,27.590861653505687],[84.48706921240117,27.590585190164617],[84.48733233155173,27.59035781279825],[84.48744383864063,27.590192805431755],[84.48753741477707,27.589907383009027],[84.48754638014755,27.589622000373417],[84.48752852945319,27.589448118611642],[84.48735018230605,27.588930901627485],[84.48704247616315,27.588409183408675],[84.48645835835173,27.587744755699553],[84.48612391085189,27.587414788578567],[84.4859188226633,27.58712493839462],[84.48575383901938,27.586817305922487],[84.48527665662863,27.586273242688957],[84.48519196255086,27.586233108657808],[84.48508493403688,27.58619298216298],[84.48496005384747,27.58617071558669],[84.48487087642062,27.586166199586025],[84.48427336813857,27.586099314080474],[84.48359564033477,27.58594774591557],[84.4827706846489,27.585568688884404],[84.48230692715308,27.58517627528342],[84.4820393823144,27.584828506762776],[84.48175398379165,27.58430676201102],[84.48155336340665,27.58384300880839],[84.481397253692,27.583334689525884],[84.48129021822612,27.583151910159376],[84.48121440465485,27.582920021658484],[84.48116092680729,27.58251869551993],[84.4810806298874,27.58222887209611],[84.48109407942903,27.581769585338126],[84.48100041291407,27.581421741856033],[84.48098256021939,27.581194381391583],[84.48082652903693,27.580730603434386],[84.4803315335648,27.580070648994038],[84.480162130949,27.57999037330031],[84.47991234925863,27.579789699407225],[84.47940405623359,27.579606891594498],[84.47906068173849,27.57952221369367],[84.47854789793098,27.57955338110962],[84.47828930267285,27.579526607817268],[84.47800836925211,27.57961580086498],[84.47794592162832,27.57965153043737],[84.47790132757922,27.579727335860078],[84.47771406422602,27.58025792870107],[84.47770509734669,27.580565638544165],[84.47775865841798,27.580873329263024],[84.47771406422602,27.580966898436635],[84.477629359186,27.581002637080868],[84.4775178333648,27.581118545501514],[84.47746883559287,27.581270142506746],[84.47752231681899,27.58165361744289],[84.4775178333648,27.58188107257094],[84.47742424117978,27.582188724701897],[84.47733056878295,27.58233587000342],[84.47674643393702,27.582594507198493],[84.47661713246592,27.582705958933776],[84.47648334717523,27.582857581292675],[84.47638967327062,27.583156389983056],[84.47638526979277,27.583330285955146],[84.47638078625135,27.583388220820893],[84.47655916688385,27.58400356471576],[84.4766126489423,27.584462821591792],[84.47655916688385,27.584783932690552],[84.47629607927924,27.585006832855253],[84.47603739399497,27.585038073954724],[84.47527045865753,27.584948892975095],[84.47518575007653,27.58496231220268],[84.4746729322751,27.584913209319716],[84.47365184699571,27.584641199081446],[84.47330843871012,27.584618903243086],[84.47193062179366,27.584890893614656],[84.47124834699405,27.584877537353396],[84.4703922293896,27.584761666921995],[84.46988385358722,27.5845431181422],[84.46973668081019,27.584440595070237],[84.46949149878907,27.58409717614401],[84.46950038685547,27.5837538552234],[84.46964756022709,27.58333024394608],[84.46966093232682,27.58329462246103],[84.469643076169,27.583165280101834],[84.46960295984836,27.583120659590904],[84.46917489056982,27.58309391853706],[84.46874233403123,27.583236603781206],[84.46831425845413,27.583285646783953],[84.46805561793217,27.58320538170814],[84.46784606221861,27.583067169662254],[84.46774348614477,27.582893218517825],[84.4677122568594,27.582603378958957],[84.4680199847056,27.58146192772704],[84.46813144856903,27.5813504001812],[84.46835885981552,27.580895606421862],[84.46849266369566,27.580726138813382],[84.46886716879938,27.580391718549233],[84.46926409194613,27.579901165108797],[84.46979024918159,27.579450826033682],[84.46995071378524,27.579245725262226],[84.47020934592739,27.579040596339578],[84.4705393204458,27.578857761316932],[84.47164077007582,27.57842080182925],[84.47172996769119,27.57834944801899],[84.4720733051779,27.578336035604462],[84.47213567900586,27.578376184230553],[84.47304093274697,27.578224578838775],[84.47342437626311,27.578229002459672],[84.47403080278386,27.57807293414972],[84.4746461903647,27.577475424010263],[84.47477997985978,27.577190072853764],[84.47483346354593,27.576962683282325],[84.47484235080042,27.576619346951084],[84.47474875433176,27.576039661072212],[84.47473986706305,27.575696242482906],[84.47466844860234,27.575236967598048],[84.47457036817501,27.574889203802737],[84.47451688424816,27.574425461221796],[84.47432064265436,27.573792238285456],[84.47398180208917,27.572922675011238],[84.47359387847347,27.57234298902529],[84.47282242726737,27.571616219148932],[84.47231855644404,27.571299561774936],[84.47138654811859,27.5708581488986],[84.47002654196524,27.570483556093226],[84.46951824305685,27.570300799537126],[84.46901434376433,27.570001983242133],[84.46872447759297,27.56972550610603],[84.46861749899665,27.569667602913455]]]},"id":"00000000000000000191","properties":{"DISTRICT":"CHITAWAN","GaPa_NaPa":"Ratnanagar","Province":"Bagmati","STATE_CODE":3,"Type_GN":"Nagarpalika"}},{"type":"Feature","geometry":{"type":"Polygon","coordinates":[[[84.71541088586983,27.565217342951804],[84.71503183221861,27.565685624749687],[84.71484461674369,27.565868371204765],[84.71433176440758,27.56638122165107],[84.71400628577908,27.566564076333105],[84.71357372006868,27.566671068624657],[84.71319026876891,27.56666213850371],[84.71293606840717,27.56659971265923],[84.71211118525743,27.566296479205274],[84.71118813133316,27.565649907919198],[84.71034089573438,27.565270892823616],[84.70975232874918,27.564838384890436],[84.7094178930637,27.56461984552136],[84.70909677236736,27.564481644965642],[84.70833427296394,27.563959920413872],[84.70832095584812,27.56395102025746],[84.70812917308908,27.56384845055877],[84.70810684490914,27.563835100206003],[84.70798204617199,27.56377267062186],[84.70764313449389,27.563594230745768],[84.70747814359008,27.56349616085937],[84.70730422081387,27.563451599203447],[84.7068539011165,27.563558612545712],[84.70640349813907,27.563759296484022],[84.70620732293244,27.563808277487986],[84.70594870556812,27.56395990098003],[84.7051683008689,27.56430323799799],[84.70413827163414,27.564530722352075],[84.70265340522718,27.56498102320821],[84.70198006279342,27.565364576296876],[84.70193548139176,27.565440302128394],[84.70148065341367,27.56583269959575],[84.70086974430389,27.566238533167883],[84.70035254006058,27.56657291841462],[84.70002698212416,27.56672010413546],[84.69924665641912,27.567197257751708],[84.698921171968,27.567344353465966],[84.69814521788847,27.567616370702012],[84.6978197271935,27.567776946758368],[84.69736933308116,27.567901779869782],[84.69704383798812,27.56804886963045],[84.69653106581788,27.568151500363363],[84.69543412158164,27.568454672938373],[84.69530482865717,27.56853047182032],[84.6949168683755,27.56863302817493],[84.69459135938219,27.568762340433146],[84.6945289054732,27.568780231278296],[84.69386001426615,27.568994237931328],[84.69328037138145,27.569212713418526],[84.69282555460842,27.56934209349631],[84.69204967769831,27.569672025651705],[84.69185345344131,27.56978348753287],[84.6912068658418,27.57000199006494],[84.68997620750709,27.57072434370433],[84.68958821123674,27.570831345654458],[84.68932959878069,27.570942834391268],[84.6882950575461,27.571228228439598],[84.68777781983017,27.571451198931012],[84.68732303926927,27.571691997791543],[84.68706441661891,27.571763387835425],[84.68680579280469,27.571892639759152],[84.68661401794796,27.571946131191694],[84.68542346787304,27.57249905314122],[84.6852941524194,27.572534745945564],[84.68486160965784,27.572815671930137],[84.68460297593154,27.572922683984288],[84.68408570498787,27.573069825605366],[84.68337672350918,27.573190268440236],[84.68317161426268,27.57318136505935],[84.6831448087995,27.573185788371475],[84.68271679725534,27.573176855488107],[84.68245815387924,27.573190283649197],[84.68201665444715,27.573047519219575],[84.68188733132966,27.57304758034657],[84.68130764745214,27.573190273366805],[84.68117840252083,27.57326159240477],[84.68027320117403,27.573591593162334],[84.67988521918485,27.57368079508907],[84.67968903317674,27.573774377872642],[84.67917626569135,27.573917117249223],[84.67845828778894,27.57430506516963],[84.67791431323101,27.574737608121985],[84.67752192709817,27.575210230230194],[84.67722759584854,27.57575428101132],[84.67715626676922,27.576097557028916],[84.67712507024251,27.576614876483614],[84.67715626676922,27.577992749138406],[84.67705812930073,27.578563488753865],[84.6769244067571,27.57879088654602],[84.67654980644883,27.57924569067124],[84.67637594958764,27.579375030403778],[84.6762644064509,27.579450857570574],[84.67615741100704,27.57948649973935],[84.67570708646521,27.579687143810673],[84.67551088620452,27.579745178311335],[84.67525221041758,27.579870021965792],[84.67454319981422,27.58007067797559],[84.6742845994664,27.58021775516214],[84.67395905340787,27.5803470914046],[84.67357110861585,27.58043627020672],[84.67350871165685,27.58041397148052],[84.67312523218497,27.58046305063331],[84.6721620538918,27.58039172693967],[84.6717161665415,27.5802668905453],[84.6715065472249,27.580168775322964],[84.67121226499248,27.579972505376574],[84.67102498644326,27.579776312720156],[84.67094024409586,27.57975851483401],[84.67068609610035,27.57958011972809],[84.67049434727797,27.579517688167474],[84.6702401973132,27.579455278200093],[84.66947319224737,27.579441894847104],[84.66902289518526,27.57953108453578],[84.66781442504944,27.579985889956486],[84.66742651863149,27.58007514189885],[84.66691372164648,27.580142018557236],[84.66666849358694,27.580137534858768],[84.66653019822641,27.58013304024656],[84.66627156186821,27.580075094351375],[84.6653797722409,27.579959136465114],[84.66518800574053,27.57997250276181],[84.66486248802556,27.58006619162147],[84.664559313583,27.580231184003217],[84.66410889827579,27.58035606689334],[84.66295850371324,27.58029357542816],[84.66276225998739,27.580324802657575],[84.66217815361824,27.580605717043284],[84.66211574430757,27.580641449765444],[84.66196411015073,27.58067706480014],[84.66183482176483,27.58069496475691],[84.66149140805626,27.58078411907647],[84.66065309650516,27.58101599068272],[84.65972115491847,27.58147971394645],[84.65907460509858,27.58169821570019],[84.65875352229726,27.5817472363085],[84.658173844788,27.58175615443708],[84.65758083257069,27.581649200323938],[84.65726421103106,27.581488654800633],[84.6570323506955,27.58131475448257],[84.65696993580892,27.581176464778792],[84.65704128990646,27.580966969067116],[84.65706355811344,27.58087326909648],[84.65737124159749,27.58045409004996],[84.6574381256238,27.580342637392505],[84.65770566095249,27.579963612450225],[84.65795092718335,27.57954890937909],[84.65808916333624,27.579147598275092],[84.65804901742071,27.579031680304286],[84.6580936328599,27.57889794276291],[84.6580981023832,27.578688287890767],[84.65805795647391,27.578630317513582],[84.65806242599999,27.57849655713154],[84.65794198811355,27.578184427841446],[84.65779481251484,27.57797038193311],[84.65756295431484,27.577836659910236],[84.65716611945737,27.577520083392702],[84.65633229442987,27.576721897605054],[84.656104820206,27.576329493107217],[84.65596218941873,27.575986149481817],[84.65565896812191,27.575401989173653],[84.65515955541613,27.57480002718582],[84.6549901037095,27.57470191117564],[84.65471808598525,27.574447708067343],[84.654463866382,27.574327318305922],[84.65361220258418,27.57415791551022],[84.65284968541341,27.574046397875595],[84.65259553738792,27.573926007529526],[84.65233691827176,27.573863572478945],[84.65198019759264,27.573685221180277],[84.65146734289276,27.573600518488167],[84.65078509938061,27.573627257774096],[84.65052647214053,27.57368071685197],[84.65018315066894,27.573671811603123],[84.64965255891798,27.57360499299779],[84.64925566958306,27.57339089362388],[84.64912635267694,27.573306188460464],[84.64893461189085,27.57318577912164],[84.64872506929498,27.573029773096398],[84.64849317460103,27.57287362191879],[84.64778415378174,27.57226723613116],[84.64750771152976,27.57208883398763],[84.6471242185528,27.571963997117667],[84.64592917932453,27.57192385389508],[84.6457196258053,27.571879276368083],[84.64539854842154,27.571816837745654],[84.64518452244941,27.571754408059313],[84.64505966694624,27.571714336882238],[84.64482775750973,27.571593894820236],[84.6446360024279,27.5714779433185],[84.6440251281159,27.571197024190603],[84.6431734697528,27.570987468073614],[84.64291927906797,27.57100527933211],[84.64229497432743,27.57110787182249],[84.64220579878926,27.571161407382988],[84.64192932979422,27.57125497006108],[84.64114901425518,27.57164290507294],[84.64063175200417,27.57174550138847],[84.63994953995171,27.57175442096376],[84.63941885403207,27.57164738037079],[84.6389061271184,27.571616210813698],[84.63805439317335,27.57137090567769],[84.63746580477668,27.57111233636928],[84.63679249763817,27.57058165095105],[84.63627072511183,27.570033226372338],[84.63554837975124,27.569025443204204],[84.63533878851855,27.56884709235817],[84.63481261136499,27.568588504376194],[84.63447374754476,27.568468031534305],[84.6340456935838,27.56836555062546],[84.6331939677446,27.56828968891874],[84.63259646662272,27.568276302647888],[84.63174479924812,27.568147038921726],[84.63148616647528,27.568142514724254],[84.63080839778729,27.56801771737699],[84.63029559437119,27.56800428333406],[84.62977831468191,27.568111305496206],[84.6292655021165,27.56813813696178],[84.62848964685529,27.568316434309192],[84.62806154852076,27.56836554762404],[84.62754880056333,27.56837442774297],[84.62625113899718,27.568102381676134],[84.62578740757375,27.567937425109942],[84.62557338871599,27.5678972886687],[84.62510517977051,27.5679240403672],[84.62499816917675,27.567919641940424],[84.6248732699942,27.56791517794521],[84.6243204041924,27.56752721284887],[84.62304503129307,27.567041167032286],[84.62259916322922,27.56690296234052],[84.62195706883749,27.566782536259158],[84.62144873904955,27.56662200401042],[84.62048996817995,27.5665194301768],[84.62016891015556,27.56653729616725],[84.61991030540489,27.56649266072932],[84.61914334942624,27.566621962469515],[84.61882228391961,27.56671563172314],[84.61824260441499,27.566974312603417],[84.61785468392387,27.567108075614467],[84.61721253680759,27.567424606695386],[84.61695391882674,27.567478183119],[84.61663731389233,27.567478176147873],[84.61650800375959,27.567513803405376],[84.61618700348292,27.567513804035098],[84.61548245793412,27.567313163424224],[84.61459060165556,27.5667914247638],[84.6141446683563,27.566613100661613],[84.6137611933199,27.566514961780094],[84.6133777157398,27.566492717442017],[84.61280253453808,27.566523861592046],[84.61267321582689,27.566564038810263],[84.61203109102465,27.56653731995138],[84.61126411036992,27.566644253404384],[84.61075129321765,27.566639854442226],[84.61011370019162,27.566479279766433],[84.6098550504526,27.56638122956721],[84.60940916050876,27.566341111509985],[84.60889632690653,27.566470370205174],[84.60876699945925,27.5665461693747],[84.60844595620141,27.56663981423128],[84.60812491116147,27.566693367675928],[84.60780386433946,27.566688882828636],[84.6074203472505,27.566626440702905],[84.60701461998858,27.566470366780212],[84.60688976182381,27.566452584347278],[84.60673814226966,27.56637233492484],[84.60639927352598,27.566314297952257],[84.60616289502565,27.566292016771296],[84.60577944694172,27.566287610330722],[84.60507485446142,27.566434694517945],[84.60469139916552,27.56656403831936],[84.6041117377516,27.56665318796139],[84.60385753489723,27.56672905390185],[84.60368361859884,27.566746868449503],[84.60330015408196,27.56684049233757],[84.60323776096912,27.56683602061892],[84.6027204787293,27.567063477368762],[84.60220766571717,27.56713029802654],[84.60150318952073,27.567125845668386],[84.60073614915346,27.56723289455942],[84.6004775373764,27.567228402584604],[84.5995144240374,27.567504897685023],[84.59900158261453,27.56761634814692],[84.59868056506035,27.567669879408786],[84.59810531760264,27.56764756448982],[84.59759701779988,27.56746927106828],[84.59733839199649,27.567313163350285],[84.59653574181507,27.566523882126685],[84.59575537236387,27.5659041232522],[84.59511769397082,27.565516152351076],[84.59486353151105,27.56540021351143],[84.59435072878526,27.565297627691283],[84.59382010342111,27.564972111097546],[84.59349905713398,27.56485169810068],[84.59260726143076,27.564766981274044],[84.59234861333772,27.564802652770286],[84.59184026299333,27.564646658224106],[84.59114021523608,27.564258657586404],[84.59094844174527,27.564102633877187],[84.59058279186317,27.564062447969],[84.5900745059262,27.563995558783084],[84.58975343887444,27.563977728175175],[84.58904889102539,27.56398669423983],[84.58872781828876,27.56404020187324],[84.58763976961937,27.563991132082553],[84.58723406351533,27.564026792884924],[84.58693527597423,27.56404464383832],[84.58661419152318,27.56411600339348],[84.5860345089165,27.564414723385738],[84.5851115118213,27.56507911345755],[84.58483500939663,27.565208452151186],[84.58470570809905,27.56522628127654],[84.58438469120746,27.565413620458592],[84.5838674003512,27.56552064551051],[84.58333228355441,27.565480456083392],[84.58329216557873,27.565480502699636],[84.58233348154812,27.56526195632455],[84.58201684700995,27.56514606487263],[84.5816735179538,27.565123777633577],[84.5811429362994,27.56507911352458],[84.58075940241814,27.565003384136283],[84.57954205114693,27.564936449774844],[84.5793503191883,27.56497211164337],[84.57877064384513,27.564967670572887],[84.57864132901811,27.565007814943886],[84.57838717419122,27.565003366398063],[84.57793680590464,27.565056813510427],[84.57755333073555,27.565052417289706],[84.57744631209792,27.565056821404788],[84.57731699431704,27.565074732114915],[84.57691121594681,27.56514607289701],[84.57575628658661,27.565311000574148],[84.57473073798911,27.565302119814522],[84.57415549248014,27.565199528279],[84.57358471732856,27.565007823015343],[84.57307188613085,27.56477596295839],[84.57268845872088,27.564544055218384],[84.57198833946858,27.564231945008913],[84.5716495071716,27.564000076084394],[84.57128829169876,27.563692333412746],[84.5710162795361,27.563366817130166],[84.57073978981559,27.5629654999234],[84.57053020349458,27.56276929160836],[84.57040534660021,27.562541921863236],[84.57028048943714,27.56215847885001],[84.57015571193973,27.56192655778093],[84.57007098139134,27.561623339804072],[84.56994612350863,27.561391504183405],[84.56992829806556,27.561083840409527],[84.56980343987578,27.560472890394],[84.56966067595691,27.560089459338602],[84.56949568966907,27.559478548721305],[84.56937530693625,27.558711514091726],[84.56935300492844,27.558600105737458],[84.56933070291205,27.55854209167172],[84.5691523664082,27.557547697067108],[84.56898737867489,27.556914545593518],[84.56888482065652,27.556455261686096],[84.56878673889027,27.555541132302906],[84.56868418051727,27.555157652192513],[84.5683898537667,27.554466500445553],[84.56832742305001,27.55408297580424],[84.56841663260668,27.553779831889706],[84.56867970407595,27.553244703987477],[84.56872430860062,27.552941515593613],[84.56889816999576,27.552638276970217],[84.56894277435246,27.552482149732555],[84.56896507651796,27.552022902323458],[84.56875996022113,27.551336201328994],[84.56855036674786,27.550952736591313],[84.56838098077522,27.55076094091736],[84.56806434998352,27.550297224241394],[84.56793501128375,27.550239230584406],[84.5677210182531,27.550123288913138],[84.56751142102695,27.55002519813641],[84.56731964929374,27.549909318780028],[84.56649028320868,27.54950355219983],[84.56540229680982,27.549169036506623],[84.56501881871144,27.54911112596706],[84.5645684265649,27.549088820543872],[84.564505991737,27.549048703140834],[84.56437664510645,27.54904865646155],[84.56297204045335,27.548767754344848],[84.56200886333298,27.548683012198598],[84.56149608971207,27.54868299567147],[84.56111258580701,27.548620608970253],[84.56059980426973,27.548464506502498],[84.56055967056885,27.548464546665368],[84.55985516770028,27.548094422782015],[84.55938690680907,27.547844690505237],[84.55881174902889,27.547608371927726],[84.55823650560092,27.547434462896728],[84.55791989942058,27.547372091393733],[84.55727780719273,27.547349774652393],[84.55688987802856,27.547443375659704],[84.55657326450667,27.547474578939486],[84.55579739417507,27.547817946310857],[84.55504821853104,27.548210390332837],[84.55453098586574,27.54837982757783],[84.55401814621041,27.548468982818928],[84.55363467287673,27.548620608151605],[84.55356782864204,27.54862058416356],[84.55324679933797,27.548790096911855],[84.55273394834563,27.548995146018314],[84.55253773007068,27.54910667629644],[84.55214984920813,27.549450009804975],[84.5519982463366,27.54965516370968],[84.55180650331965,27.54982901350514],[84.55172174598788,27.549864718413513],[84.55148098651534,27.550092099588397],[84.55109749643458,27.55035523815329],[84.55055791936611,27.550582624561876],[84.55047324017451,27.55060047350367],[84.54978652655355,27.550747632235453],[84.54908197297341,27.550876945461297],[84.54831056056835,27.550925956173632],[84.5481856558862,27.55096606956338],[84.54722255340685,27.550957212146052],[84.54625935500103,27.551046383935223],[84.54517130944286,27.55103744180344],[84.54414570030198,27.550818964178788],[84.54376224178903,27.550778854191663],[84.54242007709053,27.550404208591846],[84.54166649037268,27.55026601625029],[84.5416531347734,27.550261564184353],[84.54101102273245,27.550105503482875],[84.54024406183088,27.550025263902015],[84.5399898188576,27.55002074521283],[84.5394146290171,27.54984238879276],[84.53877697100587,27.549664081061046],[84.53839347708825,27.549490110754952],[84.53817945519152,27.549374214991065],[84.53781827146032,27.549066558823277],[84.53741693579978,27.548852509482593],[84.53690418507517,27.54871427142446],[84.53667232204842,27.54871428553874],[84.53636903517652,27.548825698971317],[84.53613277104826,27.54891938254904],[84.5355129130702,27.549119987335185],[84.53523641429106,27.549120033703005],[84.53508932632292,27.549120067084072],[84.53418855437369,27.5491691035682],[84.53386749802766,27.549280527810268],[84.53284192949127,27.54949903885176],[84.53219980016716,27.549512407665006],[84.53194560202215,27.549494572059064],[84.53143280307715,27.549392028095077],[84.53104934073546,27.549369741157445],[84.53066587586717,27.549307273247504],[84.53015754505607,27.549169095438415],[84.52934596631646,27.549048650495315],[84.52874843363666,27.549008574697613],[84.528298080321,27.548999635606865],[84.52766046045853,27.548861370488655],[84.52650999129578,27.548758846530266],[84.52529262265783,27.548745472212065],[84.52512319057202,27.548745420427554],[84.52445881684783,27.5488168094762],[84.52381667504012,27.548888176299037],[84.52302740769989,27.548919379481628],[84.52272868970084,27.548932723919346],[84.52206868868934,27.548888109552074],[84.5217030849099,27.548870338640246],[84.52055265804526,27.548629549817424],[84.51991495336544,27.548549283757804],[84.51851039438739,27.5482103535314],[84.51799755711158,27.54813008159854],[84.51780586201915,27.548107805018528],[84.51750703723435,27.5480899727679],[84.51645917821509,27.548344180160786],[84.51611586167462,27.548455667347042],[84.51594640289294,27.548513550762305],[84.51569221379636,27.54858943769028],[84.51558076068888,27.548625050305823],[84.51519279339949,27.548772188118257],[84.51354296345916,27.549561512600004],[84.51264217820618,27.54993603324472],[84.51185291949614,27.55023038678536],[84.51144268317792,27.55038645547695],[84.51125096652223,27.550480062029187],[84.50990429127548,27.550850114824893],[84.5095832610692,27.55086353241271],[84.5088742197461,27.550970581695278],[84.50868249464352,27.550970523229047],[84.50842835388637,27.55100621787483],[84.50810731555298,27.551099899131124],[84.50765688266812,27.55111767413394],[84.50676064771216,27.55126036587872],[84.50618096841004,27.551429823093475],[84.50553886522863,27.551536904915203],[84.50476743580629,27.551759772761905],[84.50348319124765,27.552205699535016],[84.50245316634495,27.552638253984355],[84.50202509765833,27.5529058157539],[84.50164160178709,27.553070762498834],[84.50080329600281,27.553525600863285],[84.50054463922312,27.553695026123],[84.50020130899117,27.55399378189852],[84.5000006719506,27.55409192730005],[84.49994713127549,27.554096419930215],[84.499920400935,27.554248038353204],[84.49969743420453,27.554702789848626],[84.49949231366377,27.55502387422027],[84.49944773606498,27.555095236088746],[84.49865845882881,27.556526592650602],[84.4985157603345,27.557057270806524],[84.49848006564815,27.557516553019596],[84.4982794226888,27.558582231595818],[84.49827053899973,27.55888543519531],[84.49819466743806,27.55934473251517],[84.49817690003277,27.559955600740025],[84.49813224139562,27.560107219608156],[84.49804308408586,27.562470587002412],[84.49807877903952,27.56270242632131],[84.49806093156542,27.563313369802756],[84.49798954161447,27.563616595758592],[84.49802083475394,27.56400003293976],[84.49792711535258,27.56430326816256],[84.49782459207759,27.56490969975859],[84.4977844951037,27.565444763569104],[84.49769525722863,27.565747994648692],[84.49750797729818,27.566278667881175],[84.49740545328682,27.56686723697919],[84.49733406253395,27.567018864468224],[84.4973296606349,27.567246256925237],[84.49680791319311,27.56906561849816],[84.49662511240304,27.569368804392774],[84.49658053261389,27.569520417665093],[84.49601419825296,27.57065298346939],[84.49578681458138,27.571027607862778],[84.49548803701288,27.571785609507742],[84.49494850471893,27.572690851827588],[84.49481027928036,27.572989630949237],[84.49431972440128,27.573743161122987],[84.493891676084,27.574496747715514],[84.49335661127337,27.57522806287108],[84.49266986420999,27.576012826442508],[84.49224180379477,27.57684674043149],[84.49171120622741,27.578211235761948],[84.49130539068355,27.578893452074116],[84.49085947058786,27.579419639132652],[84.48948158718984,27.580556670699153],[84.48921855776818,27.580726135046497],[84.48895992969233,27.580833195010314],[84.4887859894601,27.58088665384563],[84.48850510650945,27.58091784526134],[84.48782286509336,27.580940193704002],[84.48670803200801,27.58087773766459],[84.48603025240077,27.58070832517457],[84.4850894169105,27.580574549574752],[84.48372940934402,27.580200000541396],[84.48349749483454,27.580137515277496],[84.48335035632876,27.58007508680313],[84.48224896721418,27.57965149888291],[84.48157561901407,27.579272457794083],[84.48149091957083,27.579254638029017],[84.4809870434078,27.578875617713436],[84.4808844903868,27.578741842634813],[84.480630308626,27.578523319064598],[84.47969835274974,27.5774129800311],[84.47928813053963,27.576811008579014],[84.47893586873263,27.576400765605957],[84.47856575136943,27.575874653751928],[84.47833829975698,27.575642722506398],[84.477905811004,27.575000669946263],[84.47774080473302,27.57482674085662],[84.47720567202035,27.574064202413155],[84.47700055252731,27.573662912775006],[84.47646549310072,27.57290037111322],[84.47624700041976,27.5724366823866],[84.47593483228866,27.57202640957256],[84.47550232575239,27.57150021591019],[84.47520800810877,27.57128624465165],[84.4746461903647,27.570755629500052],[84.47448117489253,27.570559375572255],[84.47364287949326,27.569796920357245],[84.47347794125656,27.569676460576687],[84.4729695922789,27.56941783161426],[84.47135091692132,27.569114666352668],[84.47041000524729,27.569092296263378],[84.47032528962477,27.569128033076375],[84.46963859211057,27.569208241253236],[84.468862764755,27.569248392224967],[84.46867098831927,27.569324242959432],[84.46860412665836,27.56937773901069],[84.46858178603847,27.56945353661717],[84.46861749899665,27.569667602913455],[84.46848817954904,27.569738882084025],[84.46814033684208,27.56982808139881],[84.46768110763253,27.570162548034656],[84.46707461526694,27.5704924985993],[84.46681596926399,27.570581667843925],[84.46638347535882,27.570630717258744],[84.46570570028963,27.570461297103748],[84.46510367185138,27.5704478972306],[84.46450171729805,27.57059063395019],[84.46424314000048,27.57069765506711],[84.46395773468232,27.570942872287375],[84.46378380011888,27.571032011493624],[84.46335128379974,27.571139076330063],[84.46292324885727,27.571130175971362],[84.46249961530768,27.57104092668209],[84.46173266260939,27.57083142855067],[84.46088537520698,27.570510354524178],[84.4603725921945,27.570438976917053],[84.45959223722535,27.570768935631907],[84.45933363823545,27.57091611783788],[84.45907503810312,27.57100527320622],[84.45872273462899,27.57122826456854],[84.45833478991004,27.57137538405436],[84.45811630958907,27.571460153095963],[84.457599017338,27.571625152611695],[84.45716653540357,27.571692026260056],[84.45612752454409,27.572066562871385],[84.45561029481287,27.57219138460837],[84.45543641553549,27.572280603013084],[84.45483436155668,27.57244114311946],[84.45431271526336,27.57265960582901],[84.45365722682915,27.573065376952435],[84.45333172251486,27.573208093258984],[84.453073095873,27.573261615454538],[84.45272972699352,27.573234810105905],[84.45213661598805,27.57297175336672],[84.45137857854039,27.57253027679468],[84.45119131038167,27.57232070632121],[84.450018587995,27.571370905219936],[84.44972870784336,27.571041011733552],[84.4490821393753,27.570452384471306],[84.44893499438994,27.570349837625653],[84.44870758777658,27.570095633701325],[84.44862284073963,27.57005993847441],[84.44849804289494,27.569921770630952],[84.44784697511702,27.56944909734662],[84.44704434469577,27.56897198214363],[84.44687933149015,27.568775700056683],[84.44642009569063,27.568361019258074],[84.4460900652988,27.56789283983333],[84.4459251295108,27.56773673100587],[84.44584935021214,27.567429114716287],[84.44572446635499,27.567255231353652],[84.44523838605,27.56626974265865],[84.44476575960677,27.565623126083224],[84.44440904427744,27.565275372518578],[84.44402108485336,27.564615435613362],[84.44381152321249,27.564454863658455],[84.44364650090371,27.56427651809251],[84.44344142398904,27.56392874133037],[84.44314261923131,27.563175138393838],[84.44295532474862,27.562885293080697],[84.44285727128205,27.562595437991618],[84.44242916664386,27.561953349199506],[84.4422017347831,27.56154754010458],[84.4414838646397,27.560557585199295],[84.44121629333826,27.560147402542768],[84.4411761575377,27.560031440124742],[84.44082390662827,27.559523155367366],[84.4406589560206,27.559331414915363],[84.44009704697045,27.55880074057113],[84.43999450239389,27.55866246642287],[84.43938363743027,27.55820768115863],[84.43904916113078,27.55805157408821],[84.43864786716765,27.557770669638884],[84.43822421825475,27.557570022027267],[84.4377158835886,27.55740500371931],[84.43720313809006,27.557338188469835],[84.43711837441798,27.55735149684533],[84.43686424290125,27.557311437642905],[84.43634700334819,27.5572980047256],[84.43557554201338,27.557378327745635],[84.43523223084539,27.557445134987702],[84.43453654886754,27.557677033008925],[84.43367596850887,27.557904478104742],[84.43280648188984,27.55822994112878],[84.43230699397702,27.55854653406929],[84.43180758193564,27.558800724988792],[84.43127251005755,27.559362552271836],[84.43072405231182,27.559830817125903],[84.42994370308297,27.56017410445478],[84.42980989125793,27.560303464441418],[84.42946213933953,27.56054424808119],[84.42899836007174,27.56095893321272],[84.42827151411167,27.56168580773605],[84.42777214785129,27.562653438051242],[84.42739313307463,27.563081501886188],[84.42664839796714,27.56367900120677],[84.4264209850406,27.56412937477232],[84.42580116415172,27.564865145703546],[84.42561838184871,27.565163845934016],[84.42556934064295,27.565471560268772],[84.42557374794252,27.56600664178073],[84.42547566541545,27.566390144868436],[84.42536420051455,27.566635368503096],[84.4254221366469,27.56673347440358],[84.42555147104308,27.566733475384776],[84.4258859441762,27.566376755855917],[84.42614453050771,27.566247401673554],[84.426719794867,27.56632327899481],[84.42685353360729,27.566283105076124],[84.4270452867038,27.56617606915947],[84.42724144634818,27.566122592635555],[84.42743319817728,27.566127054069224],[84.42755804086178,27.566225159416657],[84.42768296341053,27.566381203929616],[84.42774089725405,27.566613124454687],[84.42770075223164,27.567299785730413],[84.42771862117715,27.568142577027483],[84.42763392392983,27.568829234816707],[84.42750010683775,27.56905669091927],[84.42736636957082,27.569150336357087],[84.42693823198081,27.569235052943235],[84.42659495039942,27.569248447717218],[84.42633628592061,27.56923952016875],[84.42548456016118,27.56912355824066],[84.42488708667756,27.56897644225802],[84.4243743091859,27.56894519394382],[84.42343344419582,27.568829220322385],[84.42284035734083,27.56868209296045],[84.42198417328895,27.568526028561095],[84.42190395548005,27.568485946646863],[84.42147585818724,27.56843683496063],[84.42062414204864,27.568227291250057],[84.42036553140083,27.568200501316095],[84.41994191075466,27.56809800353397],[84.41942917021314,27.56808459244926],[84.41883163510587,27.567995383671963],[84.41797547274616,27.567955255257072],[84.41780605001556,27.56791516501868],[84.41686515992228,27.567852707636415],[84.41666896560857,27.56784823153216],[84.41438142619435,27.567799229589014],[84.41352079076617,27.56789725913883],[84.41300799417205,27.56788837470306],[84.41232134627242,27.56798650518238],[84.41197349076671,27.568111353672318],[84.41128683077832,27.56824955905354],[84.41084983929373,27.568432420182834],[84.41059118561304,27.568485861458996],[84.41007395499035,27.568686564978684],[84.40981529789485,27.568735630385934],[84.40938278413778,27.568900633752975],[84.40895026719784,27.568985295397557],[84.40835270566305,27.569012087401894],[84.40817884657866,27.569043310040396],[84.40792466992401,27.569038813143127],[84.40749214225455,27.569087852200198],[84.40723796263056,27.56906112657694],[84.40646211080639,27.569141359183767],[84.40500392414476,27.56920826928756],[84.40457586402256,27.56925729988835],[84.40355027059522,27.569230534418516],[84.40277437010705,27.569351002538866],[84.40243102746669,27.569342017626493],[84.40200743784685,27.569315254628386],[84.40081240806677,27.569154808705385],[84.3997912384058,27.56892288243804],[84.39945236777767,27.568798024823035],[84.39910900574381,27.568753414068787],[84.39874784412211,27.568668720151432],[84.39851599402785,27.568530491691696],[84.39816364747736,27.568236197931146],[84.39742792183536,27.56779918154127],[84.39698649806807,27.567482642874406],[84.39646473827999,27.56701441942346],[84.39600991839016,27.56643025296793],[84.39578695674749,27.56596209096686],[84.3955328067033,27.56521290983626],[84.39520281087542,27.564000052895466],[84.39514484494488,27.563884081860714],[84.39475696080326,27.56249284953113],[84.39469899443351,27.562381430221144],[84.39462314900042,27.561284481662135],[84.39464543762621,27.56053534215868],[84.3944314504351,27.559897647794138],[84.39385619064034,27.55908168591228],[84.39307142298387,27.558140786024456],[84.39280387158594,27.557886662444282],[84.39238470261115,27.55760572181909],[84.39162661494973,27.557284616668532],[84.39119853765645,27.557195423022225],[84.39068578692243,27.557146381102626],[84.38991877725218,27.55718654082602],[84.38974486367589,27.5572400591416],[84.38862567863283,27.557405015259874],[84.38810841519562,27.557601273741568],[84.38784982186488,27.557636914894896],[84.38776506715243,27.557690452968053],[84.38748410079982,27.557779556799712],[84.38713184856692,27.558060483102185],[84.38660126115529,27.55864023321081],[84.38585657041148,27.559139663627114],[84.38568713531346,27.559215405535088],[84.3849424330094,27.559674746481107],[84.38468382577463,27.55976394095586],[84.38399267733143,27.560093853051413],[84.38383662853875,27.560205392733767],[84.38375186805,27.560223219669712],[84.38307410051145,27.560669088544774],[84.3821911947539,27.561587647865412],[84.38193257543884,27.561712541754638],[84.38141533340239,27.561855207096393],[84.38123690389436,27.561966731641295],[84.38045661929203,27.56231453506689],[84.38030497182504,27.562425978410303],[84.38015340416233,27.56253296137534],[84.38002405007617,27.562550860094646],[84.37985018747206,27.5626222180041],[84.37917237504064,27.56305029226477],[84.37904309899672,27.563179597220504],[84.37845445635197,27.563491738835882],[84.37729062677515,27.564459334318265],[84.37685362336376,27.564717960467682],[84.37624723466033,27.56501223258466],[84.37561397245152,27.565516169483494],[84.37537320912229,27.565663280422367],[84.3751993327952,27.565716776787273],[84.3749986686104,27.56584613652376],[84.37497188125347,27.5658639782532],[84.37484700709656,27.56595756986003],[84.37469542539453,27.566028926465552],[84.37418261117999,27.566060156090845],[84.37383926216582,27.566015573808908],[84.37322843122512,27.56579263101346],[84.37299206939237,27.565770312917262],[84.37282259729471,27.56570785128275],[84.37128866416894,27.565529529808497],[84.37060201063662,27.56561423877962],[84.37000446075605,27.565739056536465],[84.36931330054246,27.565935334739248],[84.3686266240054,27.566229623236175],[84.36769465295238,27.566804803279176],[84.36734685449008,27.566951940782808],[84.36711046907844,27.567139290508273],[84.36691426926936,27.567210617090346],[84.36671806880757,27.567357727495736],[84.36645946180522,27.567567295278778],[84.3664148632125,27.567602980803727],[84.36636585284961,27.567830402473383],[84.36645055813203,27.568004321901846],[84.366954455792,27.56826295463909],[84.366932156687,27.568356581234408],[84.3666957696132,27.56839227158645],[84.36645946180522,27.56850374842614],[84.36620085366894,27.56857504683547],[84.36613395547391,27.568633037707336],[84.36572374114161,27.568815846761783],[84.3649523154963,27.569047765779985],[84.36409617122035,27.569186006208277],[84.36306610241037,27.569243914328233],[84.3622991342701,27.569252843648254],[84.36196020834575,27.56918600624324],[84.36170158048458,27.56918151155206],[84.3602389961358,27.568833681226085],[84.35994024967874,27.5687311555506],[84.35964150170925,27.568726727568805],[84.35933825974239,27.56894964412872],[84.35919113067112,27.568869416822846],[84.3590216991379,27.568713306020353],[84.35885667941658,27.56848141220297],[84.35818785144588,27.56791516722138],[84.35772407171707,27.567562888488503],[84.35724247821958,27.567268530942876],[84.35677877128867,27.56689402529685],[84.35600289640676,27.56638564404571],[84.35548117478406,27.56589961347796],[84.35480781573392,27.56540912746443],[84.35422366471987,27.564882979865725],[84.35386696150562,27.564624290964133],[84.35348795195021,27.564294357159287],[84.35344783648655,27.56420070008077],[84.3533006927325,27.56408029695873],[84.35315796133607,27.56388857293661],[84.35246235144723,27.56342037920428],[84.3520387234169,27.56317958975696],[84.3511112241636,27.562742596156887],[84.35068317353125,27.56260436513428],[84.35042898941947,27.562483989102827],[84.35017480421368,27.562421544508553],[84.34983596913997,27.56226095565801],[84.34949705188598,27.562180699743127],[84.34873456119097,27.56188196144718],[84.34796756730223,27.561734784168493],[84.34762871956585,27.561592131456557],[84.34712032395737,27.561453930549984],[84.34678147136091,27.561293333626974],[84.34644253658028,27.561208606570496],[84.34601894561098,27.561030284683916],[84.34559535160446,27.56090989347585],[84.34518956832603,27.560789510284657],[84.34297781189849,27.560254415585636],[84.34238921059148,27.559955656393342],[84.34171144918653,27.559523124646816],[84.34137705942103,27.5593626067077],[84.34061895783424,27.55883637968266],[84.33977618333559,27.55826564437995],[84.33960677634646,27.558207698464773],[84.33796139272856,27.55720441668932],[84.33694916573377,27.556611329303855],[84.33669500278864,27.556495392016284],[84.33648537973318,27.55631699524162],[84.33549551871005,27.555728376823925],[84.33498717922936,27.55552773847174],[84.33378766050538,27.55472062598683],[84.33333283863371,27.554368355063946],[84.33288242750275,27.55402054662214],[84.33266837667692,27.554016119901583],[84.33251235263968,27.554243555793285],[84.33234292483678,27.55427923948026],[84.33204411753829,27.554118718363267],[84.33198167521,27.55411867615756],[84.33160268578268,27.553824384360144],[84.3312638244798,27.553663837798283],[84.33055029918805,27.553079736371043],[84.33021143185616,27.552843400280025],[84.32888267113744,27.55207641647456],[84.32828959518275,27.551817761013226],[84.32692507250978,27.551394136084582],[84.32590398763598,27.551202390232092],[84.32530646701984,27.55113108908742],[84.32496307455375,27.55112664714363],[84.32393304574204,27.55122472597633],[84.32290299900347,27.551452141920056],[84.3222965377586,27.55176876807996],[84.32207803358756,27.551915894891106],[84.32173020731922,27.55206301463253],[84.32051733485974,27.55274972074946],[84.3198797018914,27.553596987281843],[84.3195274474716,27.553989394675074],[84.3193089330795,27.554158829873266],[84.31909041788091,27.554288095726903],[84.31887639743735,27.55432381748794],[84.31879170421246,27.55428367465024],[84.31845726513787,27.5540294632715],[84.31828779708921,27.553833309078897],[84.31786416498518,27.55359696931424],[84.3177170129311,27.55348099132431],[84.31737815239137,27.553360671197485],[84.31719085906006,27.55324019804331],[84.31710616342427,27.55322237006673],[84.31658441958015,27.553440928853092],[84.31643284888038,27.553552392334197],[84.31610730774511,27.553717364608364],[84.31560787358768,27.55407411661152],[84.31532246928063,27.554430855761087],[84.31496577217509,27.55503729731649],[84.31446632839122,27.556227843344757],[84.31432815970793,27.556762952537582],[84.31435930990988,27.557222228245916],[84.31426120277511,27.557641412561473],[84.31382871054745,27.557940094139624],[84.31356561692355,27.55816312529701],[84.31325796369686,27.55853768645887],[84.31302609872687,27.55937592798541],[84.31279864858605,27.55990657518482],[84.31272727418252,27.560214286097047],[84.31254895822715,27.56061117253508],[84.3121922444192,27.561177415049798],[84.31192023163624,27.561748186211634],[84.31178647282621,27.56206476956274],[84.31152778596343,27.56298338824437],[84.31139402626732,27.563282117023846],[84.31119780201301,27.563549640563263],[84.31062711010338,27.564071420616813],[84.31036841817837,27.564182864243715],[84.30993589753004,27.564307731771898],[84.30967728287744,27.564437028574538],[84.30881664436683,27.56465105521435],[84.30812549096589,27.564869595673933],[84.30735411635398,27.564949804854702],[84.30649794060392,27.564878463024446],[84.30606988823833,27.564923078740318],[84.30512456486827,27.565137097481006],[84.30460729244119,27.56518618083945],[84.30400979782421,27.565137099378838],[84.30272557754851,27.565168359232892],[84.30212806396587,27.56504348973977],[84.30187383179396,27.564940881131808],[84.30153496093749,27.56478482347459],[84.30107121865274,27.564450404969417],[84.30090178117301,27.56438795052766],[84.30054507755968,27.564133780684152],[84.30016604750564,27.563803808745565],[84.2999786997643,27.56357201256343],[84.29935000042474,27.56292985656362],[84.29889073813004,27.56251965442823],[84.29849386968394,27.56205139944415],[84.29806134269137,27.561413787450938],[84.29802118963565,27.56129780305385],[84.29758424232587,27.560718114091376],[84.29733898506458,27.560196437854145],[84.29715170869957,27.559924471510435],[84.29694652315254,27.559652395854528],[84.29675482861659,27.55947852168211],[84.2965853788042,27.55936259496894],[84.2959923006487,27.55912175576437],[84.29556866976431,27.559019246178302],[84.29531007274214,27.558992494793443],[84.29462783698953,27.558979088489505],[84.29368249182136,27.559077180066442],[84.29308055023371,27.559202016213884],[84.29166694732032,27.559643466517514],[84.29101149510116,27.55985312530641],[84.2908152836979,27.560022524598214],[84.29055666595754,27.56012956125936],[84.28978522342531,27.56036587500506],[84.28926797784003,27.56058886832513],[84.28892019993539,27.560695814202834],[84.28857683753387,27.560843016817426],[84.28833604091504,27.56101245626757],[84.28807741237114,27.561123949499763],[84.28764930736702,27.561248749727255],[84.28706521616,27.561543073125645],[84.28620906878635,27.56168573732573],[84.28577653255896,27.561850782212403],[84.2853885725933,27.56207370836934],[84.28521467253117,27.562278821899312],[84.2849961922854,27.56243042537063],[84.28484012299991,27.562635555811667],[84.28459931122342,27.562898614905848],[84.28451456902168,27.56295663321955],[84.2843629966493,27.562969957274145],[84.28423367386353,27.56301016818569],[84.28414893113997,27.56302793172545],[84.28373421216178,27.563438171182398],[84.2833017382304,27.56366113481957],[84.28278893445001,27.563710230263812],[84.28227612624119,27.563701307475924],[84.28189264177001,27.563736967290332],[84.28184805973218,27.56371469655243],[84.28108108278508,27.563607680075602],[84.28006442945433,27.563304392578164],[84.27938659734508,27.563005649604527],[84.27926176228759,27.562889753598537],[84.27896742685355,27.562805003913727],[84.27812024035988,27.562394776570734],[84.27786606598906,27.562350144461202],[84.27761189053072,27.56224758493635],[84.27727296144988,27.562185186990714],[84.27701436505312,27.562220880167438],[84.2769296120283,27.56220302584239],[84.27624290723219,27.562359106335048],[84.27589963219383,27.56237694555905],[84.27573012284287,27.562314548020936],[84.27554285863276,27.562140564912678],[84.27537342860077,27.56213618626126],[84.27468670581862,27.5622030027012],[84.27425866495476,27.562368014658098],[84.27400005543869,27.56242155243668],[84.27374136445819,27.562568714946615],[84.2734827526909,27.56265786426438],[84.27322413979819,27.562711400220582],[84.27219851449232,27.562751497962232],[84.27134239383774,27.562889692380885],[84.27065570481729,27.562862950012796],[84.27031231716033,27.562992249193968],[84.26971479862587,27.563130544203204],[84.26937148587847,27.563103737841807],[84.26928672195321,27.56306811688782],[84.26903700913728,27.562813904638684],[84.26886756055767,27.562733650807576],[84.2676769878821,27.56257761519192],[84.2671642099323,27.562568638039906],[84.26682088245597,27.562599929512526],[84.2658844151497,27.562541901934797],[84.26546081050788,27.562479468794493],[84.26443521196252,27.56249728534627],[84.26417664006087,27.5625508054603],[84.26373068525838,27.56258205549334],[84.26295479628449,27.56276045358795],[84.26244205796887,27.56282732608446],[84.26192473500087,27.563081440180955],[84.26114890282496,27.563375769225512],[84.26089023628016,27.56342927851423],[84.2604666764244,27.563362369361887],[84.2602125069205,27.563357958888645],[84.25875432601877,27.56362101276814],[84.25815235190595,27.56379941313506],[84.25763957219746,27.563906428320948],[84.25677448248226,27.56423194475963],[84.25634647338947,27.56432112053447],[84.25600308347077,27.5644326187904],[84.2558336781192,27.564445977938313],[84.2556597719341,27.564517343598443],[84.25514247035639,27.564642190611984],[84.2549328803683,27.564659959292175],[84.25467426716484,27.56467338374139],[84.25433094796293,27.564784880155024],[84.25407233214403,27.564798214052733],[84.25355951727946,27.564900748247002],[84.25339002460616,27.564896339498667],[84.25305119854565,27.564816037275733],[84.25245366733753,27.564825014642548],[84.25134779685229,27.56461093135457],[84.2510935884002,27.5645128770435],[84.25067445954332,27.564254230016967],[84.25056740640728,27.56423195811528],[84.25030877423784,27.564285447692818],[84.2500011146192,27.564330039191844],[84.2494794237903,27.564307685532402],[84.24922078689492,27.564343411680913],[84.24836015609799,27.56432998856103],[84.24810601526382,27.564272095000504],[84.24787413692776,27.564156125661576],[84.2472810547465,27.56368794732813],[84.24694219391972,27.56353185447917],[84.24625996542015,27.563331223225802],[84.24549301165706,27.56300124130847],[84.24420873181697,27.562791598080313],[84.24335711153564,27.562573149508665],[84.24267034064053,27.56245272911584],[84.24198814359546,27.562385867142233],[84.24168936342673,27.56230558786068],[84.24145746011074,27.56211383217004],[84.24133262582029,27.561881968498188],[84.24085997333603,27.560562100860526],[84.2403561280899,27.559982356891876],[84.23912535482162,27.559224371533094],[84.23818901443258,27.55879183849138],[84.2375691470729,27.558631321608814],[84.23735957562285,27.558497514362188],[84.23725257894438,27.558381608414084],[84.23723473274791,27.558207718668807],[84.23727934822905,27.558096213891506],[84.23739076620372,27.55796239393609],[84.23760483926023,27.55781523977671],[84.23769398924738,27.557699330094028],[84.23795709749415,27.557186568915697],[84.23805074863684,27.55684315829299],[84.23805074863684,27.556673754364898],[84.23799278944914,27.556388331200644],[84.23772075833381,27.5560405846489],[84.2375736487914,27.5559023105859],[84.23740419101055,27.555808720283004],[84.23680666359624,27.555625829139633],[84.23535297408326,27.55538062421021],[84.23441215286667,27.555371656858902],[84.23329734531856,27.555509886353242],[84.23261061928216,27.55569270519175],[84.2318347267201,27.555951350981058],[84.23028299170599,27.556620270093212],[84.22969881945967,27.556936827716214],[84.22887392570097,27.55742289064062],[84.22850826739118,27.557703783178386],[84.22839675241659,27.557837590666264],[84.22832101537914,27.558519818426845],[84.22837448155674,27.559135195523755],[84.22845472093336,27.55943840774583],[84.22859743098076,27.559746083646804],[84.2291592630491,27.560669117110677],[84.22936444138611,27.561204203428705],[84.22944467943093,27.56160996142307],[84.22967212716968,27.561859652422577],[84.22999315744352,27.562033610323546],[84.23076014989914,27.56227433514036],[84.23103213238075,27.562599857932543],[84.23107225029477,27.56275146117889],[84.23104547822287,27.56305915769115],[84.23072887545209,27.56412488973698],[84.23060401869157,27.565114846188933],[84.23047023755824,27.56549387560026],[84.23014028569176,27.566024438528995],[84.2299886551526,27.56624743286683],[84.22974786249145,27.56642130297465],[84.22959631135313,27.566510516140564],[84.22884273066437,27.566885085157644],[84.22838340598172,27.56720616408587],[84.22792858020863,27.567598557630333],[84.2277100503467,27.567732291409023],[84.22736231446034,27.568013279328273],[84.22701891825814,27.568178245636883],[84.22662655492373,27.568463626886114],[84.22613159454457,27.568762331885942],[84.22483395231366,27.569319745587997],[84.22440587454216,27.569449060621167],[84.22363003605801,27.569743415847736],[84.22319744684552,27.569832556876822],[84.2227649349047,27.569979709583684],[84.22251076533578,27.57003323755146],[84.22207824841792,27.570220458919827],[84.22134250412799,27.5704791582642],[84.22128002575242,27.570537072700436],[84.22116857767686,27.57083588024331],[84.2209144013089,27.571749996470864],[84.22057997399885,27.572512450060774],[84.22038377148289,27.572717596650275],[84.22031686949391,27.572869211236625],[84.2200538442406,27.573248196130645],[84.21981301148035,27.573511280759874],[84.21940274922846,27.57377437711269],[84.21897029019947,27.573961673982897],[84.21716434989314,27.574358561519553],[84.21664703579344,27.57452349318696],[84.21587559980411,27.574688480360145],[84.21561697793999,27.574795531604803],[84.21526917158347,27.57488914748907],[84.21492586662882,27.57494270094139],[84.21432835528945,27.574951594143638],[84.2140697267238,27.57492932893489],[84.21373083797124,27.57481341231788],[84.21335181749396,27.574559195245286],[84.21316001436249,27.574385316854205],[84.21301292466738,27.574171264024436],[84.21276321716572,27.5739215298652],[84.21242432099908,27.573725380074446],[84.21216568418748,27.57368517335],[84.21187133869223,27.57348900093058],[84.21180893082706,27.57326160134911],[84.2113541395829,27.572565951543297],[84.2106986068001,27.57192834547499],[84.2100074385701,27.571098894907013],[84.20954370636863,27.570791253478983],[84.20869199320818,27.570416686244442],[84.20833529952831,27.570296267061735],[84.2082683840393,27.570278489353473],[84.20605224868886,27.5696764844499],[84.20494189810053,27.569284076980324],[84.20434436732225,27.56912354428105],[84.20323406543547,27.568896138544282],[84.2024671214518,27.568659823641173],[84.20093762800747,27.56793301744929],[84.20025543637632,27.567696651980846],[84.19983176740402,27.5675004183828],[84.19949287832796,27.56734439633038],[84.19913170556269,27.567130328031286],[84.19904700259166,27.567032198251304],[84.19856098379435,27.566666563264285],[84.19792332950632,27.566274168246817],[84.1973747981932,27.565792581273357],[84.19697347183207,27.565520608295504],[84.19670149507002,27.565288743573177],[84.19600139657895,27.564802704835618],[84.19557777790827,27.56458861065791],[84.1943694104813,27.563808275120152],[84.19401263132819,27.563536276482374],[84.19388335366672,27.56338469923415],[84.19344186070396,27.562996715207568],[84.19314758388354,27.56278274296108],[84.19266151714044,27.56229668887638],[84.19181430993835,27.561659017042647],[84.19147545587802,27.561444965583853],[84.19045872127894,27.560972278267673],[84.18960705799968,27.560521913294014],[84.18901404025767,27.560249945765722],[84.18799283882952,27.55991101345232],[84.18773425721078,27.559790621927004],[84.18756481886714,27.559750525942373],[84.18543778779728,27.55893897607553],[84.18501417478497,27.55873832516924],[84.1848403035051,27.55869821928185],[84.18381919178,27.55830133917233],[84.18373446712646,27.55824335857183],[84.18322611668717,27.558087266162843],[84.18297193984876,27.557966871365576],[84.18271333653846,27.557904480385826],[84.17894978367339,27.557436225032365],[84.17792865195393,27.55722663189702],[84.17750064050193,27.557204358284107],[84.17655971267683,27.556976958232955],[84.1762164268535,27.556936805561453],[84.17493218567213,27.55699481303571],[84.17467354764278,27.55704833773221],[84.17450407233598,27.557048296547993],[84.17424543245836,27.557101820300193],[84.17355875184622,27.55716866594],[84.17312620259446,27.557257925635064],[84.17191778426752,27.557735054673717],[84.1716815056994,27.557904458173756],[84.17150759570849,27.55796241587843],[84.1711597742125,27.558149727189235],[84.1708342430103,27.558354838102797],[84.17066483732171,27.558426191427134],[84.17029471842915,27.558707077078232],[84.17003606038149,27.55884091181532],[84.16970609672147,27.559139629958608],[84.16959905933909,27.559197618633164],[84.16953218099786,27.559309051435385],[84.16944743613338,27.559344769855134],[84.16918434803664,27.559594435228572],[84.16905059035405,27.559817388875626],[84.16889453934708,27.560276709979806],[84.168560142964,27.561034755875408],[84.16838171698258,27.561320091293968],[84.16820787789717,27.561525209247737],[84.1681186242079,27.561583226731045],[84.1677931569689,27.56177047851635],[84.16693255963513,27.562024638364257],[84.16666503392157,27.56214059947351],[84.16658921865567,27.562176243176857],[84.16615661909918,27.562301170404073],[84.16572409690554,27.562546399275373],[84.16503297243916,27.56284066797534],[84.16434184000592,27.56309932400403],[84.16399848418955,27.56319291211722],[84.16291938760433,27.563656703419188],[84.16272315687029,27.56384400421181],[84.16270086154117,27.56391981759553],[84.16284356760191,27.564379063531263],[84.162905946061,27.564459320130464],[84.16329840569065,27.565302069120946],[84.163820125118,27.56602003106375],[84.16400733773975,27.566247415027117],[84.16415454794196,27.566363354467875],[84.164801093446,27.567174892775714],[84.16503297243916,27.5675629067777],[84.16526034336832,27.567870503411847],[84.16548779392004,27.56833427373399],[84.16580442039216,27.568682109756203],[84.1660140014077,27.568971913287996],[84.16662036570327,27.56955160140724],[84.16666503392157,27.569582833681196],[84.16693698619375,27.5697656625248],[84.16782438387263,27.57046572799378],[84.16820787789717,27.570719890559793],[84.16864480860247,27.571299606169084],[84.16881430048134,27.57160726674412],[84.16897477810537,27.57208883327667],[84.16912197610986,27.57230292817449],[84.16943858338658,27.57257489776924],[84.17000934144052,27.57294496828272],[84.17022333407016,27.57304308285318],[84.17051764310658,27.57325718106188],[84.170749499987,27.57352916634935],[84.17107953837953,27.574068695876292],[84.17120435857073,27.57429612803201],[84.17133368521284,27.57439863646011],[84.17171273057723,27.574630558781564],[84.17215856855285,27.574849035963354],[84.17286313064798,27.57508539602191],[84.17337591466445,27.57511213336522],[84.17363013223185,27.575232540832236],[84.17392442453585,27.57555799950241],[84.17415184220886,27.57594597959101],[84.17453086974547,27.576293813046824],[84.17485187441852,27.57643200603688],[84.17536472188502,27.576588134200467],[84.17561885054208,27.576610372509933],[84.17593992985603,27.576708498386846],[84.17619405607287,27.576846744716114],[84.17630108167435,27.576962682033074],[84.17638139098509,27.57711872889931],[84.1764393294991,27.577421973728686],[84.17643490364237,27.577653805952988],[84.17632337194475,27.57810862094209],[84.17640368122558,27.57841628082044],[84.17652406447495,27.578648159760526],[84.1768807869476,27.57908964159954],[84.17721972363374,27.579379478350496],[84.17751399830358,27.579727322868813],[84.17784842518599,27.580266830861973],[84.17799109518138,27.580650359560863],[84.17828987224888,27.581796336610793],[84.17837009842549,27.583285640776925],[84.17842360930601,27.58333472827046],[84.17843254119269,27.583348130324946],[84.17842811548324,27.583575494233603],[84.17853063092362,27.5839589425656],[84.1787581115763,27.584494052929315],[84.17890520507919,27.584801730804493],[84.17919504581475,27.585261011024066],[84.17965885244648,27.58572926369661],[84.1806308713469,27.586844034977293],[84.18105008986026,27.58727213444042],[84.18137114005766,27.58746385166246],[84.18187942578486,27.587624404047677],[84.18213811315962,27.58762879815556],[84.18220047153535,27.587668973318436],[84.18232985489998,27.587668940961944],[84.18336434852547,27.587508390275897],[84.1840064223792,27.587347933918117],[84.18471543127016,27.587276561375965],[84.18529513554502,27.587169530075755],[84.18626271826562,27.587067016811357],[84.18774318770848,27.587049103761146],[84.18812663466716,27.587017918777754],[84.18832286265763,27.58703575385438],[84.18935290825848,27.58683954354161],[84.18988799719817,27.586826198464237],[84.18992814275485,27.586924248499518],[84.19001285864074,27.587151676049654],[84.19011543469534,27.587325594705284],[84.19073072642807,27.587887409993844],[84.19104738037663,27.58810149914491],[84.19130152292026,27.588333322666163],[84.19276408865385,27.589287617982432],[84.19314758388354,27.589595332092525],[84.19354893591827,27.589867293745222],[84.19386549450297,27.590157130976277],[84.1940171363319,27.590255192329323],[84.19471275309988,27.590933040324682],[84.1950248810428,27.591374474701805],[84.19521658149515,27.591548358841024],[84.19530137033682,27.59158848264906],[84.19578741562775,27.592070098833577],[84.19623331567014,27.592400037474974],[84.19665692969735,27.592654267706134],[84.19678620136366,27.592770131050237],[84.19701361263363,27.593153681433705],[84.1973079508744,27.593519321035647],[84.19753978445677,27.593769027225896],[84.19757992487818,27.593844853695373],[84.19815516070281,27.5943531118156],[84.19891765537301,27.594816887194224],[84.19949287832796,27.595013094536448],[84.19974706542479,27.595169142655575],[84.20095990910266,27.595699782035844],[84.20128101335028,27.595896005306095],[84.20159761144077,27.596034217841698],[84.20166445396349,27.596034238247874],[84.20262316538802,27.596426667192787],[84.20358186143548,27.596725395851212],[84.20409470401869,27.596921572366885],[84.20537445871837,27.597300591298733],[84.20614144582348,27.597461126731556],[84.20762182535158,27.597478975220053],[84.20798745076578,27.597407647206374],[84.20824610566875,27.59738977506516],[84.20833529952831,27.597385369188284],[84.2084378441527,27.59737643298198],[84.20899528169454,27.597478971113926],[84.2092494283786,27.59761278182268],[84.20946344156732,27.59772868097758],[84.2098647644954,27.59811659261836],[84.2100297162838,27.598348501553996],[84.21017247038928,27.59880782895489],[84.21034192510149,27.599115503144805],[84.21043553917397,27.599877952596998],[84.21068075265974,27.600569168690704],[84.21080114736776,27.601108670374696],[84.21110884843807,27.60198709985888],[84.21109992142986,27.602673797049675],[84.21127830049389,27.60351658770417],[84.21128722747544,27.60435490867014],[84.21149230641373,27.60519764366952],[84.2118000039235,27.6059646090503],[84.21204971545242,27.606423909222737],[84.2123841905473,27.606865410738553],[84.21295494115057,27.607427208063736],[84.21312438796876,27.60754320685889],[84.21331611079414,27.607659150959776],[84.213507833004,27.607721558287352],[84.21402509388226,27.607725951273373],[84.21423917037889,27.60767248897493],[84.21443088962528,27.607690281179615],[84.21475192148169,27.607792865856347],[84.21533165625046,27.607837507272972],[84.21609859592873,27.608055986001368],[84.21635279280326,27.608194244054964],[84.21660690817944,27.60842609786331],[84.21700376025056,27.60911725144151],[84.21859122256826,27.610548617716898],[84.21942060076105,27.610958834867134],[84.21992896513764,27.611288782344364],[84.22114180116016,27.61183725895054],[84.2218463492294,27.612073635074047],[84.22229671850035,27.612118226729695],[84.22248849227863,27.612176162601884],[84.22268018503271,27.61218064826301],[84.22300125293476,27.612238602330546],[84.22334459185524,27.61235895796158],[84.22353636226595,27.612457133365158],[84.2250658398916,27.613505013693022],[84.2256410522743,27.613776953252096],[84.2262162591111,27.61395538142107],[84.22653730798535,27.613999942938186],[84.22730876697379,27.614004406047478],[84.22853504060205,27.613848312068715],[84.22917711166286,27.61387505346915],[84.22943575516474,27.61391523352177],[84.23059067275062,27.61428982176125],[84.23109902235466,27.614508284545874],[84.23187042234083,27.614726773753862],[84.23295848535608,27.614949739732467],[84.23353812364698,27.614971998021474],[84.2341802212331,27.61509686689056],[84.23463057777765,27.615137047055104],[84.23540201246465,27.615355518650823],[84.23559374410962,27.615377833871165],[84.23578555552815,27.61544021473763],[84.23597728593951,27.61555621696095],[84.23649009141799,27.615734515032344],[84.23716784965775,27.616122459924043],[84.23727484648833,27.616314180602153],[84.23727484648833,27.616407867901234],[84.2372704251355,27.616635299960862],[84.2372035420854,27.616862730128354],[84.23719904033895,27.617018777754478],[84.23726150204061,27.617170373771412],[84.23734172945842,27.61770548332931],[84.23744872597686,27.61907889867475],[84.23755130097122,27.619538107113716],[84.23760926058826,27.619787839942184],[84.23764945446433,27.6199394922727],[84.23781883116035,27.62024710987715],[84.23832719952075,27.620728756603963],[84.23898717158413,27.621080974316772],[84.23928146371321,27.621272778345368],[84.23947318287895,27.621446679806805],[84.23963821359975,27.622062024447825],[84.2396337120372,27.622213607153284],[84.2396337120372,27.62242319306057],[84.23973628327093,27.622708586387756],[84.23988346785978,27.622882514563138],[84.24013756339166,27.62307425609342],[84.24102942129043,27.62364048088824],[84.24205051989577,27.624144422303836],[84.24309402713178,27.624862347932673],[84.24312963562961,27.625000511790965],[84.24313413692805,27.625018364293755],[84.24279525250894,27.625112019714727],[84.2431474800607,27.625803181740633],[84.24350420680044,27.626378449526932],[84.24409282536465,27.627185480618703],[84.24444954644348,27.627591311221508],[84.24489098381162,27.628224504587145],[84.24561341649597,27.62882204239328],[84.24578285093047,27.628915601862044],[84.24614398258298,27.62920544293723],[84.24654529992102,27.62943734692747],[84.24694661455487,27.62978514736146],[84.24726771253978,27.629976880200832],[84.24760657151437,27.630137406386353],[84.24811935728272,27.630351435595358],[84.24956863638052,27.630668096847373],[84.2499565086648,27.630694851600566],[84.2500011146192,27.630699284508648],[84.25015277461421,27.63071715780875],[84.25032219613384,27.630775112072552],[84.25046935456726,27.63087318659632],[84.25083053817,27.63135029078866],[84.25104456293366,27.631564351351912],[84.25142358499835,27.63204593805667],[84.25260974129972,27.633200879860315],[84.25348373185267,27.633914289346713],[84.25371558834219,27.6340480703079],[84.25422840186216,27.634262077439793],[84.25542342264887,27.634404805710513],[84.25585143838032,27.634409293820756],[84.25627511145386,27.634315637979803],[84.25644901584081,27.634222007392758],[84.25666302040324,27.634034657841607],[84.25709110758079,27.633825106315232],[84.25760839221998,27.633370314528918],[84.25795169251498,27.633218639100235],[84.25821037183603,27.63314733354652],[84.2586384478817,27.633169658922817],[84.25940539301989,27.633307871120408],[84.25991815751017,27.633463952750056],[84.26026152483536,27.633619995374282],[84.26106862712108,27.634164025249074],[84.26170624946965,27.634699088865474],[84.26204518696049,27.635144997953397],[84.26227701009223,27.635604326811386],[84.26265604097524,27.636121568811056],[84.26307966559521,27.636585333912816],[84.26339625713858,27.636852857263744],[84.26410078780434,27.63729877229568],[84.26435502104553,27.637414723225305],[84.26615197874216,27.637829343344215],[84.26632143506133,27.63781153271263],[84.26666476542152,27.63787396642947],[84.26709286097334,27.638007792213184],[84.26734700107505,27.638128105691408],[84.26794454340818,27.63852943877572],[84.26830578163162,27.6388773046647],[84.26864018214098,27.639341027928683],[84.26879179463062,27.63943462642521],[84.26898349911167,27.639626412785884],[84.26904592747019,27.639742295102312],[84.26919311994271,27.639916275004456],[84.26938482312961,27.64007228391591],[84.26970146144873,27.640491464072635],[84.26978614443829,27.64061183220816],[84.26999576243905,27.64097306651079],[84.2702320538258,27.64126286581578],[84.27069579604051,27.6420120573876],[84.2708429844278,27.64216364042384],[84.27101242737649,27.642413298648414],[84.27157876021326,27.6434522979924],[84.27223418591863,27.644375324251644],[84.27257314374147,27.64495055887537],[84.2728674305133,27.64569524487261],[84.27324639388758,27.646328419149903],[84.27375478106778,27.646966122502654],[84.27394205091305,27.647251479889057],[84.27436567545979,27.64782671401218],[84.27489630653596,27.64834836576306],[84.2750033158927,27.648522284172696],[84.27534217758429,27.648870090522042],[84.27568111767975,27.649329417272483],[84.27630982675475,27.650426342100367],[84.27658626062238,27.650997104046763],[84.27709020083256,27.651750668554204],[84.2771570390664,27.651786341997596],[84.27742905062208,27.65215199364388],[84.27762080757691,27.652325919478418],[84.2779419006813,27.652499819936267],[84.27813357564767,27.652731730214033],[84.27845016735384,27.652963610999784],[84.27860183515018,27.65302151251637],[84.27900309421635,27.653311388468172],[84.27957834798092,27.65364134826239],[84.28066634238141,27.65402926328529],[84.28094283630566,27.654185350968035],[84.28128616253049,27.654283435598508],[84.28162956709889,27.65449749938869],[84.28188372536513,27.654613411959104],[84.28333740299027,27.65509950597257],[84.28393486485884,27.65527780760821],[84.28487578683574,27.65539824427244],[84.2853885725933,27.6555364785231],[84.28598609414419,27.655616729165132],[84.28643646029123,27.655679148122033],[84.28652119974971,27.65569699706676],[84.28701164205005,27.655719311052277],[84.28727027523762,27.655759388710386],[84.28748432949244,27.65581743777096],[84.2880818299489,27.65584415094512],[84.28825580193147,27.65593775234215],[84.28838061808126,27.65597794557866],[84.28863924530403,27.65605816630466],[84.28893803063042,27.656116128679272],[84.2892813909424,27.656116150446547],[84.28953551645324,27.65623659791709],[84.28987887330861,27.65631235986486],[84.29019990013181,27.656410487614227],[84.29045410202605,27.656432713172048],[84.29073504806613,27.65647289880558],[84.29085985900201,27.65653084302635],[84.29111847542104,27.656606687376602],[84.29124336586582,27.656628949365256],[84.29141724826597,27.656628958872552],[84.29166694732032,27.656686950001177],[84.29193005782767,27.656749328000153],[84.29227340082862,27.656749341822586],[84.292870933384,27.65692769818292],[84.2931696974051,27.656967808211633],[84.29351303323286,27.656949976126377],[84.29385636707377,27.657030277400693],[84.29445838110121,27.656994610755827],[84.29462783698953,27.657052601363887],[84.29514503585455,27.657132814909126],[84.29548844056033,27.65711498074526],[84.29582734596826,27.65715512790924],[84.29617066641553,27.657119445932864],[84.29668793213712,27.656972341145863],[84.2970312476034,27.6569544993366],[84.29754850582013,27.656842986790352],[84.29806134269137,27.656900974753317],[84.29836008057241,27.657003522095728],[84.29874803604233,27.65706146640893],[84.29983608059827,27.65737358477365],[84.30009024120409,27.657529700610027],[84.30026409767352,27.65772141762093],[84.30047368839782,27.65822086962539],[84.30053616395698,27.658448250310233],[84.30053166700377,27.658675648114663],[84.3005718183597,27.65884956583495],[84.30078582462819,27.659139456998812],[84.30110687273371,27.659406975897205],[84.3015305443614,27.659580838230564],[84.30213248049743,27.659759247037854],[84.30256056129618,27.65982168219767],[84.30350142882757,27.66003566699941],[84.30418364280044,27.66030773205592],[84.30426835691128,27.66036571505438],[84.3045269951679,27.66044144667188],[84.30503985198106,27.660695678481314],[84.30544558947858,27.660945337872977],[84.30639982045108,27.66169896118064],[84.30659156410077,27.661832700015403],[84.307532447944,27.6625461567266],[84.30793375227903,27.662795893887303],[84.30827716321465,27.66295199353171],[84.30862049186841,27.663032258972983],[84.30913331326003,27.663264081247178],[84.3096460499231,27.663286429086963],[84.31016335866185,27.66325070704747],[84.31136279421797,27.66300990368019],[84.31248207956968,27.662902925711755],[84.3131687664422,27.66283157401222],[84.31376624899947,27.663045614494653],[84.31417208731546,27.663277499614157],[84.31444850537173,27.66342905774955],[84.31453328509214,27.66346919473184],[84.3149167191303,27.663817028170993],[84.31568366004177,27.664280743008764],[84.31668701859424,27.665029882133442],[84.31687872895168,27.66522614262142],[84.31702588308893,27.665319770343082],[84.31770810191117,27.666033187498122],[84.31808718033076,27.66656826423059],[84.31818078551352,27.6666663902377],[84.31825656867488,27.666742197901968],[84.31851073056085,27.666991860517943],[84.31861782181846,27.667067699868987],[84.3188318431967,27.66728173008005],[84.31910831978092,27.667495816934064],[84.31944717041907,27.667843594362893],[84.3196611887994,27.668111149016553],[84.31991534465575,27.668343054930364],[84.32021413293111,27.66855260979382],[84.32032114083172,27.668686341647586],[84.32102122300711,27.669324012775196],[84.32125755205465,27.669631728568852],[84.3215964706656,27.669899212405078],[84.32181048127593,27.670153380219187],[84.3221493967211,27.670438793359136],[84.3226354504208,27.67130383850547],[84.3228494572747,27.67170519852382],[84.32311258992269,27.673029557652686],[84.32310809468288,27.67377417478359],[84.32321068239209,27.674518885269258],[84.32337564112909,27.67526355601453],[84.32366550181555,27.676186570884127],[84.32375018806773,27.67664588120874],[84.32383495446987,27.676873256109836],[84.32391964047957,27.67698920820022],[84.32414704790415,27.677617956329314],[84.32436112956286,27.6780193059439],[84.32459295014826,27.678309069134468],[84.32482934520479,27.67871043705929],[84.32516816309422,27.679151851477982],[84.32519047796886,27.67922769657665],[84.3251860631562,27.679740449117602],[84.32494525469397,27.68037368736115],[84.32478921028722,27.68065900926514],[84.32476689526128,27.680922144024873],[84.32495416462453,27.681439427393283],[84.3252306126143,27.68213055713542],[84.32546251006266,27.682340122362472],[84.32606444385063,27.682665613245767],[84.32640333493607,27.68282174549308],[84.32674671904441,27.68291981014129],[84.32741116725397,27.683361228438457],[84.3283698602423,27.684110376931546],[84.32858384635895,27.68422634298561],[84.32886035765523,27.68449383352049],[84.32911896879232,27.684587536829028],[84.32937316429864,27.68474359107472],[84.32969421800301,27.685033416088775],[84.32999295690995,27.685376742734363],[84.33026496692378,27.68606347950697],[84.3302827851814,27.6864648183115],[84.33010885628389,27.686866084442713],[84.32967631930487,27.687436884707115],[84.32906992747485,27.68800316501435],[84.3288959950113,27.688083476536928],[84.32863738289949,27.68831090064405],[84.32848576279615,27.688386681792686],[84.32835645598495,27.688498163209413],[84.32758060918273,27.688952963298153],[84.32706329206232,27.68914474385803],[84.32674222408065,27.68931412632329],[84.3262027456815,27.68940776777052],[84.32616261169538,27.689407821931137],[84.32616261169538,27.689349841183642],[84.32607784862725,27.688756755502105],[84.32593513174768,27.688123566543418],[84.32578799975617,27.68772229850486],[84.32564086739882,27.687494884334317],[84.32530197194667,27.686803717626752],[84.32523952250189,27.686576285397283],[84.32508797396086,27.686326566835554],[84.32451717509836,27.68575133257131],[84.32424072377586,27.685425856665344],[84.32368332206067,27.684966504658554],[84.32359863571281,27.684926379100425],[84.32329986452062,27.68461872041257],[84.32276918472701,27.684199616801713],[84.32227422179284,27.683945392183183],[84.32182830207955,27.683717970422155],[84.32135564759824,27.683352347774218],[84.32120850422189,27.68329441182924],[84.32061101647601,27.682946604738547],[84.32001344242344,27.68250512745115],[84.3192420620555,27.682103812696624],[84.31840821498513,27.68154641676116],[84.31798458374263,27.68135022354326],[84.31755653408754,27.681060362197396],[84.31670034521369,27.68057875614909],[84.31655319026748,27.68046283187403],[84.31621881883117,27.680186345995978],[84.31608498944635,27.68007935191721],[84.31587095813997,27.679981294849494],[84.31522885957968,27.6796869430375],[84.31499700232483,27.67951750458707],[84.31448423168916,27.679227642385133],[84.31414085673075,27.679107247240424],[84.31380197572841,27.6789334232622],[84.31348091610327,27.67872384363602],[84.31319108583986,27.678460681411973],[84.31309739248462,27.678371563488874],[84.31301269099481,27.678335890792084],[84.3126693075058,27.678161968616056],[84.3117730648136,27.67765808293935],[84.31117106600661,27.6773994310916],[84.31100607326769,27.677328085571038],[84.31068507877835,27.677154183719466],[84.31021241564287,27.676940167292255],[84.31006524457796,27.67688221818302],[84.30989133656358,27.67676626007234],[84.3096371376889,27.676668152543552],[84.30946772469368,27.676552199693855],[84.30897722718137,27.67632032052889],[84.30854911243136,27.67608849919348],[84.30788469341148,27.675740655352655],[84.30763947875768,27.675539969099415],[84.30730947315246,27.67527692986558],[84.30675656913188,27.674893420659757],[84.30613677413346,27.67452331204885],[84.30588255915312,27.67440735564326],[84.30571313542427,27.67427364528944],[84.3053697899275,27.674077404294735],[84.30451366581002,27.673671635709127],[84.30393841283411,27.673306020000727],[84.30380021959999,27.67327474832608],[84.30368426872388,27.673248046512875],[84.30291283631112,27.672860104628114],[84.30221278101409,27.67237847665955],[84.30197645628262,27.672280374723208],[84.3014636532689,27.671932565163086],[84.30129413660889,27.671852279865846],[84.30124956914506,27.67177649825198],[84.30013930652261,27.671014058778916],[84.29911816134405,27.670309506219986],[84.2983734916194,27.669926026264772],[84.29809699858207,27.669729834898824],[84.2979008106117,27.669711965720076],[84.29645158538757,27.66898954477666],[84.29637135737777,27.66897616892839],[84.29627771774159,27.668953945828285],[84.29553301235372,27.66859721106197],[84.2954259596837,27.668548120101136],[84.29536805639609,27.668530308372134],[84.29499790769223,27.668409925393384],[84.29477496606967,27.668285063224175],[84.2944851246456,27.668120073813714],[84.29397233716671,27.667964031849042],[84.29388760834688,27.66790604415962],[84.29354427468675,27.667790059932337],[84.29330349822361,27.667732082006342],[84.29303147907588,27.667669697374325],[84.29251867903305,27.6675136496336],[84.29209060606534,27.667375356035837],[84.29191664532392,27.66737534190156],[84.29166694732032,27.667326361304706],[84.29134143078323,27.667259454856666],[84.29057449616091,27.667000800568125],[84.29008400298262,27.666768942345858],[84.28980755162704,27.666666404126747],[84.2890762584943,27.66639885912867],[84.28897810951543,27.666358693370707],[84.28890678675138,27.666349783153166],[84.28795251526398,27.666180379013834],[84.28727027523762,27.66593063226571],[84.2865033683287,27.665729942279643],[84.28624473179984,27.66561403518532],[84.28594151517976,27.665515919031563],[84.28582111164727,27.665480277052275],[84.28575420284088,27.665466908067202],[84.2851388471252,27.665359870789143],[84.28402852397211,27.665025406208148],[84.28300292453588,27.66480691239075],[84.28257936158019,27.66465084491452],[84.28121041243674,27.66433871716152],[84.28087150388826,27.664316463844997],[84.28027401119908,27.664138061025778],[84.2797566827465,27.663950825446186],[84.27924834692152,27.6637679727799],[84.27882475718825,27.66364757627758],[84.2785260013004,27.663607435005556],[84.27844125043215,27.66354943704805],[84.27775906178832,27.663335419147625],[84.27754497247479,27.663353270724212],[84.27718379040573,27.66325515594525],[84.27649708854754,27.663157095153352],[84.27607347919644,27.663152660328592],[84.27521733402801,27.663090161549984],[84.274873972727,27.66306342838113],[84.27419174312206,27.662947520710336],[84.27367894103118,27.662943058651308],[84.27342482799975,27.662885032437966],[84.27308145634116,27.66274687364864],[84.2723367813205,27.662323201034443],[84.27180612738974,27.661841624174862],[84.27168127640473,27.661756900605255],[84.27121304270405,27.661435883629554],[84.27021421751452,27.66049054902284],[84.26953201476304,27.66002679510357],[84.26921537554139,27.659736914345658],[84.26910835576314,27.65958530335065],[84.26887647891598,27.65935342584612],[84.26860000918543,27.65912158097923],[84.26843063970641,27.659005666957718],[84.26791778790975,27.65877378914786],[84.26743176776593,27.65844381600025],[84.26666476542152,27.65805585328824],[84.26583540186866,27.657476187023324],[84.26579530736774,27.657458384732248],[84.26557675570504,27.65736024094552],[84.26515314887159,27.657034709264114],[84.26439061682665,27.656356985218018],[84.26400717762984,27.655933370879684],[84.2637752808891,27.655777221489295],[84.26360581731447,27.655603399397727],[84.26335166122365,27.65525996918299],[84.26299047325716,27.654854219609064],[84.26288344227494,27.654684759003885],[84.2627140565131,27.65427899017879],[84.26229042928918,27.6537037443813],[84.26196933198567,27.653132999213074],[84.26193365440051,27.653070594016164],[84.26159479662955,27.652611341099206],[84.26113106378902,27.65183986043012],[84.2608322993199,27.65151438303197],[84.26064498817877,27.651224555427543],[84.26002519382789,27.65089455421865],[84.25951243026013,27.65077862200018],[84.2592582566794,27.650756342130787],[84.25891488356388,27.650751875446392],[84.25831733086629,27.650805327754046],[84.25711786794972,27.65119778963314],[84.25685926424104,27.65133153185716],[84.25660507932658,27.651581252718557],[84.25638657425942,27.651844313044766],[84.25617256870287,27.6520182581037],[84.25582917778071,27.652299169020303],[84.25565527158246,27.652392785906056],[84.25546352414081,27.652584510390238],[84.25438889125365,27.65322216880212],[84.25286836347324,27.65394012191927],[84.2524402459221,27.653935699783588],[84.2517580000453,27.65370380110991],[84.25133437518753,27.653659149451336],[84.25099103672244,27.653503095489118],[84.25086622241236,27.653476340659413],[84.2507369071171,27.653445117340063],[84.25030877423784,27.653289120369703],[84.2500011146192,27.65319547131975],[84.24997435105055,27.653186512928936],[84.2497559020135,27.653030451615795],[84.24930549904094,27.652869961240494],[84.24892204300443,27.652829820222298],[84.24834681413304,27.652709388072953],[84.24700464540773,27.65235272184682],[84.24578727165166,27.652094080445163],[84.24546624606234,27.652049468717106],[84.24508276530507,27.65195132976946],[84.24425334207659,27.65186218901615],[84.2441195915765,27.651848796343348],[84.24367364723454,27.6517684943768],[84.24316090357067,27.65160798828223],[84.24257669675791,27.651327117857548],[84.24226907757705,27.651179927681085],[84.24131035979252,27.650827682377276],[84.23971401664663,27.650145408447116],[84.2396471363388,27.650140940076987],[84.23920115852088,27.649949199043142],[84.23900051564547,27.649886816535872],[84.2389470589962,27.64986898772863],[84.23849665467726,27.649654936664753],[84.23824247176182,27.64957463141003],[84.23709204337227,27.649048473821694],[84.23620020693804,27.648508949248686],[84.23524597380283,27.64779545496696],[84.23480004344361,27.647541342986823],[84.23448346060869,27.647309458705017],[84.23401967738674,27.64692149993066],[84.23391267471322,27.646827847407653],[84.23346681477427,27.64640423196733],[84.23270427882457,27.645900381320406],[84.2309785881889,27.645160178433862],[84.23021167894044,27.64494160963311],[84.23001992998783,27.64491937206917],[84.22918603596776,27.644700870467165],[84.22910579757496,27.644687456545455],[84.22848149416828,27.644562586445655],[84.22826746875322,27.644495707312615],[84.22803559362016,27.64442442858336],[84.22784383767141,27.644402098591723],[84.22733103823154,27.644263835366363],[84.22508811198671,27.643956155933218],[84.22414278690482,27.64390267349995],[84.2227783630043,27.643817929754018],[84.22194444816391,27.64363961939798],[84.22156097690385,27.64359949409854],[84.22072712546257,27.643416629469577],[84.22027674434676,27.643358640609986],[84.21950977793178,27.643122348140295],[84.21925559449961,27.643001952807026],[84.21855109626107,27.64280572317934],[84.21720889997283,27.642221641809005],[84.21689230419061,27.6420610862514],[84.21663368673045,27.641931758783603],[84.21536285835053,27.641155880593427],[84.21497934480847,27.640825886311514],[84.21447101870172,27.640536102450966],[84.21427929958416,27.640442386117936],[84.2138288698228,27.640281870448916],[84.21312881111135,27.639934048638814],[84.21261604607187,27.6397379242472],[84.21197838089674,27.639425703998764],[84.21159492604168,27.63928750865247],[84.21121138830146,27.639247353254667],[84.21044446628146,27.639011013261925],[84.20973994450685,27.638868355456108],[84.2097265134745,27.638863870393244],[84.20878118640204,27.638556210481557],[84.20833529952831,27.638333239459303],[84.20801423318179,27.638168284017976],[84.20725169369378,27.63755295560194],[84.20610573481352,27.63677702069802],[84.20559741361912,27.636335630538895],[84.20539673815964,27.63610815448752],[84.20526298095605,27.635952073709664],[84.20454062253746,27.63533670774625],[84.2044737027988,27.63530108610758],[84.20445584679817,27.635296594402362],[84.20431766369398,27.635167270249084],[84.20376026294618,27.634658966087546],[84.20361306967325,27.634467261584586],[84.20314486396136,27.63406589507237],[84.20255181957701,27.633637817743647],[84.2020434681541,27.63321425256874],[84.20178937125743,27.6330626028348],[84.20171352002765,27.63300466034725],[84.20133450374497,27.63271477875678],[84.20032678492817,27.631961239627763],[84.19990762102145,27.631702598168108],[84.19962664844432,27.631533139210134],[84.19951073581119,27.631439532367725],[84.19905593140054,27.631087241522767],[84.19816408964486,27.630601170293],[84.19765127662286,27.63026670433379],[84.19745958397498,27.630208740128623],[84.1970805407238,27.62993677645698],[84.19631359823997,27.62964245710039],[84.19603260877402,27.629584508816887],[84.19592561844996,27.629562197452547],[84.19554656547582,27.6294061197378],[84.19528793605969,27.629267917948958],[84.19452097058685,27.62895574476429],[84.19382092701703,27.62858569673718],[84.19337500898912,27.62844742834569],[84.19292908763697,27.628228953634203],[84.1924831629607,27.627921261675787],[84.19229145374781,27.627823142698915],[84.19190795302964,27.62753331315228],[84.19157352423767,27.62731931476942],[84.19050779653777,27.626637055107373],[84.19006193426529,27.626271366586614],[84.18980770600402,27.626115316412157],[84.1893618385146,27.625767557477484],[84.18929940714662,27.62569170072619],[84.18910768773185,27.62559357662881],[84.18872859155422,27.62526359526816],[84.1881311401141,27.625022887938933],[84.18810434879072,27.62500053409267],[84.18776989873862,27.624755298912167],[84.18739087454144,27.62446546387397],[84.18722143522557,27.62429154236402],[84.1861825026643,27.62351570716723],[84.18554479687782,27.623163389134312],[84.18514347161012,27.622873595470487],[84.18488930291274,27.622757596437403],[84.18473771840851,27.62263723482362],[84.1844211115312,27.622503455664933],[84.183823617091,27.622151205826455],[84.18297636522237,27.62154921963586],[84.18178576700096,27.62092491589492],[84.18146922497517,27.620710925760076],[84.18112588682901,27.620532570854724],[84.18070224330496,27.620242720953087],[84.17987289107556,27.61975664382237],[84.17949381687592,27.619462321478974],[84.1792931342968,27.619386558432186],[84.17923519854338,27.619364236740513],[84.17891864303436,27.619150239677477],[84.17851284764554,27.618900475132083],[84.17826315698869,27.61866866717349],[84.17724201356226,27.617928386559157],[84.17671582419138,27.61750031030249],[84.17559656000954,27.61628750484451],[84.17552968836212,27.616202710526785],[84.17473599426363,27.615248530714723],[84.17410275354146,27.614606378276754],[84.1734918779241,27.6138928907744],[84.17319315739918,27.613634301580667],[84.17306826087614,27.61352726646858],[84.17237263398333,27.61271573490355],[84.17155217980793,27.611846235153184],[84.1713247522677,27.611560829419208],[84.17112854904653,27.61130662120349],[84.17100372869743,27.611212969899622],[84.17064697123068,27.610807223165285],[84.17047756501272,27.610651209798775],[84.1703303703376,27.610517362188414],[84.17023677397287,27.61040592584546],[84.17007621924928,27.610209687181786],[84.1699335304046,27.61009378300735],[84.16973732262859,27.609937715230775],[84.1695366878439,27.609696879328634],[84.16952775463089,27.60968802865258],[84.16937613124479,27.609540878358732],[84.16878750051531,27.60897006547738],[84.16878307409334,27.608961136082993],[84.16874742126446,27.608894241105748],[84.16849326346352,27.608662400140542],[84.16836835714483,27.608573203348946],[84.16810977126485,27.608390426399843],[84.16760587568687,27.60790881423212],[84.16732941943758,27.607694771894685],[84.16672740840497,27.607110627311602],[84.16666503392157,27.60704823137105],[84.16635734568158,27.606749453145966],[84.16608088367434,27.606557713170584],[84.16595597232889,27.606472974716613],[84.1658757295296,27.606392697819416],[84.16572409690554,27.606223236112896],[84.16531837312044,27.60593345721324],[84.1649169928119,27.605585596554175],[84.16474314367905,27.605483099917674],[84.16390037066847,27.605001524925967],[84.16305315896717,27.604247894323052],[84.16244667810564,27.603797552415013],[84.16188928982133,27.60337835551101],[84.16163067599582,27.60323571404845],[84.1614612442979,27.603142053094075],[84.16052038660224,27.602499927834774],[84.16046685973474,27.60246422104249],[84.1604534981333,27.60245536210363],[84.15969985069802,27.602089656789946],[84.15944573503629,27.601857797281436],[84.159276297166,27.601799822939693],[84.158625264925,27.6013093138188],[84.158429020141,27.601162237098773],[84.15808571096633,27.60098382077444],[84.15793856636219,27.60086789312182],[84.1570912704429,27.60038188992972],[84.15675238092317,27.600149942567086],[84.15607016878056,27.599757595577067],[84.1557312734932,27.599605947664035],[84.15473244698481,27.59902183796357],[84.15458086668623,27.598946049654085],[84.15388075876695,27.598607098849218],[84.15320294154735,27.598219204683236],[84.15237803893365,27.597523540642687],[84.15186966400755,27.597153470741798],[84.15149065421413,27.59680561334394],[84.15119641280288,27.596493530033257],[84.15105367903512,27.596315142987713],[84.15081731825369,27.596011916838666],[84.15052307354168,27.595744355036366],[84.15012618304064,27.595258332053263],[84.14970256192713,27.594870402607683],[84.14923884553646,27.594353190772523],[84.14846291763416,27.593595134804097],[84.14840052415805,27.59347919163221],[84.14808388633072,27.593189355401915],[84.14780742061248,27.592881667741146],[84.14768706021218,27.592779078195253],[84.14741059266667,27.592551693847074],[84.1471385518678,27.59218155284379],[84.14686216230648,27.59193186344709],[84.14644294623248,27.591410175140336],[84.14631815501716,27.59124065517936],[84.14581423740061,27.590545062953417],[84.14520331514967,27.589960960058786],[84.14473956400944,27.589555170236192],[84.1446548646297,27.589515021234273],[84.14461476925429,27.5894391846311],[84.14374965267673,27.588627636860803],[84.14307188209578,27.5881594708751],[84.1429693060291,27.588043526600945],[84.14186350236284,27.587437050521448],[84.14152460738667,27.58721862222418],[84.14131502134481,27.587044721472584],[84.14105189038833,27.586919782700488],[84.14091372201943,27.58684846901388],[84.14024928554136,27.58639807074673],[84.14019131206335,27.586362435378156],[84.1401823744805,27.58635795434288],[84.14002190035701,27.586286592412172],[84.13978106758907,27.586090403856286],[84.13949570648334,27.585858520913757],[84.13932178369997,27.5857738317464],[84.13885806767009,27.585541928560808],[84.13871087593333,27.585426063732857],[84.13858155948192,27.585385904791757],[84.13851915573986,27.58526995377007],[84.13833186360358,27.585096094889195],[84.13773882166863,27.58466796510053],[84.13735980320747,27.584337992760343],[84.13700308723938,27.583932221138326],[84.13685589095861,27.583700354450595],[84.1365304151891,27.583334712602714],[84.13614245092243,27.58288880518439],[84.13606216825728,27.582763978507167],[84.13560293646735,27.582041572454443],[84.13553602023241,27.582023760964034],[84.13532641330066,27.58179184799635],[84.13499641980765,27.581287969351294],[84.1348894815569,27.581189857715984],[84.13478689152004,27.580998147250533],[84.13467987237033,27.580900031956855],[84.1345371798743,27.58066817173789],[84.13390842696296,27.57986106555159],[84.13359187379568,27.579571189365822],[84.13352938434457,27.57945085774649],[84.13298541737086,27.578871113171306],[84.1326509819382,27.578407369527433],[84.13225413439748,27.577948130857514],[84.13162535760573,27.57707417084207],[84.13136677446295,27.576788784506302],[84.13120619626795,27.57661041676838],[84.1309565502786,27.57620904633636],[84.13039017216306,27.575451033810364],[84.12985068661088,27.574585911075555],[84.12967230660917,27.57410883750019],[84.12946267923103,27.57354254883256],[84.1291104262783,27.572904832327314],[84.12898559906233,27.57267746126254],[84.1288205851385,27.572276171519714],[84.12863334331486,27.571928287056014],[84.12857535863189,27.571696417713593],[84.12836580796424,27.571348661628104],[84.12828551491307,27.571116742657658],[84.1282275298947,27.57065750079304],[84.12816511540274,27.57048362454299],[84.12817405477266,27.57019818045467],[84.12803134683466,27.568521573014984],[84.12801346805107,27.56830308189806],[84.12783516313462,27.567380080017642],[84.12778160712828,27.56686283385705],[84.12773707104459,27.565868368292854],[84.12770582328444,27.565841617160665],[84.12765234769849,27.56578813850195],[84.12761216044221,27.56567668064174],[84.1273401910701,27.565270863760276],[84.12616298520473,27.56399113068164],[84.12597573510666,27.563719082890568],[84.12565914017397,27.563429260688174],[84.12532466399195,27.563041323567376],[84.12502594530936,27.562804993935387],[84.12499912579185,27.56278717427071],[84.12488765956088,27.562711346076565],[84.12461124818945,27.56247952652722],[84.12384426441358,27.56184184153297],[84.12362132746519,27.561659038296806],[84.12225235728975,27.560330202057653],[84.1219580532263,27.559906558317877],[84.12192680246396,27.559861957403484],[84.12188669192564,27.559790656626244],[84.12188226204526,27.55973273146268],[84.1218599515519,27.559438368874993],[84.12184215147725,27.5592555677995],[84.12192680246396,27.557636931794026],[84.1219090024091,27.557311432965356],[84.12184215147725,27.55696806670589],[84.1218287007386,27.556883344442817],[84.12148985389366,27.556152072108404],[84.12141406212287,27.556071767012273],[84.12121334636642,27.5558488438281],[84.12049996235433,27.55522008375619],[84.11885448334027,27.554136524309968],[84.11857804425107,27.5539536796769],[84.11842645327904,27.55392246605843],[84.11787800007427,27.553610328159007],[84.11719123843415,27.553316082082073],[84.11679888024311,27.553093084728896],[84.11609881537312,27.55289688377707],[84.11515346114419,27.552722973797895],[84.11500186154731,27.552696218310185],[84.1132940439664,27.55224143469796],[84.11284809107576,27.552054088229163],[84.11230852877334,27.551902494442466],[84.11151480434465,27.551536854852042],[84.1110288010603,27.5514387466402],[84.11036886789512,27.55141199075694],[84.10938781618897,27.551514522086592],[84.10762650712746,27.551987219492606],[84.10616839137997,27.552535731496167],[84.10574478276406,27.552638272974605],[84.10462105342813,27.5531956561359],[84.10318969418758,27.55354795117015],[84.10306038194331,27.553579151569412],[84.10277057648523,27.55365495577479],[84.10262780831319,27.55366381105256],[84.10083528162437,27.553784282144324],[84.1004027725949,27.553757476053725],[84.09853887133333,27.5539001466721],[84.09756673206374,27.553895699291164],[84.0955289354745,27.554114215388577],[84.09448108316467,27.554337218018357],[84.09235405781308,27.554466497637577],[84.09179666420074,27.55462703117222],[84.09098961487766,27.55485888608611],[84.08962957333043,27.55531819586303],[84.08797970515351,27.55623225081385],[84.08703882572527,27.556646952322023],[84.08555393905036,27.557431798949693],[84.08333335079296,27.558051588379403],[84.0797749845577,27.559045986466366],[84.07921312232627,27.559117301733117],[84.07781291729464,27.5593536375271],[84.07775496429132,27.559353670343956],[84.07674275251885,27.559313543995273],[84.07536489852664,27.558702627778572],[84.07402715552116,27.55790449468638],[84.0729524901862,27.5571820673198],[84.07221677030255,27.556397322443154],[84.07174858758515,27.55570169041194],[84.07071402633808,27.553864512679443],[84.07055796195368,27.553592475151],[84.07017005637607,27.55265163515356],[84.06965276445234,27.551987269418667],[84.06909983680299,27.551563573195526],[84.06852465447268,27.551340692663018],[84.06800734846334,27.55121576021109],[84.06753469925432,27.551224711320888],[84.06710662727708,27.551135525207957],[84.0665090949953,27.551144415724288],[84.06615236250472,27.551229157042542],[84.06574217800146,27.55133178650423],[84.06503313592086,27.551603717961953],[84.06314250449671,27.552575829619208],[84.06303100449426,27.55266504046354],[84.06274116802336,27.552892457430197],[84.06219720692367,27.553075213675047],[84.06199202097802,27.553142133760687],[84.06185826677844,27.553240209876915],[84.06123399597722,27.553699557723753],[84.06061866812088,27.554069600816103],[84.05985611083962,27.554707309341033],[84.05864775471713,27.55527806441716],[84.05769351768542,27.555318179090353],[84.05621306996525,27.55597812732525],[84.05458551128595,27.556312582462652],[84.05367580100256,27.55630361692952],[84.05268149024123,27.556290227660263],[84.05215977495314,27.556165406481046],[84.05183424491256,27.556089568200097],[84.05092013880977,27.55569722790276],[84.04978305089531,27.5551398157906],[84.04972063583486,27.555108592980254],[84.04908744995521,27.554760818898043],[84.04873069533994,27.554515522005254],[84.04782105832435,27.553882330984077],[84.0472859144172,27.55317778739936],[84.04611319403273,27.55203183434451],[84.04523029204283,27.550600486714057],[84.04475762612289,27.54860726472712],[84.04423148759777,27.547024278188182],[84.0441645505784,27.54641781531595],[84.04386583314657,27.54509342425323],[84.04334855816893,27.54400989872148],[84.04313895328342,27.543653169909856],[84.04289370093609,27.543064590484015],[84.04242553314184,27.542493778809924],[84.04203309202666,27.542012231162236],[84.04175662355722,27.54168672604136],[84.04173879984654,27.541664367497887],[84.04166750495139,27.54156181512587],[84.04134199913754,27.54108919651093],[84.04093172705302,27.540326668228083],[84.03983477795718,27.539350109895665],[84.03860408404816,27.5385430829717],[84.0385639181136,27.538516286983036],[84.03793964896009,27.538208632554458],[84.03739119013184,27.5380346906999],[84.03719503423962,27.53800353534379],[84.03626747927267,27.5378563699552],[84.03559414612847,27.537521884456062],[84.03494314814164,27.537459464599696],[84.03405129132408,27.537276690028055],[84.0332487138262,27.537009119629374],[84.03207152716192,27.53701802096579],[84.02991326534159,27.536879820824804],[84.02820989756783,27.537093870431207],[84.02746080715968,27.53689763331394],[84.02600712911278,27.537218652778783],[84.02507964494868,27.537339045896825],[84.02464264066603,27.53734358653264],[84.02392028996523,27.53753970263046],[84.02264498195491,27.53778945034348],[84.02167283201705,27.53789647910316],[84.02037529011339,27.538262151624497],[84.01971977200971,27.538569804623126],[84.0179183314483,27.539038027928548],[84.0172761801531,27.539252005892305],[84.01715136367724,27.539292154266],[84.01643787969576,27.539626567074766],[84.01548362310963,27.54020182908295],[84.01441348561315,27.540968777076912],[84.01394969702432,27.541352276392374],[84.01356618927423,27.541668906628864],[84.01333881071803,27.5418561633693],[84.01202333885587,27.542712298147165],[84.01017728911916,27.543764660051814],[84.00950842719219,27.544045527173584],[84.00763559074191,27.54457172611957],[84.00709161893288,27.54461630882697],[84.0053213568186,27.54477237393302],[84.00423780538641,27.544999840531027],[84.00394792970744,27.544999849451287],[84.00301155402616,27.545093458504642],[84.00278413594955,27.545160313807038],[84.00240951567214,27.545271779582887],[84.00206176720785,27.54529409810536],[84.00172733283198,27.54525845254648],[84.00137506104153,27.54532983097958],[84.00099155458493,27.54533427645452],[84.00000162542742,27.54520051159754],[83.99933725173248,27.54474561331127],[83.99894485462501,27.54451373836609],[83.99879320561945,27.544420110444594],[83.9987753692826,27.544406759782234],[83.99827151078075,27.544143665441702],[83.99802179944506,27.544005476082702],[83.99751349569625,27.543862741244546],[83.99688024884604,27.543657597569226],[83.99643884460986,27.543510515493548],[83.99523043468078,27.543309830960904],[83.99408439241303,27.543225063229315],[83.99362956931293,27.543265229125822],[83.99354933929506,27.54327417137682],[83.99325053401148,27.543300899897293],[83.99322381742219,27.543300907301074],[83.99255049092402,27.543305318839476],[83.99210009574595,27.54334995374749],[83.99095415591285,27.54330531925904],[83.99018273099033,27.543399000943158],[83.98887168169749,27.5434792859435],[83.98858633382969,27.543497126434215],[83.98826530578823,27.543564020348473],[83.98794419533077,27.543613063450472],[83.98743144832088,27.54369773221899],[83.98717281295635,27.54378248717881],[83.98659313962646,27.543965272609963],[83.98562993813988,27.54422839333877],[83.98553185734762,27.544246196543707],[83.98490308709752,27.54436215991752],[83.98431895217945,27.54459845869206],[83.98399790162,27.544741186941348],[83.9834806813277,27.545017671116817],[83.98308826262443,27.54529410325122],[83.9830258596639,27.545311929376755],[83.98230793846609,27.545829221891506],[83.9817193384843,27.546333092795894],[83.98142499599354,27.54658279393464],[83.98134919005847,27.546645189974292],[83.98123770107296,27.546796879302207],[83.98110845109552,27.546908271689933],[83.98101924342448,27.546943943643363],[83.98039050728016,27.54748354533319],[83.98008727781985,27.547608382036024],[83.97980188875573,27.547907183358014],[83.97924006801524,27.548219280080872],[83.9782902328265,27.548625055200212],[83.97762586415752,27.548906027789556],[83.97719336263611,27.549133408382087],[83.97671621066938,27.549383125201935],[83.97626585974852,27.549521304472727],[83.97528481307262,27.54979337750264],[83.97523580473019,27.54980669285545],[83.97522240211238,27.549811198777956],[83.97446434201765,27.550016268984727],[83.97401397444267,27.55013668264798],[83.9724756106015,27.55035069990741],[83.97217686331476,27.550346240332768],[83.97126276825942,27.550337348919427],[83.9700543427727,27.55019471019171],[83.96903766743064,27.550020752044947],[83.96859622269974,27.549895891866036],[83.96789613825305,27.549726452089796],[83.96694628763693,27.549570364902543],[83.96669216798895,27.54948564979154],[83.96643796653095,27.549423237427288],[83.96586277933054,27.549409905406062],[83.9650333793845,27.5492939143285],[83.96439567612217,27.549298388158324],[83.96407912346199,27.54925379035749],[83.96350391399945,27.549106607492647],[83.96333893294272,27.549084373849613],[83.96280385180744,27.549012986555812],[83.96185400258183,27.548798957315395],[83.96165784500188,27.548736555794253],[83.96109149600595,27.548553699977887],[83.95982512610878,27.54820145469296],[83.95925884084814,27.547862536631897],[83.95907155852723,27.54768416477945],[83.95855872990931,27.54696629579478],[83.95848297627701,27.546801328492414],[83.95833130720797,27.54643560621368],[83.95813958016659,27.54596294537413],[83.9576401501991,27.544879458324505],[83.95754654700589,27.5444959083893],[83.95726557503932,27.543880618852402],[83.95695795003637,27.54335438058623],[83.95646295238618,27.542828216283706],[83.95533039492732,27.54211027847089],[83.95448760604803,27.541668853224387],[83.95448760604803,27.541664391764126],[83.9533727807902,27.54107132496852],[83.95280207412519,27.54087066771628],[83.95223128135225,27.540589787179112],[83.9514108230113,27.540228548717494],[83.9505413254374,27.539978853248446],[83.9500285058715,27.539929802451553],[83.94842322111333,27.54002341970716],[83.9472638584277,27.5402062699061],[83.9466172454824,27.540362327402065],[83.94545792927084,27.540661071136952],[83.94502091821232,27.54087959316013],[83.94431636255788,27.5410000146519],[83.94360291291265,27.541227386854786],[83.94308567286278,27.54134782955775],[83.94224287643269,27.541619801750894],[83.94210021463778,27.54166882649451],[83.94177918398911,27.541780311970015],[83.94148036708009,27.541887409527433],[83.94008021387306,27.542591865735027],[83.93935782825395,27.542975415531057],[83.93851061786116,27.543358878991544],[83.93805578374736,27.543523863461317],[83.93734678513107,27.54390735726137],[83.93727100516591,27.54394751035083],[83.9370614383336,27.544014315362116],[83.93655755399827,27.54417938811279],[83.93582623972613,27.54448703907183],[83.93564785329934,27.544562783845603],[83.93538479700224,27.54472781299821],[83.93492549605331,27.54494630358211],[83.93440826330504,27.545129165445797],[83.93382412921038,27.545249507345783],[83.93311508148403,27.545329783520582],[83.9316391919703,27.545160349715356],[83.93093011889226,27.54516031099974],[83.9306715669538,27.545196060566848],[83.92971281449962,27.545017655052213],[83.92849548586356,27.5448972937644],[83.92810756129703,27.544866009575472],[83.92727813298555,27.54465646760953],[83.92651115428869,27.54438888329544],[83.92562829268864,27.54387167339463],[83.92543654374235,27.543693333366022],[83.92525376352958,27.543403496167315],[83.92487915127117,27.543046755871124],[83.92387141997695,27.542257479390347],[83.92293050023166,27.541668834612214],[83.92285914682981,27.541619858093554],[83.92241777206814,27.541285357203602],[83.9220610012355,27.540933133921286],[83.92182018984816,27.54044704696324],[83.92156604391612,27.53959535171213],[83.92145008190786,27.539055822360222],[83.92144119282499,27.538939885777232],[83.92140103031626,27.538520729565803],[83.92132523058005,27.53813276297274],[83.92133420048978,27.537905357823433],[83.92126284522563,27.53744611299322],[83.9212003789974,27.536598847275073],[83.92118260075777,27.535600056424354],[83.92112457901253,27.535180916587596],[83.92103988979254,27.534601160182774],[83.92092837136597,27.5340616330579],[83.92083479270333,27.532830914685718],[83.92089717849434,27.531377229807497],[83.92123165252455,27.529312667629792],[83.9218024117887,27.527118833966956],[83.92190051428878,27.526735311863852],[83.92200306113261,27.526414267099135],[83.92211449679083,27.52618685767722],[83.92238205467422,27.52592378579985],[83.92272985393035,27.525665195702786],[83.92296177287419,27.525567075436825],[83.92371085697405,27.525094429942275],[83.92401412433527,27.52487145919962],[83.92418801956981,27.524710929114057],[83.92431730938651,27.524149042594964],[83.92433072318934,27.523609494508012],[83.9241657170488,27.522686485291246],[83.92404975996963,27.522227223054912],[83.9240185686899,27.521919519508344],[83.92390261133173,27.521531554295688],[83.92381792595839,27.52137553599865],[83.92364394886452,27.520760165856615],[83.9235771214888,27.52022058870654],[83.9235726771021,27.52012696516856],[83.92351910201512,27.51991733367405],[83.92353696038266,27.51923063959906],[83.92359045464698,27.51892742868187],[83.9238000676729,27.51832101977433],[83.92407206253296,27.51786617606598],[83.92471867171976,27.517143805127755],[83.92508431560293,27.516724629734185],[83.92552575192364,27.51629662061319],[83.92642202834836,27.51555638452241],[83.9272067846568,27.51500340726248],[83.92764376156288,27.514593217188338],[83.92770622120945,27.514530795367868],[83.92801391281888,27.514343508200465],[83.92851334277769,27.514044728177183],[83.92897261112034,27.513768289981357],[83.92911974755661,27.51370134693555],[83.92957901134322,27.513491835136637],[83.93010072887911,27.51331342046296],[83.93052887813441,27.513228733816003],[83.93096138744318,27.51319751171559],[83.93112193140487,27.51316631053452],[83.9312200189525,27.513148451751995],[83.93156784873179,27.512987889412642],[83.93165252337032,27.5129477607667],[83.93216977944495,27.512840802262627],[83.9324284058405,27.512854118273317],[83.93265140054181,27.512863115655723],[83.93294121164233,27.5128809121652],[83.93322213399831,27.51283629916837],[83.93328458794453,27.512827417469154],[83.93333363000247,27.512836335198283],[83.93388205811071,27.51290322846122],[83.93430573726842,27.512987890924897],[83.9349031974497,27.513001318304894],[83.93591098925452,27.5130994444844],[83.9363390170115,27.513130656769714],[83.93744938685303,27.513291153347783],[83.93872470379394,27.513607759673896],[83.93993754702575,27.513960010606823],[83.940793704679,27.51415172349733],[83.94121733590092,27.514334617034248],[83.94203776970421,27.514816138362026],[83.94237665185601,27.51497669197913],[83.9433130716128,27.51530663231222],[83.9437143899693,27.51544044782837],[83.94399090065946,27.51553412255228],[83.94817346686607,27.518111430271503],[83.94839648485694,27.518285318848672],[83.94873088915456,27.51867331146433],[83.94898056034722,27.518909574680134],[83.94972528685705,27.519908468350803],[83.94998836215137,27.520443546403172],[83.95015337932702,27.52067987759923],[83.95041645277577,27.521206029351184],[83.9507775812294,27.52178569715931],[83.95092030351591,27.522075582444593],[83.95112990355226,27.522392197919956],[83.95149999326497,27.523065503673408],[83.95174076845285,27.523645203784582],[83.95215099678401,27.52434523381276],[83.95250775345845,27.525330727230312],[83.95299826019148,27.526262680489292],[83.95335048892329,27.526672931299956],[83.95360466418353,27.526886977608942],[83.9540505788831,27.527051968018128],[83.95408183559633,27.527056358857294],[83.95451433963548,27.52721246673121],[83.9551074022801,27.52734181072316],[83.95531698793135,27.527328419469264],[83.95532587208564,27.52733282065909],[83.95548199069464,27.527337275989915],[83.95635594061858,27.52735512361141],[83.9571987036821,27.52719019548363],[83.95782299502144,27.52706977218477],[83.95833130720797,27.52694047772761],[83.95860330982805,27.526878031590694],[83.9591250216719,27.526659542952313],[83.95938369540919,27.526494519300797],[83.9603423857874,27.526057516254838],[83.96093103084654,27.525727608172947],[83.96229993772062,27.525005232626345],[83.96256303953756,27.524866985186485],[83.96264775194349,27.52484022689781],[83.9636020302752,27.524532576105155],[83.96481930499255,27.52396627707933],[83.96523404820908,27.523729916162626],[83.9657557033096,27.52356939759988],[83.96636214193902,27.523355347009634],[83.96695080961662,27.52300309506949],[83.96761069205544,27.522427879710282],[83.96820822994874,27.52179016815499],[83.96902870452753,27.520541613863443],[83.96996955991631,27.51911031248655],[83.97033081481038,27.518191678223555],[83.97053146618984,27.517892924093758],[83.97107100114849,27.516840636378973],[83.97123152035451,27.51646160817172],[83.97146341656921,27.515855152754355],[83.97156596092303,27.515172863170744],[83.97158380523784,27.514561960031124],[83.9714767392706,27.51310836161312],[83.9714054425983,27.512573201247545],[83.97140092094922,27.512042624326718],[83.97123596127221,27.511048258202734],[83.97108432393571,27.510432865049843],[83.97079453247001,27.50950984121312],[83.97038870905892,27.508546629202275],[83.97017473422605,27.508047228774753],[83.96959053873269,27.507043982783365],[83.9695058359771,27.50693250690774],[83.96930074016119,27.506673828688605],[83.96859622269974,27.50600941498766],[83.96810567994305,27.505643777290096],[83.96759736850862,27.505260322165906],[83.96724061936511,27.504965980190214],[83.96709793527278,27.50484565558254],[83.96694184640656,27.504751971018358],[83.96684373550742,27.504689534066006],[83.96674118320533,27.50460039818388],[83.96609461522895,27.504078685847144],[83.96559969175682,27.50362824114331],[83.9647257128211,27.50295941046144],[83.96390970251079,27.502442128995874],[83.96353508511322,27.50223705359337],[83.96341468054159,27.502188017339865],[83.96337906787623,27.502174604731348],[83.96274134730567,27.501849068929616],[83.96217064755346,27.501532502630738],[83.96103351216718,27.50081458267352],[83.95984741560929,27.500163520309375],[83.95910273190731,27.499998531625547],[83.95833130720797,27.49967753288313],[83.95351549700597,27.497648634366264],[83.95049665885495,27.49662746662172],[83.94912772936505,27.496101359379118],[83.94685359724211,27.495231768169656],[83.94549355240038,27.49463871726742],[83.94321056052269,27.49365328238154],[83.94264864482322,27.49314941330252],[83.94244798247219,27.49297102856604],[83.94154725566364,27.49216834606431],[83.94081600113236,27.49133009306282],[83.94071340506571,27.490496223650858],[83.94061088961121,27.488177469846715],[83.94086059401467,27.48780293117948],[83.94092304015201,27.48770925253595],[83.94134214659861,27.4862244481183],[83.94217598861113,27.484369394935502],[83.94206903257027,27.48316097266511],[83.94342454919865,27.47861273852416],[83.94478011651219,27.475643003409687],[83.94571649940553,27.473324183427277],[83.94580123520952,27.472584059625838],[83.9458235298343,27.47239677797006],[83.94622038894843,27.470983159813592],[83.94623824068185,27.470911811942614],[83.94655036245331,27.46960982841056],[83.94655488594552,27.468405883795956],[83.9466663576117,27.465587700296876],[83.94657718029504,27.465239898377146],[83.94644333329896,27.464923274091547],[83.94623379794325,27.46443724461825],[83.94616247175021,27.46423214504669],[83.94577005503221,27.46330462051059],[83.94569420474166,27.46299693714702],[83.94536430738688,27.462452923299036],[83.94526616177195,27.46222103857661],[83.94524830975425,27.462069495596936],[83.94502980386574,27.46152540417429],[83.9449941804656,27.46129355414308],[83.94438324803468,27.460210045361144],[83.94424503412449,27.45982207824642],[83.94402208174547,27.459434091816917],[83.94399534356128,27.459340451697464],[83.94379024271973,27.459072944823358],[83.9433398100958,27.458381752391368],[83.9433130716128,27.458332744872255],[83.94324174200725,27.458203425664106],[83.94320603678268,27.458172239138996],[83.94290286465674,27.45762820950561],[83.94261302003369,27.457258112697556],[83.94252827980453,27.45715998931581],[83.94236332279617,27.45686119263665],[83.94232761705794,27.45678992493433],[83.94210910071628,27.45617449283938],[83.94198873463401,27.45594261721877],[83.94186384447502,27.455786600560252],[83.94180592314382,27.455630545803796],[83.94168103261093,27.455492293006873],[83.94156066568485,27.45526041639897],[83.9414180022961,27.45491705803514],[83.94100325870565,27.454435480762758],[83.94071340506571,27.454092155977396],[83.94037451368361,27.453824542225508],[83.93890752450781,27.452290665614715],[83.93871573643597,27.451947309480424],[83.93843928264593,27.451563852993342],[83.93805578374736,27.45141221826816],[83.93792652299042,27.451314120082067],[83.9377391751953,27.450948458669533],[83.93750286894216,27.45077902528489],[83.93707929274478,27.45064528573055],[83.93648177305407,27.450622981985873],[83.93578164316826,27.45045347524395],[83.93537138562506,27.450355392211193],[83.93477393002205,27.450123569789],[83.93364573693806,27.449699953873445],[83.93347186860628,27.44958393302874],[83.93328458794453,27.449374399621],[83.93412290278248,27.448924058146908],[83.93414067725938,27.448915100426348],[83.9342611396007,27.448861597503537],[83.93431018087485,27.44883926940867],[83.93456879821144,27.448745708367134],[83.93550961961859,27.448420146924178],[83.93619189795649,27.448250724580483],[83.9378997013491,27.448081217712073],[83.93841254201718,27.448099121233554],[83.93892529759266,27.44817932990522],[83.93988406706845,27.448545021818965],[83.94031214777026,27.44866091650539],[83.94142244538514,27.4486832383116],[83.94168103261093,27.448625280527732],[83.94219384152719,27.448397853339227],[83.94338892486182,27.447880626111644],[83.94363861790512,27.44778246305951],[83.94426732931761,27.447537202676582],[83.94482470649947,27.447118067080964],[83.94508336009487,27.446966458605733],[83.94565858172922,27.4466587889232],[83.94593952637388,27.446431371347987],[83.9461980944686,27.446105853989184],[83.94630512405294,27.44578036808638],[83.94626497788367,27.445535091550084],[83.94621150346832,27.44545037342279],[83.9461133592155,27.445285425505656],[83.94545792927084,27.444612086379177],[83.9453063085981,27.444384647560288],[83.94524386694361,27.44413492044845],[83.94522601491938,27.443675639529452],[83.94527060458097,27.44329218137782],[83.94552925628712,27.442948808219224],[83.94606432741857,27.44243155625571],[83.94623824068185,27.441994604997607],[83.94659947463641,27.441727006237624],[83.94692492262755,27.441441695236175],[83.94707209660227,27.441343537692795],[83.94758494101139,27.441058137872517],[83.94801296772076,27.44096456931849],[83.94852580422409,27.4409645761601],[83.9492080179112,27.44112056669619],[83.950661674656,27.441579870077963],[83.95158027868983,27.44185634927864],[83.95219558138626,27.442043618177465],[83.95381869718476,27.44217741623892],[83.95605719507519,27.44223982184034],[83.9564005221476,27.44233789338507],[83.9568286485415,27.442395891090413],[83.95833130720797,27.442681277843054],[83.95887531123486,27.442779370671452],[83.95990095883265,27.442881969204333],[83.96137245034342,27.443515130391084],[83.96190754404299,27.44385851116599],[83.96241590293397,27.444072534377288],[83.96292869910879,27.44411266154253],[83.96329427573211,27.44403687856612],[83.9643199297424,27.443751455851224],[83.96435110043886,27.443751464739773],[83.96466329104274,27.44376933994576],[83.96510920562969,27.444041271542904],[83.96583596996737,27.44465218109432],[83.96607232801266,27.44508029647789],[83.96628187597426,27.445459311129344],[83.96685713996881,27.446052325063466],[83.9673253252698,27.44631994395856],[83.96783816088748,27.446400140044773],[83.9681770612251,27.446400147187614],[83.96854268711432,27.446284269520145],[83.96884145222351,27.44611479318473],[83.96897072823964,27.446003340702536],[83.96916250196189,27.445789244372197],[83.96942113310375,27.445445909321947],[83.96978675152732,27.445294316735158],[83.9709416488447,27.444915334235613],[83.97111113098964,27.444826148838924],[83.97149902451005,27.44462989295185],[83.97179785586455,27.444513975847634],[83.97210104586483,27.444152826559343],[83.97220802999206,27.44403683528119],[83.97239979352344,27.443862904763485],[83.97300180597537,27.443483945853952],[83.97377320647402,27.44279723916795],[83.9740942302207,27.442493988035306],[83.97441977370049,27.44207040632825],[83.97454911861789,27.441958947808345],[83.9747185099856,27.441883143250305],[83.9748478542685,27.441843016888395],[83.97501732554421,27.441843011846842],[83.97544540191173,27.441923270035087],[83.97576641684357,27.442092647276205],[83.97593588556293,27.442230931688965],[83.97642636526334,27.44247618651661],[83.97706846382778,27.442730303746295],[83.97742967661647,27.44273035657112],[83.97811188982834,27.442654534886266],[83.97969935827022,27.44233350003076],[83.9798910982109,27.44225767074962],[83.98008283754764,27.441990161508862],[83.98014968379336,27.441780563046],[83.98002487178236,27.440955605981983],[83.97981085007343,27.440496322285085],[83.97932475723302,27.439613458922224],[83.97928019247344,27.439426104282912],[83.97928463280421,27.439327999611947],[83.97932475723302,27.439252236096685],[83.97952101940012,27.439140799541494],[83.9796458324442,27.439118506358497],[83.97998918809442,27.43914072535297],[83.98024333299966,27.439198736148523],[83.98060896718519,27.43933253138498],[83.98088547203834,27.439506407590006],[83.98173717982374,27.440139606235746],[83.982227693515,27.440558760171374],[83.98252639148905,27.44075046330193],[83.98363228779358,27.441923225215998],[83.98478272476423,27.442935497494478],[83.98567457897485,27.44349281535161],[83.98608030050508,27.443666712964152],[83.98674473833744,27.443751497325657],[83.98686961729004,27.443769287253133],[83.98729769103025,27.443769338342346],[83.98740020871443,27.443746971444426],[83.9876588431122,27.443693475867043],[83.98795759514745,27.4435597505734],[83.98874688757545,27.443336804839433],[83.98942913536733,27.443318959113977],[83.99026296544992,27.44355083142224],[83.99060182168817,27.443706838749808],[83.99148471170865,27.443920907245563],[83.9916274193695,27.443956601948283],[83.99241666417466,27.444054678243234],[83.99294736864128,27.444036809885127],[83.99319702010632,27.44399229130324],[83.99337539960709,27.443961042894617],[83.99371431921682,27.443983306503444],[83.99383022460843,27.44401900621624],[83.99412006783439,27.44411709709692],[83.99501638574785,27.44465669539175],[83.99542212567603,27.444924220866373],[83.99674199257045,27.445882888385544],[83.9972102708737,27.445998825803223],[83.99791477998713,27.44600332458135],[83.99825367429082,27.4459676351635],[83.9989180598309,27.44583389680824],[83.9992792236074,27.445548468445477],[83.99938624066282,27.445396921558356],[83.99947098254135,27.44522745378184],[83.9994531464034,27.4449376024383],[83.99934612946579,27.444745872899286],[83.9991543701379,27.44451844845851],[83.99906970852493,27.444344553337167],[83.99909198366046,27.44405919307819],[83.99913653390703,27.443488381973214],[83.99928374318519,27.44312277270995],[83.9995423270408,27.442569820443232],[84.00000162542742,27.441753814282677],[84.0000284197438,27.441504088277416],[84.00009080525994,27.441428292482676],[84.00011308002124,27.441294525721506],[84.00009976358884,27.44067916669335],[84.00020677919936,27.44045172575377],[84.00042080985506,27.4404338733441],[84.00050998907246,27.44046957974814],[84.00065711431881,27.440585540354675],[84.0009112535789,27.440915463736054],[84.0009290892889,27.44104925862622],[84.0008845403564,27.441165194449894],[84.0008845403564,27.44156651063428],[84.00081763619168,27.44168246734175],[84.00079536168866,27.44185185693268],[84.00088010160226,27.44194995771599],[84.00109412988651,27.441990136899207],[84.00143744517523,27.441878649426055],[84.00152218419343,27.441820687697522],[84.0020394124578,27.441343568669577],[84.00244970554971,27.44102246755896],[84.00253444315621,27.44098236091386],[84.00335485848107,27.44030014630942],[84.00352876961209,27.440206461802124],[84.00378741610425,27.440135166162634],[84.00395688746768,27.4401930687633],[84.00406389628507,27.440326855699634],[84.00422884766759,27.44084409464912],[84.0042065744151,27.441075983100315],[84.00411740062312,27.44124544703962],[84.00411740062312,27.44147730965307],[84.00420213590365,27.441588800880627],[84.00428235186034,27.441820716221393],[84.00447409500569,27.44197671222376],[84.00477284511446,27.442057040861197],[84.00511622031556,27.441941082282458],[84.00526785354096,27.441829565593906],[84.00539713287327,27.441579863748004],[84.00567804413191,27.441352476113593],[84.00576721563297,27.441218723313987],[84.00589657460048,27.441125087076077],[84.00604368680327,27.441147385869794],[84.00621759023679,27.44122315378259],[84.00644951450512,27.441397033075226],[84.00670362953606,27.441744891537425],[84.00693555194852,27.44197224904781],[84.0071495589005,27.44203473844896],[84.00732345916775,27.442034705231016],[84.00757765123798,27.441958926647626],[84.0077515502795,27.441847469992364],[84.00801017879152,27.441597693196456],[84.00807707503546,27.441428252000122],[84.00809934686873,27.441120562160258],[84.00801913595271,27.440737136438155],[84.00784967592261,27.440429428774504],[84.00742602377872,27.43997018891296],[84.00734129299532,27.439796290536094],[84.00730118704995,27.43964020003764],[84.00736808407486,27.43948861394793],[84.00766681995024,27.439354837308905],[84.00801017879152,27.43934145299262],[84.00843382686053,27.43957329059658],[84.00873255749363,27.439805122187096],[84.00877718136535,27.439863106716032],[84.0088351197249,27.440112815654906],[84.0089867436661,27.44028672726898],[84.00926320018105,27.44038483902473],[84.00943265626684,27.44038487988235],[84.0096912776195,27.440309018263328],[84.00986517060862,27.440215413497146],[84.01012379011921,27.43997018244635],[84.01020851702042,27.439796235695617],[84.01042703118762,27.439510890872874],[84.01064554456845,27.438975732054473],[84.01060979815706,27.438440643717463],[84.01072131398033,27.43790562255031],[84.01082831088016,27.43767816587068],[84.01102455206463,27.437504268540312],[84.01132326995268,27.437432889669967],[84.01183605749783,27.437397210369483],[84.01209474930343,27.437397236004852],[84.0121616410476,27.437415104959957],[84.01243808310734,27.437495353807716],[84.01277697708483,27.43765140400939],[84.01296869341138,27.437825337001886],[84.01307124848735,27.438074997271308],[84.01307124848735,27.4381909764503],[84.01332541649688,27.438596777371572],[84.01353948161713,27.43871265136302],[84.01366430552089,27.438730504143],[84.01400771113529,27.43865469742418],[84.01433320235145,27.438467410169846],[84.01467652349544,27.438164192678883],[84.01478359411068,27.438030483153664],[84.01500201112523,27.437575572111975],[84.01528739633925,27.43723227852237],[84.0153944658769,27.436924552689806],[84.01587155640395,27.436278050247537],[84.01615249989138,27.436050631525692],[84.01645127323009,27.43588111833204],[84.01716467637112,27.435310359534867],[84.01728513594725,27.435149897811694],[84.01753484877445,27.43481542181343],[84.01787815180778,27.434570222729565],[84.01841323270995,27.434458685800294],[84.01892604104053,27.434463156755992],[84.01893047847571,27.434463168295398],[84.01918470262902,27.434579059728314],[84.01977778060508,27.435002680665722],[84.01996947481784,27.43519446331576],[84.02020134655368,27.43554225185567],[84.02045556538208,27.435756265237053],[84.0207141397717,27.435854393703206],[84.0210575054949,27.435818743059],[84.02146331351261,27.43561362323453],[84.02168178716225,27.435439675970187],[84.0219404370021,27.435172180612664],[84.0227653499753,27.433994996431075],[84.02319341286336,27.433535639885093],[84.02386228533099,27.433174446952865],[84.02437956531239,27.433027300305294],[84.02480761680822,27.432857850155447],[84.02495032685967,27.432826635802815],[84.02515095936013,27.432782096299412],[84.02529366860367,27.432786507133706],[84.02549429996827,27.4327865213977],[84.02574849661451,27.432844542790495],[84.02608739692835,27.432982707355862],[84.02626124293852,27.43300059260976],[84.02715313370355,27.433638226395306],[84.02732253983741,27.433714046353696],[84.02758116562228,27.43377198614246],[84.02783535352059,27.43377196688369],[84.02800927518801,27.433736370324347],[84.02852208306302,27.433491068675025],[84.02890549627925,27.433410769400936],[84.02895454201963,27.433397420333115],[84.02902593254123,27.433406366588855],[84.02929350508151,27.433437542543114],[84.02950751386355,27.43359366187456],[84.02969482134456,27.434302665977246],[84.02969030403054,27.434530065382052],[84.0296056043306,27.4349982348516],[84.02955655911691,27.43527471177303],[84.02948968654945,27.435444174894936],[84.02936037786539,27.435618110440494],[84.02931576912873,27.435903436790706],[84.02924889629567,27.43601941669175],[84.02901254178313,27.43630475551817],[84.0284953013213,27.436759596666114],[84.02841059995184,27.43690677711902],[84.02836155377143,27.436987000499826],[84.02805832165339,27.437388313799854],[84.02787100911644,27.437736102706065],[84.02783979030401,27.43778967756176],[84.02781752571481,27.437901135154906],[84.02785761810325,27.438008117621315],[84.02786213555382,27.438017060832166],[84.02798692999244,27.438248916064403],[84.02828128896626,27.43865025570351],[84.02855773825503,27.438859847835815],[84.02885645049918,27.439033695596926],[84.02907054149114,27.439305707694494],[84.02940942323778,27.439461808312],[84.02992221927003,27.43957775755626],[84.03069362347259,27.439600033110136],[84.03103701336019,27.439546503485058],[84.03154979562456,27.439359234796015],[84.03200457670559,27.439033770643537],[84.03243265503475,27.43886430472531],[84.03286073034049,27.438770640322332],[84.03311941316085,27.438810804915327],[84.03326654003477,27.438926736185184],[84.03330662881953,27.43900255656318],[84.03356079271114,27.43963573813078],[84.03353409385673,27.4399211125308],[84.03363661416708,27.44038040078541],[84.03360096196238,27.440781729231507],[84.0335653097367,27.441183056809354],[84.03365000390369,27.441356942176885],[84.03379712948956,27.44143269394948],[84.03409589657575,27.441490730838193],[84.03443926718798,27.441455049873166],[84.0349341949549,27.44119191949602],[84.0353221651662,27.440906537921876],[84.03540685687787,27.44088872852903],[84.0355808374799,27.440888752044366],[84.03575022006179,27.440946703238286],[84.03585725347772,27.441102792647143],[84.0359196828282,27.441272243763162],[84.03602671594479,27.441347976749295],[84.03624078161077,27.44140596150121],[84.03632547203848,27.441388151566144],[84.036517194598,27.441236523135444],[84.03671343334176,27.440933303019946],[84.03690959079321,27.44078168439779],[84.03699436094269,27.440746020327847],[84.0373778012219,27.44068802548703],[84.0377211532366,27.44067019190593],[84.03831872789536,27.44080848217991],[84.03883144854522,27.44102252065636],[84.0389786422041,27.44111612736062],[84.03908566991667,27.44123203630826],[84.03910793036668,27.441307896997046],[84.03912575485154,27.441651244183255],[84.03921052190009,27.441767184311935],[84.03933537362617,27.44186528273908],[84.03995519250039,27.442057015550574],[84.04055266446954,27.442369129421657],[84.04098076306073,27.44250294065687],[84.0413196588577,27.442543033020492],[84.04166750495139,27.44254752492159],[84.04192163376987,27.44254747993874],[84.04243440457209,27.44249401033675],[84.04337533334636,27.442498453321143],[84.04363397127317,27.44257868612685],[84.04397728782504,27.44257869325095],[84.04440536220842,27.442507405833425],[84.04461939826524,27.442355735608345],[84.04470415762495,27.4423379234547],[84.04496278987594,27.442186369431084],[84.04522134037653,27.44212838218529],[84.04539529279009,27.44213285662103],[84.04552013176634,27.442208628221604],[84.04554247049657,27.44230225923328],[84.0455156962774,27.442534151331323],[84.04556029308769,27.442703552573654],[84.04556029308769,27.442806141045917],[84.0455557769565,27.443051392654866],[84.04564053500539,27.44312723981051],[84.04574755094521,27.443145019107035],[84.0465635916686,27.44293991873896],[84.04870392253082,27.442953334998283],[84.04913647935825,27.442824009827667],[84.04932372615369,27.44278386782174],[84.0496492696985,27.442712478371337],[84.05067935309455,27.44273477940636],[84.05110738008692,27.442739272171504],[84.05213743866499,27.4426099540481],[84.05239160417202,27.442578730542795],[84.05251199374294,27.442578681659807],[84.05316304478077,27.442583206244006],[84.05338600033174,27.44253413326805],[84.05384972911929,27.442431566534296],[84.05410840292723,27.442494014310547],[84.05417081346216,27.442551940890226],[84.05416629797342,27.442743713501777],[84.05408163249717,27.443087071975416],[84.05428676464687,27.443604292201737],[84.05443835556846,27.44377378490561],[84.05458551128595,27.444063623807605],[84.05462558595906,27.444237473031965],[84.0546167163154,27.444282095040045],[84.05455874106698,27.444580874015198],[84.05459889639098,27.444866243320398],[84.05474605171798,27.445093670490277],[84.05502246086597,27.445329995578252],[84.05506261588216,27.445749112395028],[84.05520977008123,27.446034573291207],[84.05554866685607,27.446360074871784],[84.0556913851296,27.44643588446223],[84.05580281803341,27.44649830808991],[84.05597230531266,27.446707844798883],[84.05597230531266,27.44695757304746],[84.05601237906713,27.447037849856414],[84.05628442836039,27.44752835583385],[84.05645383365959,27.4479296695629],[84.05657873045641,27.44810355625196],[84.05666339243801,27.448335460159836],[84.05666339243801,27.44850483129282],[84.056703546365,27.448620824267064],[84.05668129238467,27.44896415379186],[84.05678385413903,27.44919601544829],[84.0573813212791,27.449619660708656],[84.05804126968816,27.450003107462923],[84.05838015059962,27.450159227731415],[84.05905347222948,27.450386636461403],[84.05923633447917,27.45044906195486],[84.05963761358913,27.45079684743171],[84.05989182821176,27.451216047857148],[84.06044475946682,27.4516396578805],[84.060591900572,27.4518715373834],[84.06059633495593,27.452036452335335],[84.06060971873086,27.45227281681257],[84.06064987003788,27.452384253659798],[84.06064543565789,27.452727622979964],[84.0605161128694,27.453017463979695],[84.06044919386153,27.453360851077413],[84.06051159785432,27.453530285576765],[84.06063648627183,27.45364622117998],[84.06087279799455,27.45376216693471],[84.06100212002022,27.453895968623453],[84.06151045610042,27.454127771147107],[84.06202330280962,27.454243697678603],[84.06263418213767,27.454310581640847],[84.06279470120634,27.454324018144895],[84.06304890255623,27.454480094625783],[84.06341008753932,27.454845712460305],[84.06385148813226,27.45570632407927],[84.0639763696512,27.45604965477863],[84.0639763696512,27.456281517441596],[84.06371330389133,27.456794315119264],[84.0632807706639,27.457195620988124],[84.06261636457539,27.457534561154958],[84.06242456342545,27.45759702021264],[84.06222840802613,27.457668310948794],[84.0617780463661,27.45793144864996],[84.06140790236144,27.458252459013348],[84.06136775155774,27.458332708917233],[84.06125632890667,27.458555718888796],[84.06122956164006,27.459130878339355],[84.06107790711373,27.459532250722354],[84.06101106935216,27.45981759848293],[84.0608148287424,27.46016100400642],[84.06073009194697,27.460392824961907],[84.06072565757286,27.460624671315045],[84.06061866812088,27.460852151730528],[84.06061866812088,27.46102160214395],[84.0607836269105,27.461480818736415],[84.06091294912689,27.461578994499384],[84.06112700742466,27.461659261038033],[84.0613633172304,27.4616592312798],[84.06166654384734,27.461610178647003],[84.06196081975358,27.46156556537719],[84.06256283123452,27.461587882598973],[84.06281695293713,27.46168601098482],[84.0628794351084,27.461779644438707],[84.06292401912145,27.461859838691943],[84.06294183659307,27.46241278205271],[84.06300423801333,27.462644703242546],[84.06338332122621,27.463219891800428],[84.0634680543033,27.463451780216268],[84.0634680543033,27.46356775175342],[84.06403877000363,27.464508556874716],[84.06407891903358,27.46467801685994],[84.0642082342017,27.464851895472115],[84.06427063431481,27.465025872966084],[84.06427063431481,27.465253261216642],[84.06412350216206,27.46577944731166],[84.06409230203762,27.465881948407645],[84.06402538698774,27.466283344895082],[84.06402538698774,27.46645725513511],[84.06408786791009,27.466631145529192],[84.06417251937931,27.466747056873636],[84.06493953690767,27.467420336294833],[84.0653452928224,27.46765221786945],[84.06617469361733,27.46804022892071],[84.06662058858251,27.468160612407424],[84.06668750075953,27.468178456737135],[84.0667722292051,27.468231965633453],[84.06728503127752,27.468334480792123],[84.0674589202551,27.468428116394836],[84.06762837486455,27.468468265579816],[84.06843992848393,27.469065748395288],[84.06877883172628,27.469449312871518],[84.06888137296073,27.469663291438135],[84.06890370306499,27.46989073230523],[84.06900624408757,27.470238533787374],[84.06906863924729,27.47063988891039],[84.06906863924729,27.470804868887104],[84.06906420548484,27.471326580391256],[84.06912660058471,27.471500461992118],[84.06921132561072,27.47161637172283],[84.0693585259919,27.472075697940074],[84.06955022452686,27.472365508670542],[84.06967509427155,27.472476964664107],[84.06971967327217,27.472508231171464],[84.07027259524969,27.47288276374343],[84.07044204196924,27.473038876225626],[84.07052676515082,27.47323057805957],[84.07054458038131,27.473538258808503],[84.07037070028274,27.473881623114334],[84.07025921361411,27.4746842719744],[84.07027259524969,27.475183698882283],[84.07029041055512,27.476062096906976],[84.07041979304553,27.476405494015804],[84.07041979304553,27.476521369592277],[84.07052233149535,27.47669534641813],[84.07066944807107,27.47709663051376],[84.07066944807107,27.477212594987545],[84.0708166449001,27.47755594395834],[84.07091918267642,27.478019696051547],[84.07115102059207,27.478536882721915],[84.07115102059207,27.478791127880925],[84.07114658698241,27.4791700747327],[84.07119116489739,27.479286058457266],[84.07178421732033,27.480088641621087],[84.07199380357248,27.48060594788504],[84.07214099717494,27.480797709085373],[84.0722925433351,27.48097162237088],[84.07256903348821,27.481185661584632],[84.07271622568912,27.48143535826922],[84.07284552237587,27.481551281199422],[84.07301496187931,27.48162704233351],[84.073291448726,27.48164932704712],[84.07346532041846,27.481573605666668],[84.07357236773915,27.48143978575117],[84.07355447279362,27.48117228491224],[84.07355447279362,27.481158894322657],[84.07364370564495,27.48056135867858],[84.0737506720419,27.480405305853107],[84.07383539058358,27.480369626695538],[84.07405391712021,27.480311602277915],[84.07430807111288,27.48029383495586],[84.07491004021091,27.480316108715318],[84.07524898776593,27.480396391071043],[84.07559228609736,27.480530152318874],[84.07602037855914,27.48061038119145],[84.07642614067089,27.480842313872127],[84.07655099620324,27.480976078218458],[84.07663571081707,27.48122579653449],[84.07665803805517,27.48145759933551],[84.07682746686369,27.48180098935802],[84.07688542075712,27.482148749563127],[84.07695232156634,27.482260233293896],[84.07709950308572,27.48234048977546],[84.0773982175967,27.482398526059942],[84.07774158431326,27.482420785881825],[84.07816966153929,27.482514398443655],[84.07859773573057,27.482559000087424],[84.07894109562619,27.482541174225258],[84.079025806887,27.482576819139446],[84.07921755534382,27.48279090758032],[84.0793647313419,27.483192177844884],[84.07941373619484,27.483263532204504],[84.07944944200834,27.483308165706944],[84.07972589939835,27.483540043343],[84.07987307415728,27.4837139409531],[84.08023867211539,27.483847744535748],[84.080666812236,27.483852171492742],[84.080920938398,27.483816448757576],[84.08237910056678,27.483861105987263],[84.08263773288273,27.48378531027597],[84.08306577539345,27.483575744186677],[84.08333335079296,27.483410698632103],[84.08338235242435,27.483379479739565],[84.08358303303261,27.48325462367106],[84.08373463107378,27.48312090023521],[84.08424745033297,27.48283547456139],[84.0845907780949,27.482764159857336],[84.0851035900794,27.482786447517473],[84.08527299518686,27.482826573845365],[84.08587058362131,27.48298261176968],[84.08603998657568,27.48305844555618],[84.08612468787453,27.483058466769542],[84.0865527862453,27.48327248187798],[84.08678464473131,27.483446393962012],[84.08688272293986,27.48358463788629],[84.08710571528255,27.483887794701644],[84.08731532894505,27.484026036059497],[84.08742227112133,27.484043871790035],[84.08776566140965,27.484200014616707],[84.08801983827095,27.484257925855296],[84.08836314457021,27.484436292086073],[84.08893837971337,27.48466814238511],[84.08953593184678,27.484824252727933],[84.08979010124996,27.48494018647372],[84.09004426958226,27.484980328902157],[84.09030286904704,27.48509627094413],[84.09045001801387,27.485212220707886],[84.09126158727373,27.485600123721035],[84.09160052360117,27.48600593641948],[84.09174766940244,27.48610403040066],[84.09187692533038,27.486121826328517],[84.09227379731836,27.486059458304027],[84.0924744483549,27.486028233766834],[84.09262610463918,27.485916732303398],[84.09281780988536,27.485840939262427],[84.0929025822505,27.4858409596052],[84.09299170592038,27.485898922313833],[84.09307647804111,27.486032669880014],[84.09308534203923,27.486527603609524],[84.0930898546196,27.486688124211483],[84.09297832932009,27.487544320088542],[84.09297389731333,27.48817750087216],[84.0931834905861,27.488467311094084],[84.0935268480798,27.48865905611327],[84.09410203398103,27.48872153818798],[84.09530154243382,27.48845837875464],[84.09581434395261,27.488445010692992],[84.09598379956117,27.488485215802275],[84.09612650289255,27.48853866040725],[84.09624237355914,27.488583291554743],[84.0963271411102,27.488583309872794],[84.09666604896867,27.48873486651301],[84.09732597107258,27.489140683315227],[84.0975623003942,27.48939484006259],[84.09772731943261,27.489702485116588],[84.09781200432039,27.490045828939827],[84.09787445028417,27.490679069260988],[84.09791457681773,27.490870821385407],[84.09805727557915,27.491539682266637],[84.09805727557915,27.491713577385255],[84.09822229326267,27.492462650416538],[84.09826241956469,27.492917562999235],[84.09851212059095,27.49384053884114],[84.09859237278248,27.494415783177534],[84.09884650401746,27.494875018921356],[84.09924341070851,27.4960255086477],[84.0993504123087,27.496257399708966],[84.09949753919885,27.496466976122466],[84.09949753919885,27.49654276334689],[84.09958230217293,27.496676501407173],[84.09958230217293,27.496680964726643],[84.09968930317157,27.49696641467063],[84.09970710979522,27.497198278566167],[84.09987212296237,27.4978314638545],[84.1000192485791,27.498696516130522],[84.10005937368496,27.49892396673584],[84.10003713567778,27.499267321904796],[84.09994794184912,27.49949465436047],[84.09994342978203,27.49989597754458],[84.09998363551095,27.5000030118975],[84.10011287378457,27.5004088346752],[84.1003180107746,27.500618362569583],[84.10034032925024,27.500667420819305],[84.1004518409326,27.500912708453246],[84.10039826056185,27.501059869519693],[84.10025556734212,27.50147006982153],[84.10022438588774,27.501724224191648],[84.10040720405561,27.50196949375872],[84.10053209054168,27.50203637167154],[84.10074608897683,27.502152277778414],[84.10079958846688,27.502321733406028],[84.10067027109406,27.502696345737878],[84.10062571495055,27.502723113616092],[84.10057221530614,27.502758786371533],[84.10014856734871,27.502879124495667],[84.10004599865265,27.50296833120441],[84.09998363551095,27.503155644187288],[84.10014856734871,27.503757565589048],[84.10014856734871,27.503909223698237],[84.10015307940047,27.50394931529978],[84.10009949876412,27.504020689344657],[84.09947530098437,27.504252593256087],[84.09932366192646,27.504533510713795],[84.09929691153233,27.50482774842139],[84.0993280934665,27.50497046044758],[84.0993504123087,27.505055222839914],[84.0996090524404,27.505180071213314],[84.09997912344652,27.505108706243522],[84.10023776088049,27.504925865231087],[84.10036264771763,27.504934811272545],[84.10056770328576,27.505041768926862],[84.10082190676422,27.505389583847723],[84.10083971305328,27.50609863430698],[84.10077735073281,27.50633048638484],[84.100875406187,27.50678532045986],[84.10088434960996,27.507302613874483],[84.10059453368767,27.507699432175873],[84.10062571495055,27.507891146592662],[84.10078178216598,27.508069580746014],[84.10099134829714,27.508167623175574],[84.10138824086475,27.50854664381636],[84.10139710364095,27.50855558799567],[84.10149523865738,27.509545538909666],[84.10178956217776,27.510098468556652],[84.10184749209637,27.510218833352305],[84.10174492629149,27.51039274537879],[84.10150418198836,27.510535458804274],[84.10144617116913,27.510584506589318],[84.10141499033072,27.510611214522037],[84.10138372890547,27.510678086100285],[84.10139267225303,27.511097272791897],[84.10141047837344,27.51186869538071],[84.10121428847567,27.512448342951703],[84.10110729018427,27.513353542354825],[84.10073722610491,27.513812911538995],[84.10060339658057,27.51412054334987],[84.10054095344375,27.514200820851016],[84.09996131690322,27.514967732326546],[84.09974280359964,27.515337915345462],[84.09970710979522,27.516086971409134],[84.09975174719067,27.516778195731277],[84.09995237334327,27.5170323266115],[84.10136149138692,27.51717053280541],[84.10211506475308,27.517241883834316],[84.10290875190528,27.517558511449344],[84.10537466659808,27.51909248376301],[84.10582059426238,27.51942687102339],[84.10657411186423,27.520158159508547],[84.10682385901653,27.52039454180611],[84.1072564025221,27.520635263164124],[84.10803672925286,27.520862664543824],[84.10875461124989,27.52091622786061],[84.10949036898337,27.520965277147607],[84.10957068711441,27.52100982002114],[84.11042678956473,27.521486937750865],[84.11074338407619,27.521553874314986],[84.11097974133628,27.521442387263214],[84.11130970547576,27.52084037534639],[84.11167978517449,27.52016258064736],[84.11197857010687,27.519828176252734],[84.11219703903555,27.519645327033203],[84.11301306825261,27.519230664964475],[84.11352588016497,27.51923064145166],[84.11398963043789,27.519453651012753],[84.11447117939872,27.519756849968395],[84.11476108967075,27.519872813003115],[84.1149839788917,27.51973450645419],[84.11525157375101,27.519306482816535],[84.11545222883895,27.51921730941516],[84.11596058965895,27.519101321373043],[84.11724029309688,27.51904342773743],[84.11774420863114,27.519021055246988],[84.11875194649524,27.519074574007647],[84.1190506963289,27.51885163121117],[84.11921122643041,27.518432465303498],[84.11923353790586,27.518240786907302],[84.11932270317823,27.518093613688418],[84.11945206105305,27.51770124652223],[84.1195011138731,27.516947649156634],[84.11931376249292,27.516541824219626],[84.11927365021276,27.51645265708322],[84.11926922014003,27.516301085986047],[84.11942080898922,27.51606916025505],[84.11955016665317,27.515872981593922],[84.11958133810346,27.515752546669624],[84.11952334469464,27.515592020092548],[84.11932270317823,27.515061381728227],[84.11925133875218,27.514655627948738],[84.11928259090402,27.514209752177585],[84.1193984975832,27.513848496477582],[84.11962596077166,27.513482932022278],[84.1202457613784,27.513228715956327],[84.12059355572582,27.51331792299411],[84.12068271898305,27.51334016185148],[84.12093248816278,27.51326884692092],[84.12105733209167,27.51291215950765],[84.12118217576152,27.512541992716276],[84.12133375979182,27.512439488204144],[84.121819840969,27.51228789588035],[84.12198036368329,27.512332424424716],[84.12198922342925,27.51234136724506],[84.12220330671248,27.51250187402929],[84.12235939855844,27.512501852227885],[84.12264033064378,27.512323484078674],[84.12316200064939,27.512256668857546],[84.12402258116128,27.512047040852853],[84.12428570612842,27.51183301606113],[84.12472714460384,27.511855287173308],[84.12489659941795,27.511668017921497],[84.12499912579185,27.51141829942954],[84.12501249528256,27.51139601185695],[84.1250660537547,27.511346943771382],[84.12518194929281,27.51125337288365],[84.12544063957031,27.511141898784732],[84.12593554673005,27.51086096255784],[84.12627887862928,27.51086989906475],[84.12670701390277,27.5109679225009],[84.12709938802323,27.511173070485114],[84.12754974531158,27.511404940116833],[84.12780842540508,27.511445118389332],[84.12806259442566,27.511431726989176],[84.1281517466128,27.511391566058677],[84.12857535863189,27.511400487560362],[84.12908811846583,27.511538756191406],[84.12934679194188,27.51150752108964],[84.13006917119216,27.51151643735397],[84.13028765497954,27.51152090882166],[84.13054181352092,27.51158329666526],[84.13075135660539,27.511676921628755],[84.13088068990487,27.511739407524548],[84.13125974922418,27.512033692689492],[84.1313444674876,27.51205600552806],[84.13142918563162,27.51205600259791],[84.13155851747298,27.511980219589347],[84.1315763146722,27.511926697169287],[84.13160305072631,27.511846415197798],[84.13179930266308,27.51169480903088],[84.13192863370823,27.51171712554604],[84.13216047864003,27.511895416281842],[84.13230317677805,27.51210503343914],[84.13243250673919,27.51220313368681],[84.13287839501369,27.512305724454734],[84.13322176780062,27.512332409286],[84.13347591393793,27.512448349154166],[84.1337077529023,27.51260441045818],[84.13391293648472,27.51285860953528],[84.13397977399966,27.51307708169947],[84.13401544748623,27.51320640742686],[84.1343275694591,27.51372816323677],[84.13462189351888,27.513942195262427],[84.13496074690329,27.514080442513585],[84.1352149662133,27.514258776334444],[84.13579909482061,27.514784922953343],[84.13597302780029,27.514825090767026],[84.13631638290839,27.51477161055833],[84.13636985078809,27.51472699775296],[84.1366641648466,27.514490607653073],[84.13683358602029,27.514454979381863],[84.13691829642802,27.514495141053814],[84.13700308723938,27.514553069260458],[84.13748461303484,27.51513273423115],[84.13771651705804,27.51529325399965],[84.13809110458287,27.515641066669268],[84.13834523012964,27.515761459527063],[84.13868857168355,27.515806072213692],[84.13911218997309,27.515926451913067],[84.13921920122964,27.516042440825796],[84.13946446483529,27.51658198921462],[84.13958041313812,27.51674691177885],[84.13967405733325,27.51687179956858],[84.13992374763366,27.517085816677575],[84.14043214318676,27.517438088375147],[84.14051684852122,27.51744254293941],[84.14062385727586,27.51750051026673],[84.14096275733358,27.517598666319646],[84.14130608392915,27.517567400154658],[84.14141309127795,27.5176076038249],[84.14158257957803,27.51760758885258],[84.14175198688324,27.517571865684566],[84.14192590263113,27.517540705637426],[84.14261262336605,27.517491648800988],[84.14303621398571,27.517571847946396],[84.14337510043347,27.517750243923285],[84.14371849375503,27.517754679170924],[84.14388789503622,27.5177011900138],[84.14415101356923,27.51755407603055],[84.14470840560132,27.517348899532614],[84.14499374194422,27.517103725423844],[84.14510074272329,27.5170502010096],[84.14546642791956,27.516903019246808],[84.1458098092833,27.51690744843403],[84.1458945070341,27.516947604237227],[84.14605947407838,27.51715715978006],[84.14616204486718,27.517313303626064],[84.14620221972021,27.517447009922112],[84.1465365797289,27.517915220626428],[84.14711182272606,27.518075776219057],[84.14724562933438,27.518169408685957],[84.14742846567987,27.518289825856804],[84.14759342850982,27.51850384168481],[84.14776289936879,27.518601917125682],[84.1479144968862,27.5186242619153],[84.14799919166819,27.518606396143916],[84.14862795812935,27.51801778725901],[84.14865025868829,27.51798212628693],[84.14905150631904,27.517299873288533],[84.14935477496995,27.517072490818126],[84.14980512649228,27.516947596719852],[84.15015291084036,27.51677813764139],[84.15041157414265,27.516702322021732],[84.15058103704636,27.516706847096028],[84.15117854091145,27.516831634033352],[84.15154861678444,27.51655072451119],[84.15171807647803,27.516515079655797],[84.15188753569318,27.516550755745584],[84.15206142208642,27.516595365207557],[84.15248953467976,27.516599762935027],[84.15282836777344,27.516702351587433],[84.15300233194243,27.516684568261898],[84.15317621510579,27.516497270518563],[84.15320294154735,27.516243098914604],[84.15310038278815,27.51593985258847],[84.15291313612423,27.51562769654948],[84.152770406439,27.515302233004455],[84.15276597883478,27.51510156077888],[84.15274367980484,27.514383656772747],[84.15266341932886,27.51407152415519],[84.15263669264705,27.513384762528393],[84.15243157301809,27.512921084381908],[84.15207478555689,27.512533075320786],[84.15199009652494,27.512377057005736],[84.15199452418642,27.512301189011968],[84.15212389226024,27.5121496002959],[84.15247166317339,27.511980217287526],[84.15268571838861,27.51183298436873],[84.15273031648329,27.511775047789914],[84.15284181157494,27.511623421996518],[84.15281951257319,27.511525365607092],[84.15269014599878,27.511413890464762],[84.15254749628544,27.511293466883014],[84.15242263725695,27.511079435830297],[84.15240476573065,27.510927826983632],[84.1525162614271,27.51070041408923],[84.15260103021873,27.510642466551392],[84.15299339626624,27.51037934730292],[84.15325204732761,27.510267903819884],[84.15338133218972,27.510156388789287],[84.15340363098272,27.510098408545563],[84.15338575974855,27.509982505412125],[84.15332337138935,27.50994239637088],[84.15317178753149,27.509924521916897],[84.15278827785643,27.509973596867617],[84.15259652209987,27.50991565193317],[84.15251183380411,27.50987549960447],[84.15234237635163,27.50979519139812],[84.15164232282142,27.509380544030147],[84.15139260073855,27.50914868435465],[84.1512275678441,27.50874282691194],[84.15124543972092,27.507975882727383],[84.15171807647803,27.50675856035771],[84.15159772391829,27.506450893241073],[84.1513434934369,27.506214556869526],[84.15104925130423,27.506018318233796],[84.15083961799934,27.50572850600118],[84.15079952675394,27.505572479291846],[84.15104474306884,27.505117593190818],[84.15133012980358,27.50476089004336],[84.1515085260126,27.504301590094393],[84.15151295370961,27.50414555564813],[84.15145499110484,27.503918077062007],[84.15134800164988,27.503762009450526],[84.15065679204241,27.50311990633899],[84.15049183762984,27.502905879874252],[84.15044723787187,27.50283009339038],[84.15045166564715,27.502674057994703],[84.15056316497173,27.502544743616518],[84.15073705520172,27.502410905500916],[84.15080395450323,27.502259365733412],[84.15097784403567,27.502031883146298],[84.15139260073855,27.50167515584381],[84.15142375567795,27.501635041757147],[84.15195886137653,27.50102858381405],[84.15204805861295,27.500881458978924],[84.15205248627015,27.50072542163776],[84.1520079681747,27.50064517468777],[84.15188310802381,27.500551469707663],[84.15147729061358,27.50052471406702],[84.151031379369,27.50042218060925],[84.1509020894448,27.50034194729177],[84.15082182650619,27.5002081554666],[84.15082625425384,27.499998555527565],[84.14968477009697,27.49924497171775],[84.14910955175145,27.498794652037756],[84.14879291766361,27.498549347471965],[84.14855654798053,27.49841114400849],[84.14787883165233,27.49781359310563],[84.14745519468065,27.497546028267358],[84.14711633125684,27.497385575862747],[84.14690225618132,27.497233932637805],[84.14664808632479,27.497024364625148],[84.14656338963694,27.496908415757876],[84.14652321502554,27.49671666983555],[84.14669711695737,27.49648927596911],[84.14706279243212,27.49620387144607],[84.14727235841654,27.496096883511033],[84.14790556045261,27.495771374734417],[84.14809733119486,27.495601861707748],[84.14833805010926,27.495298708547214],[84.14842725272608,27.49507123667438],[84.14838715986959,27.494727907537786],[84.14823999148405,27.494420256543542],[84.14813742424492,27.494268651382306],[84.14803042887702,27.49411257510273],[84.14796795444312,27.494036749036987],[84.14773608999634,27.493729112680036],[84.14760679297498,27.493519517790237],[84.14756669957059,27.49334562680891],[84.14746413118125,27.492904149819037],[84.14751316114747,27.492676685654054],[84.14770936112062,27.492239713086516],[84.14807945838078,27.49178486231222],[84.14826672012354,27.491619886870673],[84.14846742606348,27.491446012096667],[84.14889991167263,27.49112491883951],[84.14915858037394,27.490821705364304],[84.1493324746727,27.49059429892163],[84.1494662763319,27.490308966518334],[84.14985415454667,27.48973816799082],[84.15007264689999,27.489550929104748],[84.15020201911605,27.489457261003004],[84.15039821030187,27.489283369665696],[84.15078616299952,27.489024764522846],[84.1509377528826,27.488810701605708],[84.15104925130423,27.488297846361533],[84.15105367903512,27.48795449783387],[84.15090651718654,27.487450699427153],[84.15086642598583,27.48732581640724],[84.15080846275673,27.486808527478804],[84.15081731825369,27.486237795476384],[84.15088421746574,27.48591224079094],[84.1510135879327,27.485742862417833],[84.15120977646595,27.48566699179666],[84.1515709162584,27.48564919456078],[84.15204363095542,27.485693748412366],[84.1522977779687,27.48580975300357],[84.15242263725695,27.485849806828107],[84.15253413292021,27.485885550541877],[84.15276597883478,27.4859479455937],[84.15300233194243,27.485988120661162],[84.15319408640237,27.486005891689814],[84.15357751298336,27.48599250555275],[84.15385846015123,27.485898936454657],[84.154032340834,27.485845427856873],[84.15443814096746,27.48561799684085],[84.15471908410609,27.485372742612824],[84.15489296229511,27.485145319339633],[84.15520062885616,27.484574514849932],[84.1553834409714,27.484320412825294],[84.15565544440436,27.483928005869863],[84.15580710248621,27.483834369377455],[84.1560657414198,27.48379869347684],[84.15644923014878,27.483820922861337],[84.15668548825256,27.48387894334209],[84.15689952843671,27.48395915570995],[84.15694412339964,27.483972541087425],[84.1571537353806,27.484039443584823],[84.15747475261686,27.484079586967617],[84.15785823233955,27.48404387033061],[84.15844238219341,27.48390121000832],[84.15891061560862,27.483785296711513],[84.15916924116273,27.483673816398465],[84.15945016214762,27.483486489159706],[84.15964189600139,27.483428541395647],[84.15983362924227,27.483428535491328],[84.16009225081669,27.483548910933106],[84.16062293267817,27.48397253090192],[84.16079236674439,27.4840572979529],[84.16093950434802,27.48412863220564],[84.16119812115397,27.48422668558383],[84.1615593618098,27.484360461046283],[84.16194281541934,27.48438276327294],[84.16233077396485,27.484311420760665],[84.16273209109731,27.484084040543426],[84.16282569917975,27.484030552040043],[84.1634053738358,27.483843221296155],[84.16404750064652,27.48371840761976],[84.16426151455981,27.48369611528948],[84.1645825742405,27.483700532313147],[84.16477437217152,27.483682755649326],[84.1650196118551,27.48369614127888],[84.16524698283492,27.483705029151185],[84.1657375378171,27.48361582712439],[84.16614776586636,27.483410681169996],[84.16647324203898,27.48320109577588],[84.16666503392157,27.483094125225517],[84.1667096216234,27.483071795266792],[84.16681658368267,27.483013862245947],[84.16784667729652,27.482429747937275],[84.16825246445141,27.48224244230234],[84.16862251547542,27.482073014854702],[84.16907288332186,27.481792039469106],[84.1692690932731,27.481622573253027],[84.16931367903793,27.481546851959934],[84.16939842409154,27.48141308040098],[84.16951439504858,27.480726355331733],[84.16949210224499,27.48049445205516],[84.1694519429858,27.480249212909314],[84.16943407653318,27.480039636009742],[84.16943858338658,27.479696267745414],[84.16955004742124,27.479504506825535],[84.16963479214063,27.479446533961422],[84.16976404169083,27.479393099811794],[84.1699335304046,27.479352954163737],[84.17053550923616,27.47926374456896],[84.170749499987,27.479228046956457],[84.17091898591379,27.47921022044699],[84.17113297529528,27.47917461142206],[84.17156111271919,27.4791389333444],[84.17219429982825,27.479156730674987],[84.17239492571541,27.479165648924106],[84.1727783904939,27.479107654794042],[84.17308161966616,27.479018540697044],[84.17321094225662,27.478902518756392],[84.17342500392736,27.47865727287126],[84.17368807340681,27.477992924902175],[84.17369700599963,27.477533578239733],[84.1736167735641,27.477096666158182],[84.17351416923977,27.476503554059093],[84.17354096709202,27.4758525429094],[84.17354539316256,27.47575889009599],[84.17367471475198,27.4754913496585],[84.17375945363838,27.475451228974546],[84.17408046244478,27.47537990546353],[84.17418749182242,27.47536205441587],[84.17427665600005,27.47536202833352],[84.17466018920771,27.47534420678473],[84.17491432085349,27.475330801807544],[84.17500348394937,27.47531300757443],[84.17510157929593,27.475304068306258],[84.17525769461056,27.475290676782954],[84.17562335693032,27.475295141699828],[84.17585970042434,27.475223850002433],[84.17607367216027,27.475125731211698],[84.17648390992869,27.474862593022888],[84.17672025002734,27.474635229083756],[84.17693429915875,27.47437211260036],[84.17711712548032,27.474224923641387],[84.17749613425491,27.4739172626835],[84.17788407259965,27.473707740387315],[84.17818285020104,27.473618513479874],[84.17863322665569,27.473582844377283],[84.17874024789873,27.473600703259518],[84.17914604174673,27.473622993514596],[84.17936008220867,27.473645317468804],[84.17938237134062,27.47364526534526],[84.17957412190563,27.47366755178147],[84.17976587185665,27.473667605754507],[84.18036332632765,27.473765656900145],[84.18053278505609,27.473770137028527],[84.18081368638387,27.473694354890373],[84.18096085530168,27.473716654715414],[84.18132205730687,27.473966364865845],[84.18159410398137,27.474331998299256],[84.18195522170375,27.47456384581524],[84.18202216663934,27.47456387005374],[84.18210689371615,27.474523743032517],[84.18236549964597,27.474300778089766],[84.1827356244222,27.47380585458436],[84.18288270815445,27.473752344920715],[84.18341785494297,27.47360072991931],[84.18382804240166,27.47350702813777],[84.18412687080493,27.47343573619373],[84.18436318073962,27.473324247581328],[84.18487594675634,27.473136960473948],[84.18515690816521,27.472967509292182],[84.18531291680877,27.472838206831348],[84.18548244198573,27.47269991372893],[84.18582575514718,27.47245466528774],[84.18599962356447,27.472343248984142],[84.18619143339355,27.472267402067754],[84.1867710429169,27.47212030284255],[84.18715457656012,27.472120301845077],[84.18785912314752,27.4722808200187],[84.18818013682757,27.472262943325873],[84.18869295059737,27.47211582081079],[84.18918347449797,27.472062323283154],[84.18941976446789,27.472044486058795],[84.18999950362777,27.471955325491432],[84.19040522115586,27.471937488798265],[84.19064158675204,27.471937420833655],[84.19083330125193,27.471901742342084],[84.1912390935762,27.471714526951263],[84.19139074206305,27.47160298091523],[84.19167167288619,27.471299758160317],[84.19182323982709,27.471090258558807],[84.19195252194085,27.470938582546722],[84.19241180505017,27.47036786183164],[84.19271509569408,27.46991305942921],[84.19278194814643,27.4697436035716],[84.19291122818832,27.469533976445508],[84.1931074404872,27.469114804638792],[84.19323680027317,27.469039024622166],[84.19342850645643,27.469061289717708],[84.19357564435657,27.469137148475397],[84.19370500313,27.46927093030804],[84.19380757285413,27.46942699091046],[84.19393242611623,27.469712376667974],[84.1940171363319,27.469886265758895],[84.19416427278408,27.470095878805715],[84.19454333451895,27.47075131910903],[84.19460576041466,27.470844991400938],[84.19506944763164,27.471571809229278],[84.1951942982597,27.471727901732184],[84.19565806135812,27.47234319751865],[84.19582747678137,27.472494803782528],[84.1959880429029,27.472682114010187],[84.19607725505567,27.472789131912098],[84.19620652797505,27.472900584304195],[84.19633137622932,27.47298086953657],[84.19659000113306,27.473061184020914],[84.19682634229095,27.473021014416116],[84.19695569403358,27.47290951712443],[84.19717417557044,27.472646454876468],[84.19719203374618,27.472624161330323],[84.19728116366072,27.472414558927305],[84.19771369927444,27.471826012395006],[84.19795003599114,27.47173235605011],[84.1981418075077,27.471736760000116],[84.19827107596397,27.471772494123194],[84.19854755024949,27.47192855008054],[84.19875717755795,27.47210245141403],[84.19894886604591,27.47220051468339],[84.19914063435891,27.47222286423447],[84.19926998109516,27.47222279595187],[84.19965343460724,27.472111324478433],[84.19997446543383,27.47196421968549],[84.20042483877427,27.471852759898177],[84.20087520872181,27.471857195485914],[84.20120073745008,27.471915192708824],[84.20132115125995,27.47193743055703],[84.20170909603992,27.4719017673262],[84.20198555442653,27.471750126017785],[84.20213267127191,27.47162534212412],[84.2026990154635,27.47114823182584],[84.20321620906448,27.47078702697102],[84.2037958949244,27.470506097620795],[84.20456732606613,27.470265274703333],[84.20591398884557,27.47006458814661],[84.20676566117889,27.4698416380606],[84.20764860793147,27.469605336718136],[84.20792954279828,27.469471545235713],[84.20831744468161,27.469150485608615],[84.20833529952831,27.46913265424961],[84.20844677155873,27.468981022115276],[84.20875448475653,27.46852626591181],[84.2088213192745,27.468387959578358],[84.20910224862688,27.467839493528377],[84.20988704226232,27.46681395294451],[84.20997623367194,27.46647057461574],[84.21018582089663,27.4660647754844],[84.21019474804145,27.466051394842378],[84.21058271564074,27.465788363768965],[84.21068967973058,27.465708062931537],[84.21081900147213,27.465556451562268],[84.21093046886799,27.465329092946828],[84.21095282666116,27.46515964921557],[84.21085020593003,27.46470035299255],[84.21083235183498,27.464642375172918],[84.21068525640734,27.46439267969429],[84.21043103540751,27.464160773180442],[84.20974879129297,27.463732696662348],[84.20871435183916,27.462617884239975],[84.20846012245174,27.46240392087557],[84.20833529952831,27.462274531955746],[84.20816141561394,27.46209622707545],[84.20782249333834,27.461824188167817],[84.20763517642895,27.461596748668065],[84.20738552687425,27.46096364535778],[84.2070466001973,27.460499887468178],[84.20622171508776,27.459844327923637],[84.20605667235513,27.459554499334608],[84.20599425841542,27.459385104471004],[84.20608345563659,27.4590193928008],[84.20623506647799,27.458796465610572],[84.20675230990724,27.458435306528585],[84.2069351255545,27.45833270441142],[84.2072249913647,27.45817221690997],[84.20750592822336,27.458002785520044],[84.20774222622451,27.45781551657063],[84.20805887051509,27.45762372340162],[84.20829958982956,27.457476551887424],[84.20833529952831,27.457458745810225],[84.20840663843465,27.45741857615918],[84.20881689581293,27.45719566110363],[84.20935639485587,27.456838893196423],[84.2097889235154,27.456308287526547],[84.20990047325857,27.456080921412706],[84.20994502875749,27.455906943556126],[84.20994945213552,27.45562155405502],[84.20984248672018,27.455336186493977],[84.2097889235154,27.455224753379188],[84.20976222232032,27.45516229816045],[84.20969530842959,27.455050846837658],[84.20965517614425,27.45493488079015],[84.2095526336094,27.45476096076894],[84.20950807781783,27.454627219342836],[84.20942781296866,27.45441314623878],[84.2094723688201,27.454016279086044],[84.2095169246383,27.453904808257263],[84.20990932002094,27.45342771400179],[84.21012341127039,27.453280590795718],[84.21022152946787,27.45318696833453],[84.21036420269047,27.453053134251757],[84.21042661206513,27.452937223652658],[84.21043103540751,27.452709784559737],[84.21036862603746,27.452540385549607],[84.21022152946787,27.452326306683148],[84.21019474804145,27.452308496852623],[84.20994502875749,27.452134542230002],[84.20982020893663,27.451786812951422],[84.20986918787939,27.4513899448874],[84.20995837931567,27.45104653776869],[84.20996288311775,27.45075230380978],[84.20996288311775,27.450591742940965],[84.20984248672018,27.45022606677729],[84.20953035571777,27.449267341579088],[84.2094723688201,27.448754584266545],[84.20940995844848,27.4485226714303],[84.20940545460469,27.448424611088548],[84.20939210392294,27.448179373279945],[84.2092315738051,27.447434731048755],[84.20919586464207,27.447332160847292],[84.20910675249351,27.44709136949469],[84.20893729427748,27.446917435575795],[84.20879011375676,27.446685575960707],[84.20873212614056,27.44640017399215],[84.20875890822272,27.44599889199208],[84.20895514893893,27.44548604596583],[84.20944116364244,27.444612112810173],[84.20952142847366,27.444464967434307],[84.20969530842959,27.444237492395516],[84.20991382382672,27.443836209459242],[84.21005649778425,27.443475002436607],[84.21020367518491,27.4430959419955],[84.21022595282545,27.4429265646277],[84.21037755315497,27.442641186881186],[84.21048459803653,27.4425073842382],[84.21065847518882,27.442395910259776],[84.21097952732404,27.44230223745459],[84.21149681010017,27.442079350742816],[84.21188476924232,27.44187422979291],[84.21250458182172,27.44159771987877],[84.21272308694166,27.44152193856853],[84.21304412797907,27.441428259488674],[84.21329825743621,27.441374761614302],[84.21355688934304,27.44131680600305],[84.2135880923705,27.441316759664932],[84.21381552012976,27.441303412707118],[84.21414998533513,27.441191979659916],[84.21464938769711,27.441026921120855],[84.21516663868708,27.440973427127794],[84.21544311522379,27.440991312248034],[84.21548324361999,27.440995743278606],[84.21580426981852,27.44107602205041],[84.21625468467876,27.441138440996408],[84.21650880047251,27.441214249553095],[84.21727580544521,27.441321304023443],[84.21862242296483,27.441334653073973],[84.2190728165635,27.441205324407235],[84.2195232067638,27.44101803485931],[84.22011182086347,27.440674733729317],[84.22094560049113,27.44019315094856],[84.2211373786112,27.440139557113387],[84.22154312601141,27.440161887295204],[84.22165015087658,27.440202038992393],[84.22186420003112,27.440358073381635],[84.22201134832841,27.440545364247566],[84.22209159626334,27.440643438475185],[84.2221986201449,27.440799508336216],[84.2225776648654,27.441258863414255],[84.2227470843724,27.44156647572828],[84.22288980807359,27.442025783866885],[84.2229968305236,27.44217738703092],[84.22309934997078,27.442560907142944],[84.22311277799511,27.442944401581343],[84.22319302444889,27.443399245973712],[84.22312612560913,27.443858449266372],[84.22308600235075,27.444839490535013],[84.22306372950831,27.445307681190027],[84.2229968305236,27.445762503842964],[84.22288530524655,27.44606571710165],[84.22283625657278,27.446600845430947],[84.22283183414939,27.446904024381872],[84.2228942304927,27.44722952541717],[84.22304137625014,27.447443600767926],[84.22316624884054,27.447555038472448],[84.22344276873369,27.447751248339017],[84.22367458131184,27.44786720005987],[84.2240803918671,27.4481749390697],[84.22425430983161,27.448344308230457],[84.22483845499364,27.448910630454247],[84.22487407439665,27.448955237027604],[84.2251550086267,27.449312012009763],[84.22549391292793,27.449583936195534],[84.2256009307071,27.449717761696647],[84.22604684945452,27.45010564905896],[84.2261493636611,27.450181509453508],[84.22623410860552,27.450199303080456],[84.22680939012648,27.450359818368405],[84.22722402355602,27.450346514806252],[84.22732661614131,27.45034647113323],[84.22783941561919,27.4503866092778],[84.2283477082738,27.45048915977972],[84.22873121631511,27.45060958909539],[84.22911472189053,27.450841465866663],[84.22981475390586,27.45147462062284],[84.23014920985253,27.451880390299102],[84.23040334687903,27.45222372125821],[84.2305282040597,27.452362030322217],[84.23078241986815,27.452593826248346],[84.23088942815917,27.45272764644909],[84.23107667210729,27.45291934567189],[84.23130861581348,27.453209247651092],[84.2314378928845,27.453400961461742],[84.23154047822152,27.453552547472658],[84.23173222228498,27.45386025427769],[84.23177233972802,27.453931566704348],[84.23191946358675,27.454167952994453],[84.23265523822415,27.455108775198653],[84.23280235990441,27.455322834479635],[84.23290936457062,27.455474422486937],[84.23299409991007,27.455666168145946],[84.23309668256977,27.455782121044255],[84.2334801600715,27.456013982030022],[84.23380125023753,27.45609422300605],[84.23407772083027,27.455960532690924],[84.23448796256022,27.455639479545837],[84.23459938575247,27.455487807016183],[84.23485800573589,27.45528274046042],[84.23496500671268,27.455229204299936],[84.23541543771941,27.45492596989],[84.2357810536746,27.454640573332057],[84.23608428490725,27.454399839040267],[84.23634289844864,27.45419021321982],[84.23651678065586,27.454078712405654],[84.2369047379269,27.45377994519824],[84.23729269267278,27.453570388146762],[84.23787236920906,27.453463404073997],[84.23802397969862,27.453494577991002],[84.23850999884844,27.45358376015938],[84.2389826699724,27.453476730027553],[84.239067396679,27.453436647876604],[84.23939295833036,27.453155746237567],[84.23954456495163,27.452963931658438],[84.23988788901876,27.452781189394887],[84.24012421958493,27.45264734421349],[84.2412835923185,27.452317432864383],[84.24141292814015,27.45229955017311],[84.24160464044816,27.452299600697753],[84.2419256868479,27.452304004009164],[84.24217985405262,27.452384323272145],[84.24254108792958,27.452669631609027],[84.24279525250894,27.45282576733258],[84.24290223923562,27.452941718691864],[84.24311179119319,27.453133431297108],[84.24319209111506,27.45324488816113],[84.24323670213599,27.45330736425876],[84.24359784922517,27.453539173735447],[84.24374944514747,27.453637317515607],[84.24400360457157,27.453771035749547],[84.2444049363308,27.45393162974308],[84.2451719041042,27.45426161225905],[84.24538594920602,27.454341878884264],[84.24566244643407,27.454417665090244],[84.24576942801134,27.45443993600536],[84.24598347096591,27.454480105092394],[84.24623762085785,27.454480044605162],[84.24642939801538,27.454444370809547],[84.2469243506254,27.454257145524753],[84.24708043908188,27.45406979340459],[84.24720526132764,27.453918212656877],[84.24733458429277,27.453632863509778],[84.24768236442247,27.453102182924116],[84.2477894227455,27.453008540494338],[84.24823975681207,27.452856976386837],[84.2493322629102,27.452870288719208],[84.24965334803166,27.452794571014163],[84.24985395502846,27.452758808843924],[84.2500011146192,27.452874803203507],[84.25027759041996,27.453093286021527],[84.25070564315334,27.453128957268454],[84.2509598532619,27.453227034171938],[84.25147261015279,27.453342992502368],[84.25207465183098,27.453325188371217],[84.25231093404581,27.45330285846555],[84.25276131428227,27.453253801132963],[84.25379137347379,27.45300856391797],[84.25447809648696,27.45278115673483],[84.25568203259708,27.452286222642954],[84.25628403170049,27.451947259792366],[84.2563152123719,27.45191612539694],[84.25636873379557,27.451965123090357],[84.25643117539566,27.452116741050965],[84.25649361693026,27.452406601529177],[84.25649361693026,27.452749975113175],[84.25635981356163,27.4532671639924],[84.25609670624044,27.454011843856488],[84.25605210485352,27.454529127357578],[84.25609228628467,27.45487245385268],[84.25630187218974,27.455505661846246],[84.25645343577008,27.455849015817194],[84.2566005790464,27.45607645145449],[84.25681016316133,27.4566516090454],[84.25687260429827,27.456999420059358],[84.25686818440012,27.457570233977346],[84.25693054511446,27.458033953466675],[84.25712678807002,27.458332704836458],[84.25738097075603,27.45872064047733],[84.25782689280074,27.459179957313474],[84.25855366865787,27.45979531548096],[84.2590441810918,27.46033040250297],[84.25929835558706,27.4607317268999],[84.25990031810517,27.461422847201373],[84.2602837837768,27.461752866755617],[84.26058255100067,27.462056094272004],[84.26101069033454,27.462363748343545],[84.26179994362067,27.463037109074076],[84.2631911960063,27.46405374520223],[84.26351220636089,27.464361451105248],[84.26363707450135,27.46458885007318],[84.26374410412737,27.464686924666292],[84.26436835942198,27.464918865866753],[84.26505062142269,27.46507487297773],[84.26539395912029,27.465226503831172],[84.26582206382126,27.46547618490512],[84.26633927254052,27.465609954500817],[84.26693682500118,27.465690229010615],[84.26719546524885,27.46577050836543],[84.26762347663241,27.466055899729646],[84.26847965084815,27.466269935283737],[84.2688229687459,27.466403697187356],[84.26931347683556,27.466769340158596],[84.26984857195389,27.46736238057136],[84.27020979860775,27.46793765174058],[84.2703168164031,27.46820520848226],[84.27050851596624,27.46881611066385],[84.27057094272323,27.46894985281726],[84.27067795986838,27.46916391868936],[84.27076272180983,27.469315454984635],[84.27089199358068,27.469623214519327],[84.27089199358068,27.46973465800733],[84.2709767552169,27.46985056407485],[84.27103918148214,27.470024489330864],[84.27120862387153,27.470885129156873],[84.27120412469625,27.47122847024763],[84.2711194437268,27.471629776015426],[84.2709856732588,27.471973165413726],[84.2709009116353,27.47208460958254],[84.27053085141578,27.47306113801056],[84.27053085141578,27.473636382493243],[84.27071363220729,27.47518369991608],[84.27069137716954,27.475527018345268],[84.2705174340784,27.47581240475122],[84.27024097197943,27.476021965452674],[84.26985307123176,27.476249360878064],[84.26950525997906,27.476615021901186],[84.26942049624455,27.476842454966818],[84.26942049624455,27.47712783909513],[84.26952309650306,27.477529144229514],[84.26956318849018,27.478046373574415],[84.26941157796783,27.478447770701948],[84.26928230297749,27.478617207236233],[84.26887647891598,27.479018516578343],[84.26829236379201,27.479763150736417],[84.26792228733376,27.48044987277631],[84.26770824292909,27.480735295060246],[84.26744960491202,27.48098495278659],[84.26695466229576,27.48126588243188],[84.26674061440762,27.481497726251366],[84.26669602100061,27.48159143553097],[84.26666926494035,27.482202340435357],[84.26658449716243,27.482429674405427],[84.26634819127811,27.482603633097856],[84.26608954734493,27.48279533469081],[84.26561693070329,27.48308074478668],[84.2654875671119,27.483116410819836],[84.26535828358942,27.483098594757262],[84.2650372028485,27.48280877004725],[84.26484548564358,27.482501047838024],[84.2646760251184,27.482309336565777],[84.26433268327585,27.482023951727594],[84.26418105941605,27.48194815886805],[84.2638198764864,27.482001613803728],[84.26356122155667,27.48219339967586],[84.26304398867605,27.482781983993313],[84.26256684800194,27.483526685500905],[84.26239296149646,27.48386999708793],[84.26219681626534,27.484445260347858],[84.2622145746271,27.485667027134973],[84.2622547518966,27.485898867922046],[84.26242421932072,27.486411662859002],[84.2624866545658,27.486759511903273],[84.26291020003856,27.487789558754784],[84.26314659993761,27.488137329259946],[84.26357014071091,27.48848074273582],[84.26372176612824,27.488578767702844],[84.2638912293725,27.488614488696783],[84.264408454885,27.488922197959052],[84.2648365666806,27.489078200851964],[84.2650907164257,27.48922981676264],[84.26530477025298,27.489403712590903],[84.2654518916372,27.489613338870782],[84.26575071325179,27.49034019632266],[84.26579080778278,27.490683548412854],[84.26578638854723,27.49108480276314],[84.26550098558447,27.49240469260663],[84.26532702730717,27.492917543552146],[84.26498368922314,27.493278693805514],[84.26483206702311,27.493506119718155],[84.26431484519478,27.49402341875114],[84.26351670611825,27.494710049681725],[84.26308858482165,27.495013327682557],[84.26257134783081,27.49545025705017],[84.26224583254513,27.495851590689245],[84.2617464270825,27.496654242367548],[84.26126927599974,27.497737797889524],[84.26109538570107,27.49848249748091],[84.2610730467072,27.498772284441202],[84.26115782234093,27.49911567488508],[84.26128269542403,27.499347504353477],[84.26143424631692,27.499516951383267],[84.2614966826011,27.49968639093602],[84.26168399106047,27.500003018727448],[84.26150118251094,27.500364231910673],[84.26138964893094,27.500591597113377],[84.26115782234093,27.50142996807237],[84.26093483404055,27.501884787050813],[84.26084121888334,27.502187973153475],[84.2608590580062,27.502397537169944],[84.2608991558349,27.5025134681882],[84.26116674185556,27.503053029258467],[84.26128269542404,27.503440997303727],[84.26141198780593,27.504359573919785],[84.2614431657901,27.504894665938203],[84.26141640736654,27.5051220329975],[84.2614966826011,27.50551004618143],[84.26148776313595,27.505813231394686],[84.2615457798133,27.506120957161635],[84.26151010197408,27.507574566879082],[84.26146100473245,27.50795805302524],[84.26149226304646,27.508417340846265],[84.26158587717912,27.508952403117675],[84.26157253817865,27.50971938062464],[84.2616705717267,27.510022587685174],[84.26170182993059,27.510486334648323],[84.26178210477997,27.510713816117597],[84.26179102420099,27.512243238416556],[84.26195149319575,27.512782828421432],[84.26205410634205,27.513014708762878],[84.26221907448264,27.51324656677997],[84.26246881593104,27.51350075155359],[84.26261594433082,27.513598852286208],[84.26263820239127,27.513465050130375],[84.26266054079738,27.513411510917642],[84.26266946008667,27.513121728689047],[84.26274081435292,27.512720420083426],[84.26272739525758,27.512493014743622],[84.26282550725603,27.511806315074814],[84.26305740769995,27.511066017514846],[84.26323571168835,27.510606789829602],[84.26331156504817,27.51026342338284],[84.2634899486275,27.509866602028612],[84.2637752808891,27.50950980283054],[84.26394916335332,27.50935822095324],[84.26440403554673,27.509117405172713],[84.26543405389181,27.508832040608198],[84.26601377787776,27.50882312355219],[84.26627242214052,27.50873394860265],[84.26684763844801,27.508725021090587],[84.26723113967748,27.508827573157745],[84.2675477091199,27.50883202140465],[84.26825227094785,27.5089212578038],[84.26959886149807,27.50881422274527],[84.27108819047325,27.508247892466812],[84.27149849858884,27.50793129367983],[84.27200232126485,27.50742301139496],[84.2722654385696,27.50712419792163],[84.27239470707215,27.506990410056343],[84.27268015728164,27.506669388692856],[84.2729521089923,27.506103091938385],[84.27301903222099,27.50587567433105],[84.27300561544529,27.504667233147643],[84.27294769028907,27.504207997936955],[84.27288968473626,27.504034014896877],[84.27285401370337,27.503690688041395],[84.27288076698005,27.50346331365431],[84.27270241157474,27.502772171930136],[84.27268907506796,27.5025402925415],[84.27274258175777,27.502080987435583],[84.27270241157474,27.501969519140932],[84.27270691063659,27.5016796231763],[84.27275591825253,27.501394233657805],[84.27293427349726,27.50113121016337],[84.27337132192419,27.50071649417494],[84.27341591032383,27.500640648774795],[84.2739375519447,27.500212618544623],[84.27447710436195,27.50000299518946],[84.27491855999915,27.499967373965017],[84.27535109497113,27.499971830769823],[84.27591746679884,27.500003030613787],[84.2763009095118,27.500003058285678],[84.27675576753076,27.500110032699624],[84.27736663106923,27.500542600222705],[84.27819157608141,27.50088145253311],[84.2783833305749,27.501019676710293],[84.27857058583187,27.501082092352735],[84.2796496819514,27.50165287901533],[84.27996626557714,27.501813454317226],[84.28009117948439,27.50189366692412],[84.28021601279869,27.502009589636764],[84.28047017711418,27.502165727933342],[84.28180347766089,27.502785496266952],[84.28212004980615,27.502883567525533],[84.28243662026384,27.50304413653654],[84.28288251504415,27.503146706134284],[84.28301184077273,27.503204686765432],[84.28326599312301,27.503231447454088],[84.28415784720472,27.503516759393822],[84.28569179203751,27.50354357057012],[84.28588802037825,27.503507864400387],[84.28652561744329,27.503503460761767],[84.28793918218106,27.503338442025644],[84.28813540309297,27.503280500421663],[84.28832712547778,27.50330272991099],[84.28858125507445,27.503253677797368],[84.28877305633779,27.50327153498093],[84.28896919417461,27.50324037395438],[84.28928580843056,27.50324477209582],[84.28986546034126,27.503124409528603],[84.2899948511754,27.50312444120508],[84.29050759271252,27.50298169265764],[84.29109173035917,27.50274088454828],[84.29166694732032,27.502446583583342],[84.29173834708189,27.502410935868753],[84.29195680251173,27.50225934562232],[84.29228231567306,27.501978388595862],[84.29289767764396,27.50134072494273],[84.29307155519636,27.501117842644476],[84.29318752682332,27.500774464550144],[84.29382520609605,27.50006100781753],[84.2939990809302,27.499998569695823],[84.29403032212815,27.499815739887737],[84.29432908031109,27.499414391094685],[84.29465458045755,27.499169136553192],[84.29497566175382,27.499071112463223],[84.29549285758641,27.499075576692405],[84.29594323189929,27.49917364588497],[84.296197409188,27.499191454749464],[84.29652289908297,27.49930744932433],[84.29703574482204,27.49928958681051],[84.29755300299958,27.499155829731684],[84.29819513247683,27.499102267365085],[84.29877477765271,27.49893284150425],[84.29905568429092,27.49881691419654],[84.29946595977728,27.49841555520471],[84.29976918759422,27.498018746385473],[84.29980925916271,27.49778689683901],[84.29981375617072,27.496640888608656],[84.29964431509786,27.49607010480564],[84.29964873181444,27.4958961723844],[84.29968888376823,27.495744594218873],[84.2997781013122,27.49561082577042],[84.3000991548738,27.495512695510925],[84.30067878143923,27.495517189934567],[84.30087054359427,27.49555735008869],[84.30099991042643,27.495517189173366],[84.301557284717,27.495521663354975],[84.30177578428793,27.49523183055311],[84.30194521927005,27.495080176308367],[84.30246243462568,27.494794779082415],[84.30304211838785,27.494375675008943],[84.30384028844422,27.493902988691804],[84.30427285358108,27.49348384921785],[84.30454931782079,27.493372366473977],[84.30479012892661,27.493122633858235],[84.30498187778373,27.493064657507915],[84.30515130360278,27.49297103516973],[84.30540993800689,27.492627648069565],[84.30552138893275,27.492395845984237],[84.305780021722,27.49199897135016],[84.30588705570045,27.491709126897486],[84.3059539418019,27.491365764278726],[84.3062125727037,27.49067904497841],[84.30625713643649,27.490393701546164],[84.30608771377838,27.490085959637305],[84.30582908233175,27.489992358519167],[84.30576669264588,27.489934360777795],[84.30568190038063,27.489706953913924],[84.30557936260239,27.488614470476772],[84.30549465036516,27.488387065406787],[84.30525833871658,27.488039264474438],[84.30515130360278,27.48781184013083],[84.3050888329069,27.487753838335397],[84.30470541556146,27.487009192282787],[84.30449134314371,27.486433972754064],[84.30447351712357,27.48603267324433],[84.30447351712357,27.48597472155856],[84.30458055346126,27.48584095471084],[84.30470983190101,27.485939009948172],[84.30554371121114,27.486665887789535],[84.30646228976521,27.48731692438737],[84.30689033929677,27.48774050373518],[84.3074700600512,27.488083836086727],[84.30772418792928,27.48818198336051],[84.30817454963409,27.48829787165268],[84.30920461170238,27.488436163218655],[84.30998053875291,27.48861006544806],[84.31100607326769,27.488766107227278],[84.31203616639893,27.488864197599888],[84.31255337398218,27.488841893400004],[84.31306616133328,27.4889043250386],[84.31364590194946,27.48886420763591],[84.31397137632966,27.488904354682468],[84.31442177083245,27.488868693571753],[84.3150638781428,27.488699225740206],[84.3156480147301,27.488378181719757],[84.3159021878124,27.4881462860684],[84.31601369928468,27.487976796392175],[84.31659333076918,27.487406074080386],[84.31680735946483,27.48711619429702],[84.31693669150874,27.487004755985744],[84.31700356513637,27.486848714745356],[84.317177532551,27.48666140812173],[84.31775715264388,27.486277926819525],[84.31794893981593,27.486202070390778],[84.31846617604505,27.485898909268172],[84.31917519095597,27.485577839181275],[84.3194962197111,27.4855198344437],[84.32001344242344,27.48548419508858],[84.3204638712488,27.48535046604926],[84.32085176229745,27.485274642377505],[84.32143150697014,27.485238953477843],[84.3221404863683,27.485261207522747],[84.32259081873634,27.485185420184717],[84.32310359944273,27.48516762584454],[84.32372787265,27.48482423817834],[84.3241604531151,27.484445185919476],[84.32431208430187,27.48444519442437],[84.32461085038422,27.484445206581583],[84.32480253508287,27.4844853311196],[84.32527524230807,27.484793080748645],[84.32551155437025,27.48506058306178],[84.32583262902956,27.485270186270387],[84.32615370194677,27.48544407003526],[84.3264078299256,27.485519861450285],[84.32737544873716,27.485635833390468],[84.32769651328273,27.4856402287004],[84.32788826825156,27.4856179337232],[84.32827619090719,27.485484225764026],[84.32853480459788,27.485350437990682],[84.32905210885188,27.485011515360508],[84.32963177319401,27.484743972926285],[84.33053697568678,27.484191048807155],[84.33137530701282,27.483758540067917],[84.33189250616678,27.483526665785163],[84.3326015207484,27.48307183603856],[84.33326590319797,27.48253669431257],[84.3333328386337,27.482501015090865],[84.33350226360069,27.48240297173353],[84.33423357034731,27.4817206972743],[84.33458140337193,27.4812079594461],[84.33496928213295,27.480882409548006],[84.33526807465157,27.48057922638629],[84.3358477583287,27.480195736186698],[84.33655672548902,27.479950458676495],[84.33726576440085,27.479838951410077],[84.33777857841642,27.479669557084193],[84.33829580181815,27.479593747683666],[84.33867924240582,27.479442138377554],[84.33880860689854,27.479326207274447],[84.33898251020912,27.47909876073976],[84.33937044034676,27.478354104756963],[84.33952203254488,27.47818468955442],[84.34023103589074,27.47788143266292],[84.34145281287181,27.477176929914766],[84.3418408070428,27.477065410891896],[84.34209944165953,27.476949448296576],[84.34248735133937,27.476610560388504],[84.34287084498031,27.476133429838193],[84.343236441539,27.475848107581708],[84.34446273024669,27.475143569556508],[84.34497997539678,27.474800178192858],[84.34549280272192,27.474537067273406],[84.34594311777276,27.47434536395237],[84.34626865522198,27.47411797145739],[84.34637569622944,27.4740599748262],[84.3469954710838,27.4738548616165],[84.34749046784727,27.473471350759315],[84.34800768648876,27.47284261392451],[84.34826637434918,27.472691004671105],[84.34858740569236,27.47259737807492],[84.34884601077663,27.472485951167506],[84.34910469496548,27.472329874405244],[84.34942572175217,27.47202664639172],[84.34955506271868,27.4719507951746],[84.34987608705741,27.471857164504744],[84.35058504639807,27.47180370986491],[84.35090614537246,27.471705614304124],[84.35211005039463,27.471081342683235],[84.35234641566902,27.47092971262647],[84.35264520056144,27.470639861954304],[84.35279675870039,27.47041246025122],[84.3528814834619,27.4701850325021],[84.35299300545317,27.46960976845217],[84.35305542558369,27.46949833928234],[84.35305542558369,27.469382419266697],[84.35295288965322,27.469155003061363],[84.35264961332376,27.468811580016162],[84.3523776260843,27.468120499476182],[84.35239993068974,27.46754519145002],[84.35246235144723,27.467375800747142],[84.35263629480374,27.467090447049],[84.35295730239255,27.466747010039157],[84.35306882424064,27.466519679453764],[84.35349685757944,27.466002400591584],[84.35375552139563,27.465565431203757],[84.35386254883426,27.465431601086802],[84.35399179985272,27.465333500225785],[84.35418354975612,27.465279991989135],[84.35444221056376,27.465146222439746],[84.35521810595853,27.46491879089271],[84.35553909950978,27.464883189908907],[84.35605191537809,27.46488312100804],[84.35631056799944,27.464923321040747],[84.35650231037124,27.465039228204997],[84.35682337716564,27.46509722308964],[84.3574655055152,27.46511505981776],[84.35797830464729,27.46521313393652],[84.35819234401839,27.46519526217693],[84.35836619026766,27.465199789422613],[84.35900830183208,27.46502587141609],[84.35915992385803,27.464954479480106],[84.3601676789799,27.464611177716332],[84.36061804256514,27.4643659133277],[84.36096138834016,27.464116144201732],[84.36106840271303,27.464040357109777],[84.3619067019923,27.463353671067654],[84.36227242136262,27.462898850237323],[84.36262016952766,27.462096238756367],[84.3628564927164,27.46173505352438],[84.36311511551497,27.46160126123397],[84.36337381739726,27.4615254345623],[84.36348082739455,27.461507606960133],[84.36369484680682,27.46147195146432],[84.36406047487604,27.46143178966849],[84.36433698060117,27.461373827726433],[84.36465800476928,27.461413940541814],[84.36504151485975,27.461645826557202],[84.36549184124134,27.461779576245817],[84.36577275203808,27.461819764102113],[84.36594224439878,27.461859919351888],[84.36622315305044,27.461859916056582],[84.36658435372802,27.461958001867462],[84.36678055463463,27.46199369684245],[84.36692766477994,27.462029285773305],[84.36694996388663,27.462033758234256],[84.36712386454447,27.462015948201124],[84.36750735860174,27.461980249580936],[84.36821634679995,27.461752892475253],[84.36862213222742,27.461520978683726],[84.36926870410792,27.46078076655254],[84.36957189503035,27.460321517119326],[84.36967897399153,27.460209998149736],[84.3698706729195,27.46005839707831],[84.37025864076753,27.45986666175613],[84.37060201063662,27.459732876651323],[84.37070451590021,27.459688335250743],[84.3708784856932,27.459616934667356],[84.37100777964665,27.459523279404458],[84.37109696985128,27.45941184097456],[84.37139574001232,27.458742964494338],[84.37152944418192,27.458435311954236],[84.37160973070313,27.458332712668966],[84.37172121729954,27.45819001904308],[84.37227856691368,27.457735197727345],[84.37247482907925,27.457677285934043],[84.37324623652329,27.45767721333325],[84.37356729239609,27.457753032108062],[84.3743386855437,27.45808305811924],[84.37468652296498,27.458332687181628],[84.3748514984003,27.45844865610009],[84.3749986686104,27.45861812083667],[84.37510124643052,27.45873854129401],[84.37527512304698,27.458662664786488],[84.3755515761868,27.458742933727482],[84.37576563199175,27.45876522398119],[84.37598409803638,27.45857351660327],[84.3762115456717,27.45833269039942],[84.37628733462176,27.458252503048932],[84.37746008602579,27.457177866653957],[84.37783020001594,27.456665011843334],[84.37796396978756,27.4562637472873],[84.37816013282433,27.456058630430412],[84.37861501041954,27.45587134487402],[84.37931953446007,27.455857914620374],[84.3799660692002,27.455675125586176],[84.38022469714855,27.45564391656534],[84.38125919758828,27.455273812977726],[84.38142864542492,27.455157823481564],[84.38145542984667,27.45500626006979],[84.38206184514229,27.454573723334388],[84.3824498129335,27.454346305608006],[84.38283777816936,27.454181318665544],[84.38322566065936,27.45391825700844],[84.38389452541551,27.45357932426359],[84.38465704282092,27.45278559806217],[84.38485326375935,27.452500260548153],[84.3849647253008,27.45221928380734],[84.38535716447353,27.451875919593633],[84.38561576875145,27.45159505309089],[84.38633817077746,27.45064526073728],[84.38659677074725,27.450435666250467],[84.38694902618123,27.45004324874785],[84.38720770365329,27.449891623433953],[84.38759563754607,27.449780206678003],[84.38784982186488,27.44974451434145],[84.38862567863283,27.449525962377038],[84.38926778137967,27.44943681371659],[84.38959332030667,27.449347624689313],[84.38972257319419,27.449271805572188],[84.38978503463056,27.449271814523836],[84.38991436727848,27.449195998373455],[84.39043161484805,27.44901322137342],[84.39081952749754,27.448821494600672],[84.39127438750307,27.448678812971885],[84.39185408236276,27.44839787405828],[84.39295099694328,27.448161552570703],[84.39385170078569,27.448018811696876],[84.39496653721551,27.447996580044205],[84.39533213161839,27.44799651819425],[84.39554619570778,27.448001002186217],[84.39597424137717,27.447947441144294],[84.3961258484897,27.447876174083657],[84.39625516720398,27.447724516428842],[84.39629974321073,27.44749264112069],[84.39643355120081,27.447229600657376],[84.3967189644708,27.44692637517229],[84.39684828188143,27.446850550007206],[84.39729860569878,27.446739104186317],[84.39768655325578,27.44670339988177],[84.39813695082678,27.44653845018404],[84.39878351945315,27.446181644076326],[84.39906443186561,27.445994438659657],[84.39917586649779,27.44588287891351],[84.39945685720495,27.44569567536457],[84.40001867425725,27.445205139530344],[84.4004734631549,27.444866265471777],[84.40092832870238,27.444621002655996],[84.40170417338157,27.444322239729942],[84.40248008799007,27.44391199843602],[84.40305975261128,27.443769270449014],[84.40344774233378,27.443751503538216],[84.4047987923515,27.44355527093996],[84.40499053729303,27.443559738212716],[84.40531166057293,27.44371579093515],[84.40633273437437,27.443978846020826],[84.40691244117276,27.443947668714205],[84.40738513204539,27.443894159406828],[84.40764371967812,27.443858513902615],[84.40790238633014,27.44378714136745],[84.40822341354834,27.443635551201147],[84.40880310170161,27.443510663525938],[84.40925790281293,27.443323426762213],[84.4093872728069,27.44330556052601],[84.41041733315012,27.442975562388934],[84.41054662043874,27.44301575280254],[84.410996999665,27.443037977790436],[84.41157666046219,27.442989002389552],[84.41189325928524,27.443162903803362],[84.41208498108506,27.443220865870117],[84.41221434485573,27.443225327879542],[84.41259778573459,27.44338135767167],[84.4131730225109,27.443448231883405],[84.41336922850006,27.44350619298967],[84.41413176467272,27.444050226674285],[84.41425655549207,27.44409032318445],[84.41457762814808,27.44432665669038],[84.41485413714202,27.44432672969791],[84.41498341466865,27.444250882882674],[84.41509489927563,27.44408142644308],[84.4152732261187,27.443510715252998],[84.4155765007291,27.44324763301927],[84.41596440783248,27.44313612473713],[84.41635239251964,27.443082590512336],[84.41660653272179,27.443104900460572],[84.41666896560857,27.44308256426536],[84.41686515992228,27.443011266211947],[84.41744933102241,27.442730378030642],[84.41783281787778,27.442681304376713],[84.41822071008086,27.442569788268578],[84.41860419189972,27.442627813864185],[84.41879597194115,27.442708011563678],[84.41995978206197,27.442034731372615],[84.42034774035686,27.44190543502306],[84.42138225656625,27.441133982499455],[84.42170777799912,27.440848633822476],[84.42209564460767,27.440585515229788],[84.42261741731956,27.440170794690516],[84.4227021218055,27.440135141457922],[84.42358946807632,27.439359212849304],[84.42399967988551,27.439096173905565],[84.42432526694076,27.438966873372035],[84.42470870889271,27.438855335314493],[84.42490046899626,27.438859863971416],[84.4254801528549,27.43890444239049],[84.42592601030772,27.43906051857236],[84.42643885437575,27.439122881522277],[84.42675994056042,27.4390114396047],[84.42695610115848,27.438899924761625],[84.42733960605482,27.438886553536666],[84.42753135756321,27.438949052416053],[84.428235856681,27.439029239309615],[84.42842760526102,27.4389936541304],[84.42888241468208,27.438806341847044],[84.4293328135612,27.438681471263475],[84.43055458624472,27.438561099814883],[84.43074632724783,27.438485312751755],[84.43093806762433,27.438467410584455],[84.43125912919183,27.438547656282115],[84.43138396373672,27.4386279382364],[84.43195917673482,27.43882417078315],[84.43236051646564,27.43913629676154],[84.43268157024883,27.43923440473485],[84.43294020675788,27.439158601678823],[84.43326125736853,27.438975768448547],[84.43358679304163,27.43886430828978],[84.43416647121586,27.43860120035433],[84.43480855725693,27.438418382118456],[84.43551753578676,27.43831138661616],[84.43583865240942,27.43818205685853],[84.43618644664834,27.43793676684483],[84.43636038305334,27.43774502615591],[84.43786754323392,27.43700037006422],[84.43799685019701,27.43688894326393],[84.43823759753158,27.43675962136865],[84.43849628965562,27.436532213655866],[84.43882179627188,27.436175434311863],[84.4392186026563,27.435609151715898],[84.43978044001233,27.435100801239184],[84.4401684275034,27.434953662491697],[84.44105574997118,27.434449773274327],[84.44196989597242,27.433508946590354],[84.44231773395443,27.43318787920695],[84.44240241000016,27.433129876761388],[84.44242476061056,27.433112095506473],[84.4426432193538,27.432942568422234],[84.44300883751903,27.432701800979586],[84.44359298871548,27.432327238797978],[84.44426629345202,27.43185902406371],[84.44452495897357,27.43163159518433],[84.44476575960677,27.431502347387074],[84.44559069053605,27.43077098930056],[84.44574232980949,27.43056145540521],[84.44715136272053,27.4293039859276],[84.44773995836279,27.428871414966117],[84.44799860855163,27.428742153184462],[84.44832414250247,27.428519155874103],[84.44884135647958,27.428238291275136],[84.44910000180617,27.428050958235104],[84.44994273389108,27.427564953062006],[84.45061164034882,27.427096692637278],[84.45065625520068,27.427020920910564],[84.45222135794174,27.425723286393556],[84.45286797185562,27.425295217898196],[84.45326035801517,27.424956395154428],[84.45384897237226,27.42427855062111],[84.45408973468393,27.423823728587422],[84.45420122507977,27.423480360215834],[84.45441523478507,27.42222292602651],[84.45463372891686,27.421772573913174],[84.45485670742492,27.421487139956035],[84.45537842896431,27.42092088393735],[84.4566893599623,27.41920414250351],[84.45686331560887,27.418994571143894],[84.45709966059704,27.418807218454855],[84.45712192551117,27.418731447251336],[84.4572110651725,27.41863778036351],[84.45740287916772,27.418579812734233],[84.45766148668669,27.41860213139026],[84.45833478991004,27.41881171655843],[84.45874948381916,27.41894099999671],[84.45907055323477,27.41882954816903],[84.45945400823878,27.418780516971083],[84.4598419455405,27.418802777875904],[84.46048407062655,27.41871361094633],[84.46176829966517,27.418669010788474],[84.46228107044946,27.418695765803438],[84.46349398811178,27.418820663049324],[84.46362331859902,27.41886080919154],[84.46413607312931,27.41890533577168],[84.46458195690846,27.418985628303396],[84.46484061278778,27.41899006738229],[84.46516164878884,27.418954450308192],[84.465224110066,27.418914308468228],[84.46567446991645,27.418900876824235],[84.46580379558418,27.418941020830378],[84.46612482630024,27.418945515652474],[84.46695426093785,27.419030179762863],[84.46740460746992,27.41901683132785],[84.46836774805404,27.418909782195737],[84.46920163498238,27.41894100406334],[84.46971442069523,27.418887503237954],[84.47022720191234,27.418891983298142],[84.4714445188291,27.41907479046114],[84.47169874053434,27.41917740703765],[84.47246572272373,27.419373568448833],[84.47278671687684,27.419378046512506],[84.47310778933557,27.419324543830292],[84.47355816855408,27.419328955796214],[84.47490031808483,27.419592075441358],[84.47541313389172,27.41965452120777],[84.47566733834228,27.419636696676747],[84.4767553209007,27.419819437679337],[84.47707637156509,27.419823908177555],[84.47771854766516,27.419926480798345],[84.47835615325945,27.419935417685082],[84.47854789793098,27.419993383750974],[84.47929701711686,27.4199978778374],[84.47942631265957,27.41992650891114],[84.47962253711323,27.419641127895012],[84.47986335349411,27.419471687880467],[84.48005509322074,27.419378036888908],[84.48031368066576,27.419324550202127],[84.48096030438612,27.41899012787516],[84.48211967791678,27.418539700949065],[84.48309170226824,27.418017984690508],[84.48341279817734,27.4179065625517],[84.48380073667978,27.417661260392116],[84.48431795732508,27.417456171842485],[84.48450968243405,27.417344643317765],[84.48489769370423,27.417233177656954],[84.48517859400373,27.417086034451206],[84.48543723882456,27.416858674188376],[84.48576272461324,27.416666918799674],[84.48634244665384,27.416506368264315],[84.48692208289182,27.416167478794744],[84.4873099980891,27.416020352304127],[84.48763555348962,27.41585084067546],[84.4880859008014,27.415685892722877],[84.48841145187677,27.41547635170647],[84.48892871174125,27.415217724613196],[84.48967777787077,27.415017018090605],[84.49008808721703,27.414811885883385],[84.49053841561545,27.41474056206579],[84.49130987307973,27.414669208092583],[84.49188505770384,27.414678120103364],[84.49278136110657,27.414740515805867],[84.49316483516753,27.414802980546344],[84.49348587569712,27.414807410780273],[84.49374448372534,27.414731648996092],[84.49413243363898,27.41468260432263],[84.49516252539495,27.414325858711518],[84.49638876710027,27.413790807798378],[84.49735639216223,27.413496448456844],[84.49767740963723,27.413344866886852],[84.49812783955677,27.413233403288682],[84.4985157603345,27.413068370520236],[84.49898843275425,27.41292123599431],[84.5000006719506,27.412270235464742],[84.50022355749167,27.412189926241698],[84.50070069775155,27.412194405754605],[84.50203398077572,27.4118243317865],[84.50326912106325,27.411663748516286],[84.50350551852257,27.41156564815684],[84.50426800183529,27.411093043495686],[84.50464699906792,27.410303711206883],[84.50504832052206,27.40988909182618],[84.50595354433807,27.40879207408257],[84.50639494788469,27.408479987983107],[84.50691668961007,27.40798949592985],[84.50727342382659,27.40726708290806],[84.50858887239019,27.406107695731738],[84.50909275038588,27.40586693918076],[84.51132226022702,27.4051623896991],[84.51213385009372,27.404600593653967],[84.51371234921798,27.403873742704317],[84.51412705020456,27.40385141676233],[84.51434108052585,27.403918342385722],[84.51517495116258,27.40365074463807],[84.51557628015749,27.40371769005924],[84.51595080338689,27.40361506149983],[84.51635212703823,27.403222725184907],[84.51761408628927,27.402420049164864],[84.5194378903379,27.401483636973605],[84.5209985111534,27.40104665219644],[84.52273756966346,27.400707781173445],[84.52318348604496,27.400520446784938],[84.5241912252895,27.400538296867843],[84.52444097744886,27.400391169409737],[84.5251009515742,27.399824851395458],[84.52588571107087,27.399258588369847],[84.5269870763861,27.398901834215472],[84.52758910675375,27.39864767756897],[84.52828472165257,27.398139294291497],[84.5286815607891,27.397715720387655],[84.5293326078885,27.397185120983643],[84.53045182554277,27.395749219747042],[84.53072386769172,27.39546828275658],[84.53121883556145,27.395107151381705],[84.53176731071606,27.39491985858169],[84.53301581830074,27.39474152700719],[84.53332352183423,27.394795020257227],[84.534830661751,27.394683526449732],[84.53541037592676,27.39452299565775],[84.53622634903374,27.394170723043768],[84.53706470509078,27.3939388830535],[84.53754626247984,27.393738226532257],[84.53755961902225,27.39373374411124],[84.53755961902225,27.393831861982374],[84.53749723514517,27.394500699969516],[84.53719403255394,27.39541480277761],[84.53711821166421,27.395660081756432],[84.5371315683049,27.39571806183902],[84.53729656655354,27.396346807671264],[84.53728760883222,27.39669013345905],[84.53708254062072,27.39736348393248],[84.53673918571357,27.39788068013505],[84.53667232204843,27.397978774554367],[84.5365920215643,27.3992094956265],[84.53663657075096,27.399472608396355],[84.53677037806696,27.40028411158353],[84.53673918571357,27.400435783324657],[84.53669455662504,27.400654215942872],[84.53672582898278,27.400970869142498],[84.53686851390044,27.401528224854893],[84.53729208769305,27.40245576874311],[84.53796095369832,27.403142426276368],[84.53846041875303,27.4033208155096],[84.53959745554809,27.403570483587142],[84.54082820064535,27.403659654426853],[84.54166649037268,27.403561569830647],[84.54204996270762,27.403517030353935],[84.54293285915739,27.403414424268107],[84.54401198992522,27.403387650240617],[84.5441680119916,27.403383195205453],[84.54424382369024,27.40337426938072],[84.54558602625491,27.40318260946573],[84.54648230346558,27.403249476299955],[84.54801621050099,27.4035660284466],[84.54889469830015,27.40411453615262],[84.54902847740885,27.404399886684676],[84.54868511307613,27.40552802856131],[84.54864497114234,27.40566183802713],[84.54852454517454,27.406254845132615],[84.54854685518343,27.40647785412362],[84.54844434102172,27.40735633328226],[84.54837741085132,27.4079493659415],[84.54764165368229,27.409193440076844],[84.54732059163561,27.409608119766574],[84.54710212449172,27.409719600115245],[84.54597395093022,27.40970176469221],[84.54582681015013,27.409697274210902],[84.54526943110004,27.40975531707345],[84.54390490944361,27.410054025451938],[84.54287040107204,27.410419662781592],[84.54254491418922,27.410638201336656],[84.54236209692472,27.410763038023727],[84.54191616753786,27.411200075673655],[84.54166649037268,27.411342761798338],[84.54158171825344,27.411391812091995],[84.5414033765048,27.41144078218426],[84.53801893825218,27.411761850452947],[84.53767558887235,27.411797576180668],[84.53650284310791,27.412123086605597],[84.53625762164319,27.412252353781746],[84.53507149018186,27.41320216272212],[84.53467013557103,27.413679330564044],[84.53457647509899,27.41391119761265],[84.53462558487854,27.41415195343302],[84.53470580809375,27.414379361470782],[84.53495103609961,27.414531018844237],[84.53548619904242,27.41445964505856],[84.53607478461421,27.414183152496655],[84.53610597732384,27.41416980773889],[84.53740357922463,27.414481972849014],[84.53883047600422,27.415132994145157],[84.53942358641085,27.415783948756367],[84.5398694549359,27.41666690846287],[84.54023958319738,27.417398226134345],[84.54036890360118,27.41758099568794],[84.54046255474685,27.417710280486514],[84.54092177107671,27.418111620466167],[84.54153269432054,27.418548637731273],[84.54166649037268,27.41861998252572],[84.54183595426696,27.418704693160628],[84.54279906601923,27.418784926840644],[84.54318253088479,27.418878618170115],[84.54386036582447,27.419230853991355],[84.54425717869442,27.419065860104716],[84.54454259119406,27.418820657858138],[84.54500633353675,27.41828550530108],[84.54525607632839,27.41800012973285],[84.54557706981048,27.417696983452107],[84.54602305108591,27.417603326634392],[84.54654915585142,27.41758990455028],[84.54744102009808,27.417719237942975],[84.54833726870498,27.417853025626275],[84.5487162990215,27.41779945785934],[84.54876539686056,27.417795029129888],[84.54950553776024,27.4175542368748],[84.54976869492036,27.417518573758322],[84.55018785679658,27.41756315525476],[84.55049994731719,27.41775938856626],[84.55058470643125,27.41810276334252],[84.5501833789291,27.419155031352],[84.5501699453246,27.419190783696035],[84.55027701426468,27.420515105816847],[84.55015211380908,27.42161200303392],[84.55012988437845,27.422646512014],[84.54993365730915,27.42494297002808],[84.54984889724545,27.42529526728449],[84.54996036469984,27.426490256607117],[84.55100386242115,27.427988558944488],[84.55140518425638,27.428563786186423],[84.55207404782182,27.429772184469176],[84.5524664068823,27.43110988563757],[84.55298813558203,27.432465487689324],[84.55313086054805,27.433103164462704],[84.55317091942507,27.433825465469415],[84.55310407465679,27.434467653421894],[84.55304610514833,27.43503835313097],[84.5531397358705,27.435939099143113],[84.55345189049281,27.43693350543288],[84.55383536503307,27.43751765821221],[84.5543749116635,27.438128531489827],[84.55476733514001,27.438806301083797],[84.55519541591714,27.439073860658766],[84.55565019831452,27.439167528450287],[84.55577060951339,27.439189822130363],[84.55625664925876,27.43942166724093],[84.55717522848397,27.44049186165924],[84.55761664344807,27.440835247282806],[84.55803582865157,27.44125879748475],[84.55817854121466,27.441579910387354],[84.55835691143766,27.44209717487847],[84.55834347972322,27.442855152871626],[84.55833908243508,27.442975591021384],[84.55842375016091,27.444157285305163],[84.55872700191861,27.445682243249454],[84.558998991734,27.446632060567236],[84.55918183661102,27.44700216725359],[84.55922644843503,27.44708690085172],[84.55965449634486,27.44875901373426],[84.55947613010773,27.449124692386576],[84.55933342073367,27.44924956523516],[84.55932454635763,27.449249576828755],[84.55887411003104,27.449445721773333],[84.55872252470935,27.449695409388454],[84.5587403535942,27.450943963512366],[84.55899011730686,27.451653022680436],[84.5593913839671,27.452388708425055],[84.55940481543915,27.452415496587697],[84.55997996734483,27.45316465387565],[84.56035012742905,27.45377556963888],[84.56047492600972,27.45489033398428],[84.56045709765748,27.455304957864772],[84.56019846601252,27.455831158227188],[84.56002010144643,27.456375224018636],[84.5599621388406,27.457093088649845],[84.5599889215691,27.45743645997334],[84.55990417617691,27.45779317311035],[84.55982390778573,27.458136570559684],[84.55986851911643,27.45833716527598],[84.55993095893216,27.458613673183926],[84.56038578419376,27.459826493422696],[84.56072915931604,27.460205511246826],[84.56122858861048,27.460651442958397],[84.56216939396283,27.46148976142455],[84.56250828161863,27.461828666767016],[84.56297651733492,27.46230580277936],[84.56379697999738,27.46276511927278],[84.56425185491341,27.462836431368526],[84.56455947304697,27.462711552800698],[84.56514360725545,27.46247523270727],[84.56536656318538,27.46247971403229],[84.56640554730755,27.46276064039111],[84.56696296337567,27.462907757977575],[84.56741333693913,27.46289437653796],[84.56876891309099,27.462171985916992],[84.56887147131422,27.461913427174885],[84.56887594774072,27.461895556110928],[84.56893829793113,27.46124897815851],[84.56899185509245,27.461133052685316],[84.56929505164227,27.46079859200122],[84.56997729803716,27.460272423704165],[84.57041877552365,27.460120842936295],[84.57175645657465,27.459880024650115],[84.57346881915333,27.45912641559307],[84.57367839485678,27.459121965220337],[84.57432941752647,27.459099741170686],[84.5752301267122,27.45859131850241],[84.57532819758397,27.458506598124853],[84.57539062076643,27.458337232300792],[84.57565821643882,27.45757470056562],[84.5756670883172,27.45724468251488],[84.57561361724584,27.456892409278513],[84.57555567021447,27.456468850141512],[84.5755600661982,27.45625479324109],[84.5756626923416,27.455996132190133],[84.57598815348913,27.45571521703419],[84.57628244168694,27.455608189014818],[84.57650991057419,27.455572535350843],[84.57691121594681,27.45551013211307],[84.57722332266647,27.45517125057779],[84.57743296472597,27.454703048531705],[84.57744631209792,27.454667385427015],[84.5777049467944,27.454288366578098],[84.57785656245676,27.453900366323566],[84.57800370200093,27.45371311120674],[84.57817313979669,27.45371754643565],[84.5793369722547,27.453998494569653],[84.57936374604056,27.454002928792058],[84.57993893988086,27.45401185682733],[84.5808575438571,27.454145604169653],[84.58211498631984,27.454029662159133],[84.58311379209162,27.4539360151998],[84.58333228355441,27.453980673104102],[84.58404577151873,27.454123327372848],[84.58433114826184,27.454288325369188],[84.58454963513489,27.45441320659824],[84.5847235289996,27.454582634961035],[84.584741429809,27.45471644240284],[84.58457193129837,27.455202475847276],[84.5844782713712,27.455652766179902],[84.58446940084124,27.456071949281288],[84.58458535694105,27.456228051679496],[84.58502680312618,27.456205775254382],[84.58546377080256,27.455956050043685],[84.58559307040856,27.45593819381272],[84.5864759440612,27.456161107690438],[84.58691745575393,27.456223608699588],[84.5874302443872,27.456156652286474],[84.58786279888704,27.455857969364008],[84.58850487226047,27.454899247189594],[84.58895971321134,27.45450681250533],[84.58941007574995,27.454216940761746],[84.59074779805076,27.453873625494964],[84.59110010266679,27.45378444419543],[84.59189379899901,27.453409856409873],[84.59237985572355,27.453271622708982],[84.59278560568947,27.45306648905382],[84.59320477645755,27.452981766895647],[84.5941322788779,27.452963984394415],[84.59573308050494,27.453423241427707],[84.59577766421422,27.453445515003207],[84.59608982911652,27.453615012257377],[84.59661148511084,27.454020788099236],[84.59718674741373,27.454239236873033],[84.59771734192253,27.45432846813742],[84.59874743720637,27.454181331021246],[84.59952329226319,27.45419472331561],[84.60021445043782,27.453900366689698],[84.60082986268175,27.453423235709234],[84.60106618307923,27.45323600383628],[84.60142289882235,27.452879212633228],[84.60160568982253,27.45256715585403],[84.60161016372088,27.452317443574408],[84.60169045415942,27.45211229469436],[84.60241282342336,27.45139886845075],[84.60312623610815,27.450957400918835],[84.60342054623628,27.450877110709175],[84.6035498856372,27.450899441213416],[84.60374161738575,27.451162455903557],[84.60387982362711,27.451710990692902],[84.60409831663573,27.452014169521213],[84.60441938402404,27.4522772661113],[84.60548514881333,27.4529193484221],[84.60565458611083,27.452999689414497],[84.60657757529063,27.45344997211181],[84.60897660723327,27.45405203374048],[84.60953401323479,27.453953926046303],[84.60978819114412,27.45380676662319],[84.61009580722654,27.45350800307374],[84.61028759715767,27.453106671143296],[84.61062644311976,27.452629534410693],[84.6109743133231,27.452281752716427],[84.61100993894794,27.4522505179337],[84.611388959091,27.452005249792414],[84.61217822362184,27.451782331071122],[84.61290956771832,27.45168421706625],[84.61329744152323,27.45170203869599],[84.61413580237189,27.45173768142179],[84.61445242100821,27.451710939505624],[84.61510338475448,27.451461226705835],[84.6155671220636,27.451327494390654],[84.61617358516929,27.451158076047943],[84.61744447733541,27.45115355142106],[84.61764063567789,27.45118925502792],[84.61834515491879,27.451318526247913],[84.61931729909747,27.45119374089792],[84.61970073727184,27.451189216544755],[84.61987021277967,27.45120262542578],[84.62015557263186,27.451336376299967],[84.62055242254361,27.451372034569633],[84.62180540893371,27.451162452735055],[84.62221566442719,27.450926125809403],[84.6225411833571,27.450886037904464],[84.62329028521272,27.450917204805958],[84.62342413223992,27.45101536455875],[84.62380754315913,27.451595043084044],[84.62393244464616,27.45170206010593],[84.62406173816441,27.451657452194553],[84.62397253445239,27.450796858531064],[84.62400823192576,27.450542710222724],[84.62401717625566,27.450484713163213],[84.62418663910181,27.450141366728854],[84.62448539402075,27.44975341024938],[84.62499816917675,27.44952602140262],[84.62501597766992,27.44951705765158],[84.62506061866675,27.449539414306027],[84.6251452687628,27.449592883716928],[84.62525235894239,27.449744512467095],[84.62551093978044,27.449820310787846],[84.62568487027967,27.449820303591743],[84.62653654718696,27.44962408746745],[84.62698693664862,27.449637485431317],[84.62715639078135,27.449673131197326],[84.62732584441684,27.449655348828593],[84.62753985678034,27.449691010825024],[84.62771378116915,27.449735583648728],[84.62790551263627,27.449784593722793],[84.62844061654104,27.450163626328774],[84.6289756356338,27.45011907242254],[84.62914955569804,27.45015917611528],[84.62934128239777,27.450252856224687],[84.62976937124425,27.45036429193256],[84.63026437246518,27.45058729923355],[84.63043381697987,27.4506050719027],[84.63060326099725,27.45048918531666],[84.63071026120446,27.45026171872774],[84.63098223248024,27.449534903488118],[84.63106256197777,27.449151485835877],[84.63123200414978,27.448843773302332],[84.63172244141293,27.448571718209067],[84.63223531200347,27.448549439243187],[84.63285062294068,27.44831755957061],[84.63312713543937,27.448027716566955],[84.63327421431713,27.447702253068535],[84.63348828447873,27.44735890269734],[84.63382268267985,27.44691742640557],[84.63427309515066,27.44668554462278],[84.63444252789854,27.446476014162762],[84.63461196014902,27.446395678371722],[84.6348661075921,27.446168315500262],[84.63497317974247,27.44612820191843],[84.63522732559485,27.44595426726066],[84.6355038267072,27.445610895160993],[84.63574455645535,27.445374615308957],[84.63579813166236,27.44532109902157],[84.63590512223988,27.44514713907742],[84.63686379686871,27.444433703144668],[84.63696639415113,27.444299957776174],[84.63709565848303,27.4442062811343],[84.6372874386322,27.444183981161267],[84.63771554838911,27.44433113366998],[84.63774229516332,27.444335645094146],[84.63805886425051,27.444348959902744],[84.63844233766838,27.44421518445984],[84.63865638865937,27.444059179319154],[84.63875890291465,27.443983326440105],[84.63910229240696,27.443791631335888],[84.64006099375354,27.443631053881347],[84.64031519703458,27.443626602149013],[84.64057379024054,27.443568619961017],[84.64074320448795,27.443568687301163],[84.6408279912619,27.44358650430128],[84.64105983694533,27.443724687019877],[84.64108658216912,27.443738132594895],[84.6413853294677,27.444023447247886],[84.64155929197338,27.444134926861388],[84.64181340881638,27.44426869105167],[84.64189811418193,27.444268723986923],[84.64200517328312,27.444094849019415],[84.64219693711233,27.443885267068893],[84.64230391582409,27.443653401095236],[84.64246893408964,27.443559749668708],[84.64264281349287,27.443461613008033],[84.64278547723984,27.443492817334466],[84.64289700539615,27.44351961079691],[84.6432403702556,27.443724700805834],[84.64358365323778,27.443836149388236],[84.64375313847765,27.443796098246104],[84.6440073254873,27.44358649433674],[84.64424362898886,27.44347055634799],[84.64449781383662,27.443104858093097],[84.6448813242817,27.442873047720056],[84.64513542648778,27.4426411889664],[84.64522020680506,27.44250737716891],[84.64514883807169,27.441936645987457],[84.64514883807169,27.441450583068065],[84.64514883807169,27.441249903062193],[84.6452514206193,27.440714786212222],[84.64539854842154,27.44040716387238],[84.64541195994427,27.440358088488072],[84.6454787780199,27.440099478275293],[84.6454787780199,27.43987208096182],[84.64552340319096,27.439796235123087],[84.64550560102491,27.439600053301362],[84.64549666002462,27.43948855816283],[84.6455323441871,27.439332489726684],[84.64558135998055,27.439105093940185],[84.6455680283275,27.438966892953427],[84.64553681468465,27.438650286933477],[84.64544756432873,27.43849416461567],[84.64534059144822,27.438115145879816],[84.6454208211272,27.43781192410956],[84.64544317365471,27.437428479269585],[84.64550560102491,27.437352689259086],[84.64560810310762,27.43696918814796],[84.64560810310762,27.43658568897269],[84.64566605981207,27.436358275068887],[84.6458132663863,27.4359747873505],[84.64602729002475,27.435684999006636],[84.64629926893679,27.435506619799572],[84.6464063198679,27.435435219058114],[84.64672739164004,27.43516766927344],[84.64708853537547,27.434802024839378],[84.6472758119391,27.434534528505942],[84.64744975667645,27.434418600133366],[84.64759687886934,27.434168864591516],[84.64761028988073,27.433254753989363],[84.6476949867318,27.433098680640843],[84.64807400561173,27.432621573764465],[84.64815870178157,27.432389637629008],[84.64813195983753,27.431934871356006],[84.6480427933255,27.43139979549964],[84.64806059470823,27.43118575770622],[84.64808294621236,27.430864667943204],[84.64833264385516,27.430102203064795],[84.64868938710848,27.429526924033436],[84.64881870499481,27.429143447020067],[84.64892120118752,27.429027546045695],[84.64911294201822,27.428951698554158],[84.64947862082698,27.42894729454814],[84.64981747632953,27.42886698208161],[84.65020542152627,27.4288446638988],[84.65163680495834,27.4292415161672],[84.65168142536284,27.429254929772377],[84.65227449829888,27.42936198190783],[84.6522789682736,27.42936197427496],[84.65228782840104,27.429366423761177],[84.65288089509683,27.429531375923553],[84.65330896892061,27.42973647728784],[84.65390649495615,27.42996396634136],[84.65449954499366,27.430133378918267],[84.65476262418647,27.43020920952405],[84.65561882051286,27.430583748209152],[84.65596218941873,27.430771036372406],[84.6563902403518,27.430940474352475],[84.65699220404348,27.431279367930934],[84.65706802771666,27.431341778400604],[84.65737571117685,27.431582562670393],[84.65778148368662,27.431845682626115],[84.65816937527056,27.43218898434087],[84.6585974896161,27.43241640945182],[84.65868217032056,27.432434301088026],[84.65894084076848,27.432376279635726],[84.65898098606247,27.4323361746534],[84.65958739208988,27.432202357035514],[84.65968547954051,27.432180103721187],[84.66045245539232,27.431850117703117],[84.66079132617304,27.431809990352416],[84.66121942103045,27.431881302813775],[84.66173226873376,27.43189920053716],[84.6620756011986,27.432090940454927],[84.66243233917845,27.432345115199556],[84.662548218691,27.432425315790827],[84.66294956542062,27.43242536759622],[84.66329289062773,27.43255911225383],[84.66337764423409,27.432554664937534],[84.663636293593,27.432688480607187],[84.66389047271659,27.432764222515647],[84.66414903996727,27.432764268496303],[84.6642961993285,27.43268401758924],[84.66431854453484,27.432492219625235],[84.66427393391785,27.432189028802494],[84.66435860627593,27.43203740820253],[84.66450576510151,27.43189916442817],[84.66461278221081,27.431747592456112],[84.66472426813026,27.431448842145663],[84.66484469183364,27.431136671579257],[84.6649472393215,27.430940428301387],[84.66503199049268,27.43052127468268],[84.66485809883075,27.430066509636664],[84.66483128483338,27.42960717269037],[84.66491603617527,27.42947342390127],[84.66513006866973,27.429393132113418],[84.6664098578501,27.429232624431428],[84.66651687141994,27.429196945065065],[84.66666849358694,27.429205859973692],[84.66673089796282,27.42921038647383],[84.66694492370995,27.429250456118123],[84.6669493925463,27.429268319502544],[84.66713668435783,27.429705277835563],[84.66725263420247,27.43020027527348],[84.66738191042282,27.430753147334787],[84.66740417463147,27.43106084891813],[84.6677742859137,27.43212661297266],[84.66790364076182,27.43235404710078],[84.66803738427197,27.43273748567995],[84.66841196020545,27.434320511859326],[84.66843422401567,27.43436505632519],[84.66858137242293,27.434605855217427],[84.66869285065671,27.43506510651315],[84.66871519415648,27.435595745490506],[84.66867505564889,27.435747368134866],[84.6686393858185,27.43581874180719],[84.66857251480168,27.435961391496562],[84.66831388761992,27.436228967914897],[84.66829601269616,27.436380545984726],[84.66842536637176,27.436607975400015],[84.66868846175394,27.436844350636235],[84.6688132660582,27.43695133476799],[84.66889801153765,27.437085115415126],[84.66896488217627,27.437388344269703],[84.66894708725258,27.438003671944458],[84.66882220344046,27.438458542037967],[84.66865279193185,27.43876615465202],[84.66863491711334,27.43881077470571],[84.66856804609134,27.43899809869437],[84.66833615146807,27.439377130959134],[84.6683406201964,27.439760537055978],[84.66862151099582,27.44044730163858],[84.66868399305261,27.440643492328203],[84.6688623418454,27.44120982467226],[84.66899608312785,27.442048049157602],[84.66900502048172,27.442079306056854],[84.66906295365253,27.442275500236796],[84.6691254352301,27.44242263491704],[84.66920124292787,27.44260995026458],[84.66954014201475,27.443399170789814],[84.66967388172216,27.443934306902918],[84.66993250279265,27.444429263543913],[84.67014651663493,27.444656697589203],[84.6704052153773,27.44477262857301],[84.67117659673461,27.444937605458012],[84.67194804754537,27.44524080671749],[84.67239840151204,27.445370120713925],[84.67278188582829,27.44546373368644],[84.67304049293065,27.44548163842991],[84.67349091813824,27.44561095170238],[84.67381638705461,27.44553955207792],[84.6739367917351,27.445512781242027],[84.67425786965111,27.44535677628019],[84.6745788659851,27.44533890410082],[84.6747082055379,27.445374572212263],[84.67549748168892,27.445874023537254],[84.67554655177544,27.445905201261308],[84.67599687757404,27.446012254483282],[84.6760370109743,27.44601226531033],[84.67631347588318,27.446012259789637],[84.67670140218162,27.446065734271215],[84.67696007145159,27.446141533692863],[84.67710719805591,27.446235151482522],[84.677187463279,27.446368930799082],[84.67738812584666,27.44669448817079],[84.67753971936995,27.44680596704851],[84.67777604489716,27.44707346421751],[84.67790537726104,27.44714933691184],[84.6781640411163,27.447225133870987],[84.67886853917817,27.44727413481865],[84.67912719870147,27.44739013767082],[84.67927878764078,27.447483744283957],[84.67996548053083,27.44813026328896],[84.68022413512013,27.44827744705678],[84.68048278854596,27.44837110943116],[84.68086621896673,27.44837105944893],[84.68105801299937,27.44840677721174],[84.68163761961344,27.448384442378412],[84.6818204757113,27.448348785147164],[84.68182941107293,27.448344300462793],[84.68214597727375,27.448192753481973],[84.68227529980945,27.44822841405694],[84.68246708914175,27.448228389500557],[84.68272565269889,27.448148168195942],[84.68291744052881,27.448148142939274],[84.68319833993525,27.44828187237607],[84.68332319253953,27.448433517643732],[84.68345697998132,27.44866091467572],[84.68351936614766,27.448888363275547],[84.68347923796915,27.44927184621025],[84.68346591508858,27.44932092841214],[84.68329199935839,27.449958521570064],[84.68331872497498,27.450284057512224],[84.68346591508858,27.450511426793344],[84.68366208820969,27.450627365093865],[84.68385379313837,27.450605087856413],[84.68400098188197,27.450547162983117],[84.68421502316016,27.450373215395544],[84.68438446861617,27.450181486886088],[84.68445132125284,27.45016365959327],[84.6845494461038,27.450163641577525],[84.6847500829809,27.450159215460054],[84.68498645864968,27.450292943916114],[84.6852450906505,27.450538223378768],[84.6854367902999,27.450917213428387],[84.68550818888232,27.45101982335063],[84.68574001428256,27.45137657225586],[84.68638658362573,27.45198292845186],[84.6865828265526,27.45228623035818],[84.68763518775957,27.453120043136256],[84.68778675426577,27.453218106130155],[84.6880231174458,27.453365319761303],[84.6881300908098,27.453516903622806],[84.68813902519064,27.453557003652687],[84.68819701886098,27.45382457513393],[84.68819701886098,27.454051967222068],[84.68811676900725,27.454435435934],[84.68796512359997,27.45464508616069],[84.6877555635069,27.454818937890632],[84.68758612798902,27.455033003209053],[84.68743448118147,27.455336199146174],[84.68729176848629,27.455795467209494],[84.68729176848629,27.456254802784844],[84.68735869751379,27.456482236471476],[84.6875102647492,27.456749790375028],[84.68763957521669,27.456843431693247],[84.68783134665121,27.456883517754147],[84.68821927501328,27.456879065437075],[84.68892380940076,27.45675870911324],[84.68917803634383,27.456776508961198],[84.69007871019608,27.457039580015117],[84.69059153996949,27.457093121662766],[84.6909126046543,27.45718672461737],[84.69110875235772,27.45728040237343],[84.69117120998526,27.457280364592005],[84.69168849692134,27.457583618774322],[84.69213885581799,27.457712958888116],[84.69258921118406,27.457975960834577],[84.69304402982834,27.458332766576206],[84.69418114044694,27.459224507510655],[84.69420786099955,27.4594563947252],[84.69383776029888,27.461057263980816],[84.69375305157038,27.461284646272436],[84.69360588780434,27.461516534196964],[84.69354343282383,27.46155668906602],[84.6933918815032,27.46174391552523],[84.6932669710089,27.461899989799164],[84.69303509621024,27.462056107992076],[84.69275416511766,27.46216756448414],[84.69247769950411,27.462212181130344],[84.69239298876995,27.462247826044234],[84.69213438893873,27.462270159406312],[84.69145214881894,27.462122979827132],[84.69056920496816,27.46181976250547],[84.69018575950177,27.461654723136025],[84.68984243524025,27.461578945658353],[84.6890709851607,27.46150761098532],[84.68851362976513,27.461681538780542],[84.68836645257768,27.461797448949945],[84.68821927501328,27.46210509292926],[84.68822374219694,27.46233255598573],[84.6882683342433,27.462484172875364],[84.68844223491641,27.462809659662057],[84.68885249483192,27.463224368684347],[84.68962833515013,27.46369702845202],[84.6899494052174,27.463826370659596],[84.69128272420122,27.46454429799],[84.69145214881894,27.46473157250137],[84.69182226488994,27.46497677804323],[84.6932669710089,27.46624766850929],[84.69348552431377,27.466626661698015],[84.69383776029888,27.467010109790756],[84.69460914637067,27.467839494009993],[84.69477864093966,27.468066969502996],[84.6951710687985,27.46844595395964],[84.6953003620241,27.468673419493314],[84.6953449485779,27.46882503048306],[84.6953449485779,27.469052406917033],[84.69528249548836,27.469284289194416],[84.69469393359877,27.470354484869354],[84.69446206456053,27.470528375927824],[84.69407409858617,27.470746900356083],[84.69401611084803,27.470778109886645],[84.69382436005637,27.47083604030541],[84.69356576666885,27.47097424884237],[84.69327143780009,27.471259672537713],[84.69322684963667,27.47133543617003],[84.69295485311386,27.471545052912298],[84.69284780896784,27.471852693480976],[84.69285227579164,27.472004295947713],[84.69287460990539,27.472236180160046],[84.69302616259074,27.472650943344888],[84.69339626852074,27.472994233781865],[84.69365494243492,27.47318149763459],[84.69416774028454,27.473426754121643],[84.69468500023727,27.473614107156745],[84.69494358858584,27.473765718478447],[84.69532708205601,27.473877138231128],[84.6954563749304,27.473877138188445],[84.69584433156766,27.473970768799582],[84.69609852788562,27.473966312527722],[84.6962902710848,27.474024343696545],[84.6968565638174,27.47410455694591],[84.69706617047198,27.474131281985812],[84.69744964976836,27.474340880357097],[84.6976413884562,27.47435870646883],[84.69789996349304,27.474434551456284],[84.69837268541902,27.474657543367158],[84.6985019714364,27.474768947400964],[84.69873829052948,27.47490273124745],[84.69895682301353,27.475147960779687],[84.69897907499718,27.475339725229],[84.6989167056162,27.47558500630782],[84.69864465628359,27.4758971002168],[84.69847078649525,27.47600860291285],[84.6981363648212,27.476129015596467],[84.69808731401835,27.476146806985412],[84.6976413884562,27.476490172201228],[84.69704830448559,27.47682017133555],[84.69681197843718,27.477069917351994],[84.69670940800349,27.477297318018998],[84.69664695639776,27.477529190926198],[84.69664695639776,27.477756557527215],[84.69669600843098,27.47790815269845],[84.69702158525449,27.47851462357934],[84.69712854186304,27.478822258480477],[84.6972623769211,27.479049705959604],[84.69745411623427,27.479254874576235],[84.69754328596296,27.47941094089038],[84.69758340431989,27.479486704853944],[84.69780632788007,27.479941505536644],[84.69784652581099,27.48009311987423],[84.69780632788007,27.480244717139303],[84.6977439572252,27.480320517761722],[84.69738273249655,27.48070407621119],[84.69721332537166,27.480860143588696],[84.69719545943106,27.480877957509954],[84.69710628916225,27.48091807638638],[84.69685209730503,27.481167762617897],[84.69653999889225,27.481778669087124],[84.69641509524439,27.482086332217637],[84.69641509524439,27.482389540000362],[84.69631252410181,27.482848850117197],[84.69629473764088,27.48330816526141],[84.69619216628334,27.483687160142384],[84.69610746102725,27.483838759416074],[84.6953494152075,27.484757346895147],[84.69496592188644,27.48508733326423],[84.69477417426566,27.48531919282754],[84.69460914637067,27.48562246338762],[84.69454677224338,27.485849860498217],[84.6945734926259,27.486384917742004],[84.69464041317114,27.486612316525616],[84.69464041317114,27.486768383349443],[84.69477417426566,27.48722326607384],[84.69491240171227,27.488213158033936],[84.69506402878262,27.488592158068094],[84.69513086899477,27.488899861847585],[84.69522450897021,27.48966239562299],[84.69529142875692,27.48988979063736],[84.6952513087988,27.490045848234214],[84.69531814879299,27.490500680470703],[84.69532261542469,27.4905096048776],[84.69545198807022,27.490959934958145],[84.6954117884631,27.49118736512981],[84.69518438896536,27.491954388925624],[84.69503722886664,27.492239746935603],[84.6947518408905,27.492707980155046],[84.69455123893505,27.493029001850935],[84.69404729820828,27.493697864897044],[84.69385562728404,27.49400555553169],[84.69375305157038,27.494313239479233],[84.6937351845533,27.49476805603716],[84.69361482133368,27.495459181562815],[84.69350777841753,27.495691119744404],[84.69343646953853,27.4959764960675],[84.69336508080701,27.496244002919077],[84.69304402982834,27.496810287756404],[84.69267392162885,27.497470285461578],[84.69223250067121,27.49816142154733],[84.69212545517915,27.49838879888255],[84.69204521081211,27.498696519266456],[84.69166616234645,27.499351967702218],[84.69159931810256,27.499463495837123],[84.69149673835986,27.499713194097815],[84.69130051221423,27.500003009208655],[84.69135850269369,27.500003072329676],[84.69096612855522,27.50043111451543],[84.69078776853662,27.50082799632277],[84.69054248272299,27.501073242485358],[84.69045330212532,27.501122282876484],[84.68989149308447,27.501438820450925],[84.68976210791544,27.50155037702049],[84.68960607954358,27.501849130468504],[84.6893161974866,27.502187986081733],[84.68869191707267,27.50324479484581],[84.68866072680511,27.503307207197714],[84.6883709197499,27.50398058492114],[84.68826386706311,27.504109871066376],[84.68797852520915,27.504332857922876],[84.6879339329379,27.504408604671912],[84.68736763201456,27.50481436698237],[84.68730963750723,27.504872363023118],[84.68690830114912,27.505242512204926],[84.68664074202002,27.505545670704425],[84.68642670977464,27.505893475130506],[84.6862171440718,27.50621902820012],[84.68595404908518,27.506580235450645],[84.68492399429981,27.507743996605843],[84.68396978906858,27.508823095263295],[84.68378693980678,27.50919771215641],[84.68372008639746,27.509429546310145],[84.6837111513297,27.509808558437214],[84.68359076711175,27.510374917206963],[84.68351497837604,27.51071824023281],[84.68312255068219,27.51185534995844],[84.68297535968945,27.51261334506967],[84.68283271570115,27.513068176853213],[84.6828639091315,27.51367906939558],[84.68292190812456,27.513910924008663],[84.68291297293274,27.5141428163491],[84.68305122891488,27.51460210306899],[84.6830467613292,27.51475377691417],[84.68314927637756,27.5150613739666],[84.68324740345106,27.515672311712635],[84.6832608061603,27.51575258522206],[84.68329199935839,27.515814958580126],[84.68330093449129,27.515828339943795],[84.683296466925,27.515837280193864],[84.68325187102116,27.5160557524221],[84.68324293588063,27.516363474427152],[84.68334106279426,27.51674691234886],[84.68331872497498,27.51731323660047],[84.68328753179141,27.518044550256292],[84.68319833993525,27.51831651809644],[84.68303782615679,27.518802630344904],[84.68298429487157,27.519261916896006],[84.68284603872846,27.519640889882],[84.6828148452884,27.520100222276163],[84.68272118508791,27.520403455887564],[84.68263207213198,27.52055502287645],[84.68251607350258,27.52100986794902],[84.68244921861535,27.521085649138683],[84.6823555578192,27.5213130506013],[84.68205678364656,27.52229851831184],[84.6817669432926,27.52280683651867],[84.6814726337695,27.523569353643545],[84.68129432406835,27.523868100099282],[84.68110253082395,27.52470642156623],[84.68109814286787,27.524880329554193],[84.6810892073926,27.525241536221856],[84.68116946705804,27.525549251877415],[84.68117840252083,27.526008492222665],[84.6813968422415,27.526699636375252],[84.68161089321534,27.527546910198932],[84.68162876400231,27.527774270882926],[84.6818115403483,27.528238084546892],[84.68182941107293,27.528389706491502],[84.68204792809999,27.529009483741294],[84.68212371876972,27.529392939252485],[84.68243134808341,27.530008342684564],[84.68282378049547,27.530628140016393],[84.6832608061603,27.531096375542184],[84.68367549082224,27.531680488099152],[84.68400098188197,27.532295849397904],[84.68419715317712,27.532991479682853],[84.68425068333295,27.53345070767622],[84.68421502316016,27.534137491843172],[84.68363983029263,27.53580513385336],[84.6836353627527,27.536036991705025],[84.68354170388898,27.536340288776916],[84.68351497837604,27.53672374901568],[84.68369328119003,27.537240956668775],[84.68389838857527,27.537628882781533],[84.68408570498787,27.537860820205825],[84.68431314841449,27.538226465668046],[84.68440672624489,27.538690156283494],[84.6843978710603,27.538993380029194],[84.68446919115686,27.539684582305316],[84.68469216560834,27.540224116092844],[84.68472335802973,27.54068336839192],[84.68490173687137,27.54122298455638],[84.68504437572568,27.54153064319066],[84.68508011515945,27.54166891528942],[84.68512470964497,27.54183833621049],[84.6851603692534,27.542146021657192],[84.68514696698706,27.542676622088493],[84.68532534451411,27.543291965153756],[84.6853921960565,27.544036655508638],[84.68547244971472,27.54426852026849],[84.68540559826566,27.54445583630585],[84.68516483667483,27.544683225901068],[84.68444685377595,27.545106834142047],[84.6842284256438,27.54531194265258],[84.68411689773833,27.54546352666697],[84.68400991690467,27.545610729317623],[84.68387166322816,27.54591391670337],[84.6837111513297,27.546520339340045],[84.6833989815281,27.54704658148135],[84.68328306422409,27.547349724860346],[84.68324293588063,27.548192570491935],[84.68342131931618,27.548807898386723],[84.68341238420197,27.54911110263218],[84.68318940478639,27.54948570799582],[84.6830600843069,27.549619461795306],[84.68224410605974,27.550707471499432],[84.68212818642714,27.551086514863176],[84.6821638478944,27.551318367417515],[84.68236896073635,27.55162607620278],[84.68277024901094,27.551920375190257],[84.68289510254495,27.55205409376987],[84.68306455189155,27.552134414432587],[84.6833365952311,27.552352872295046],[84.68350157572605,27.552566886488332],[84.68358183202389,27.552798742438558],[84.683563961844,27.553561327415938],[84.68372455393082,27.55400271431639],[84.68391179113273,27.554082997988345],[84.68442906364139,27.55407407099862],[84.68506671287439,27.55419895489904],[84.6856686957628,27.55456010779543],[84.68569542027443,27.554578005371337],[84.68588719819627,27.554658191735413],[84.68622161141109,27.554930280995734],[84.68651589662153,27.5552825496559],[84.6868860444891,27.555897845944894],[84.68696629606144,27.55618327767477],[84.6870822059378,27.556589018118334],[84.68726504471695,27.5569724847414],[84.68753260093958,27.557360431740328],[84.68819701886098,27.558194298047205],[84.68826386706311,27.558270073612565],[84.68871871994894,27.55877848085885],[84.6889639337781,27.559242190107923],[84.68903979509888,27.55951423283624],[84.68939652543479,27.56077615437638],[84.6894187811225,27.56080736472846],[84.68945890515421,27.56085193686193],[84.68983796818243,27.561931013398272],[84.69004305363941,27.5622565575602],[84.69050682645414,27.562573120869903],[84.69095272764282,27.562773806018605],[84.69148333757124,27.56295664396208],[84.69160817217752,27.563090349095468],[84.69192037715548,27.563308884948864],[84.69198275413476,27.56338466557882],[84.69244651129166,27.56370131047354],[84.69266052111483,27.563799389377618],[84.69278543292789,27.563839511508707],[84.69446206456053,27.56335795640937],[84.69542518833528,27.56341589537459],[84.69581314518321,27.56329100761739],[84.6962679382992,27.563072578070408],[84.69710628916225,27.562880806199516],[84.69734261399944,27.562733619582673],[84.69751648720396,27.562528510571806],[84.69789557681953,27.561962227501912],[84.69794016135842,27.5618463170169],[84.69855995464513,27.561039241160046],[84.69884085733908,27.56085641903056],[84.69974608523337,27.560530898979206],[84.70009389631424,27.560437241064168],[84.70013401288902,27.5604238543147],[84.70086527810369,27.560134034461832],[84.7011239183747,27.56008047050858],[84.70131564479237,27.560084995861448],[84.70170364159442,27.55994222837576],[84.70228327920785,27.559821840489917],[84.70273810082624,27.559639014538856],[84.70319291884067,27.559380459005343],[84.70356303899429,27.559005892888024],[84.70397773661118,27.55876509698689],[84.7042318969196,27.55871599959018],[84.70473582800894,27.5584484984848],[84.70475361185481,27.55843952992419],[84.70479819106758,27.558426132559596],[84.70520402778223,27.55833252191696],[84.70530211718433,27.5582790077707],[84.70533329841444,27.558261171639963],[84.70559191855226,27.558247783176952],[84.7058461514586,27.558270126959428],[84.70616721060232,27.558354842487656],[84.70654616334575,27.558515342370118],[84.70657295788943,27.55853314942354],[84.70724178073395,27.55896569274634],[84.70762527179932,27.559090551952497],[84.70793746943268,27.559326918676327],[84.70825405124948,27.559482990156642],[84.70833427296394,27.559523098094722],[84.70863306995315,27.559665812170834],[84.70946246865276,27.559928876741004],[84.7094847165635,27.559942224019473],[84.70977904205438,27.560125130167066],[84.7099039166235,27.56016523637643],[84.71068425691196,27.560677993160603],[84.71139322027165,27.561320111620862],[84.71194174186566,27.56175270600288],[84.71229394434519,27.562122746077943],[84.71269087721657,27.562452779340333],[84.71308326235494,27.563019017678215],[84.71333291709819,27.56330889822751],[84.71366294448876,27.563848476466628],[84.71410436013157,27.56425868726377],[84.71460828424071,27.564535174977024],[84.71494268966241,27.564829428384556],[84.71541088586983,27.565217342951804]]]},"id":"00000000000000000192","properties":{"DISTRICT":"CHITAWAN","GaPa_NaPa":"Chitawan National Park","Province":"Bagmati","STATE_CODE":3,"Type_GN":"National Park"}}]}